[2026-08-11 11:47:42] local.ERROR: The "-f" option does not exist. {"exception":"[object] (Symfony\\Component\\Console\\Exception\\RuntimeException(code: 0): The \"-f\" option does not exist. at D:/projetos/estudo/loop-lab/vendor/symfony/console/Input/ArgvInput.php:128)
[stacktrace]
#0 D:/projetos/estudo/loop-lab/vendor/symfony/console/Input/ArgvInput.php(110): Symfony/Component/Console/Input/ArgvInput->parseShortOptionSet('force')
#1 D:/projetos/estudo/loop-lab/vendor/symfony/console/Input/ArgvInput.php(90): Symfony/Component/Console/Input/ArgvInput->parseShortOption('-force')
#2 D:/projetos/estudo/loop-lab/vendor/symfony/console/Input/ArgvInput.php(77): Symfony/Component/Console/Input/ArgvInput->parseToken('-force', true)
#3 D:/projetos/estudo/loop-lab/vendor/symfony/console/Input/Input.php(53): Symfony/Component/Console/Input/ArgvInput->parse()
#4 D:/projetos/estudo/loop-lab/vendor/symfony/console/Command/Command.php(295): Symfony/Component/Console/Input/Input->bind(Object(Symfony/Component/Console/Input/InputDefinition))
#5 D:/projetos/estudo/loop-lab/vendor/laravel/framework/src/Illuminate/Console/Command.php(261): Symfony/Component/Console/Command/Command->run(Object(Symfony/Component/Console/Input/ArgvInput), Object(Illuminate/Console/OutputStyle))
#6 D:/projetos/estudo/loop-lab/vendor/symfony/console/Application.php(1117): Illuminate/Console/Command->run(Object(Symfony/Component/Console/Input/ArgvInput), Object(Symfony/Component/Console/Output/ConsoleOutput))
#7 D:/projetos/estudo/loop-lab/vendor/symfony/console/Application.php(356): Symfony/Component/Console/Application->doRunCommand(Object(Illuminate/Database/Console/Migrations/MigrateCommand), Object(Symfony/Component/Console/Input/ArgvInput), Object(Symfony/Component/Console/Output/ConsoleOutput))
#8 D:/projetos/estudo/loop-lab/vendor/symfony/console/Application.php(195): Symfony/Component/Console/Application->doRun(Object(Symfony/Component/Console/Input/ArgvInput), Object(Symfony/Component/Console/Output/ConsoleOutput))
#9 D:/projetos/estudo/loop-lab/vendor/laravel/framework/src/Illuminate/Foundation/Console/Kernel.php(198): Symfony/Component/Console/Application->run(Object(Symfony/Component/Console/Input/ArgvInput), Object(Symfony/Component/Console/Output/ConsoleOutput))
#10 D:/projetos/estudo/loop-lab/vendor/laravel/framework/src/Illuminate/Foundation/Application.php(1242): Illuminate/Foundation/Console/Kernel->handle(Object(Symfony/Component/Console/Input/ArgvInput), Object(Symfony/Component/Console/Output/ConsoleOutput))
#11 D:/projetos/estudo/loop-lab/artisan(16): Illuminate/Foundation/Application->handleCommand(Object(Symfony/Component/Console/Input/ArgvInput))
#12 {main}
"} 
[2026-08-11 11:47:47] local.ERROR: The "-f" option does not exist. {"exception":"[object] (Symfony\\Component\\Console\\Exception\\RuntimeException(code: 0): The \"-f\" option does not exist. at D:/projetos/estudo/loop-lab/vendor/symfony/console/Input/ArgvInput.php:211)
[stacktrace]
#0 D:/projetos/estudo/loop-lab/vendor/symfony/console/Input/ArgvInput.php(113): Symfony/Component/Console/Input/ArgvInput->addShortOption('f', NULL)
#1 D:/projetos/estudo/loop-lab/vendor/symfony/console/Input/ArgvInput.php(90): Symfony/Component/Console/Input/ArgvInput->parseShortOption('-f')
#2 D:/projetos/estudo/loop-lab/vendor/symfony/console/Input/ArgvInput.php(77): Symfony/Component/Console/Input/ArgvInput->parseToken('-f', true)
#3 D:/projetos/estudo/loop-lab/vendor/symfony/console/Input/Input.php(53): Symfony/Component/Console/Input/ArgvInput->parse()
#4 D:/projetos/estudo/loop-lab/vendor/symfony/console/Command/Command.php(295): Symfony/Component/Console/Input/Input->bind(Object(Symfony/Component/Console/Input/InputDefinition))
#5 D:/projetos/estudo/loop-lab/vendor/laravel/framework/src/Illuminate/Console/Command.php(261): Symfony/Component/Console/Command/Command->run(Object(Symfony/Component/Console/Input/ArgvInput), Object(Illuminate/Console/OutputStyle))
#6 D:/projetos/estudo/loop-lab/vendor/symfony/console/Application.php(1117): Illuminate/Console/Command->run(Object(Symfony/Component/Console/Input/ArgvInput), Object(Symfony/Component/Console/Output/ConsoleOutput))
#7 D:/projetos/estudo/loop-lab/vendor/symfony/console/Application.php(356): Symfony/Component/Console/Application->doRunCommand(Object(Illuminate/Database/Console/Migrations/MigrateCommand), Object(Symfony/Component/Console/Input/ArgvInput), Object(Symfony/Component/Console/Output/ConsoleOutput))
#8 D:/projetos/estudo/loop-lab/vendor/symfony/console/Application.php(195): Symfony/Component/Console/Application->doRun(Object(Symfony/Component/Console/Input/ArgvInput), Object(Symfony/Component/Console/Output/ConsoleOutput))
#9 D:/projetos/estudo/loop-lab/vendor/laravel/framework/src/Illuminate/Foundation/Console/Kernel.php(198): Symfony/Component/Console/Application->run(Object(Symfony/Component/Console/Input/ArgvInput), Object(Symfony/Component/Console/Output/ConsoleOutput))
#10 D:/projetos/estudo/loop-lab/vendor/laravel/framework/src/Illuminate/Foundation/Application.php(1242): Illuminate/Foundation/Console/Kernel->handle(Object(Symfony/Component/Console/Input/ArgvInput), Object(Symfony/Component/Console/Output/ConsoleOutput))
#11 D:/projetos/estudo/loop-lab/artisan(16): Illuminate/Foundation/Application->handleCommand(Object(Symfony/Component/Console/Input/ArgvInput))
#12 {main}
"} 
[2026-08-12 19:50:46] local.ERROR: syntax error, unexpected identifier "texto", expecting "]" {"exception":"[object] (ParseError(code: 0): syntax error, unexpected identifier \"texto\", expecting \"]\" at D:/projetos/estudo/loop-lab/database/seeders/StringsExpandedSeeder.php:533)
[stacktrace]
#0 D:/projetos/estudo/loop-lab/vendor/composer/ClassLoader.php(427): Composer/Autoload/{closure}('D://projetos//est...')
#1 [internal function]: Composer/Autoload/ClassLoader->loadClass('Database//Seeder...')
#2 D:/projetos/estudo/loop-lab/vendor/laravel/framework/src/Illuminate/Container/Container.php(1003): ReflectionClass->__construct('Database//Seeder...')
#3 D:/projetos/estudo/loop-lab/vendor/laravel/framework/src/Illuminate/Container/Container.php(989): Illuminate/Container/Container->getConcreteBindingFromAttributes('Database//Seeder...')
#4 D:/projetos/estudo/loop-lab/vendor/laravel/framework/src/Illuminate/Container/Container.php(930): Illuminate/Container/Container->getConcrete('Database//Seeder...')
#5 D:/projetos/estudo/loop-lab/vendor/laravel/framework/src/Illuminate/Foundation/Application.php(1085): Illuminate/Container/Container->resolve('Database//Seeder...', Array, true)
#6 D:/projetos/estudo/loop-lab/vendor/laravel/framework/src/Illuminate/Container/Container.php(865): Illuminate/Foundation/Application->resolve('Database//Seeder...', Array)
#7 D:/projetos/estudo/loop-lab/vendor/laravel/framework/src/Illuminate/Foundation/Application.php(1065): Illuminate/Container/Container->make('Database//Seeder...', Array)
#8 D:/projetos/estudo/loop-lab/vendor/laravel/framework/src/Illuminate/Database/Console/Seeds/SeedCommand.php(100): Illuminate/Foundation/Application->make('Database//Seeder...')
#9 D:/projetos/estudo/loop-lab/vendor/laravel/framework/src/Illuminate/Database/Console/Seeds/SeedCommand.php(72): Illuminate/Database/Console/Seeds/SeedCommand->getSeeder()
#10 D:/projetos/estudo/loop-lab/vendor/laravel/framework/src/Illuminate/Database/Eloquent/Concerns/GuardsAttributes.php(188): Illuminate/Database/Console/Seeds/SeedCommand->Illuminate/Database/Console/Seeds/{closure}()
#11 D:/projetos/estudo/loop-lab/vendor/laravel/framework/src/Illuminate/Database/Console/Seeds/SeedCommand.php(71): Illuminate/Database/Eloquent/Model::unguarded(Object(Closure))
#12 D:/projetos/estudo/loop-lab/vendor/laravel/framework/src/Illuminate/Container/BoundMethod.php(36): Illuminate/Database/Console/Seeds/SeedCommand->handle()
#13 D:/projetos/estudo/loop-lab/vendor/laravel/framework/src/Illuminate/Container/Util.php(43): Illuminate/Container/BoundMethod::Illuminate/Container/{closure}()
#14 D:/projetos/estudo/loop-lab/vendor/laravel/framework/src/Illuminate/Container/BoundMethod.php(96): Illuminate/Container/Util::unwrapIfClosure(Object(Closure))
#15 D:/projetos/estudo/loop-lab/vendor/laravel/framework/src/Illuminate/Container/BoundMethod.php(35): Illuminate/Container/BoundMethod::callBoundMethod(Object(Illuminate/Foundation/Application), Array, Object(Closure))
#16 D:/projetos/estudo/loop-lab/vendor/laravel/framework/src/Illuminate/Container/Container.php(800): Illuminate/Container/BoundMethod::call(Object(Illuminate/Foundation/Application), Array, Array, NULL)
#17 D:/projetos/estudo/loop-lab/vendor/laravel/framework/src/Illuminate/Console/Command.php(292): Illuminate/Container/Container->call(Array)
#18 D:/projetos/estudo/loop-lab/vendor/symfony/console/Command/Command.php(341): Illuminate/Console/Command->execute(Object(Symfony/Component/Console/Input/ArgvInput), Object(Laravel/Pao/Laravel/PaoOutputStyle))
#19 D:/projetos/estudo/loop-lab/vendor/laravel/framework/src/Illuminate/Console/Command.php(261): Symfony/Component/Console/Command/Command->run(Object(Symfony/Component/Console/Input/ArgvInput), Object(Laravel/Pao/Laravel/PaoOutputStyle))
#20 D:/projetos/estudo/loop-lab/vendor/symfony/console/Application.php(1117): Illuminate/Console/Command->run(Object(Symfony/Component/Console/Input/ArgvInput), Object(Symfony/Component/Console/Output/ConsoleOutput))
#21 D:/projetos/estudo/loop-lab/vendor/symfony/console/Application.php(356): Symfony/Component/Console/Application->doRunCommand(Object(Illuminate/Database/Console/Seeds/SeedCommand), Object(Symfony/Component/Console/Input/ArgvInput), Object(Symfony/Component/Console/Output/ConsoleOutput))
#22 D:/projetos/estudo/loop-lab/vendor/symfony/console/Application.php(195): Symfony/Component/Console/Application->doRun(Object(Symfony/Component/Console/Input/ArgvInput), Object(Symfony/Component/Console/Output/ConsoleOutput))
#23 D:/projetos/estudo/loop-lab/vendor/laravel/framework/src/Illuminate/Foundation/Console/Kernel.php(198): Symfony/Component/Console/Application->run(Object(Symfony/Component/Console/Input/ArgvInput), Object(Symfony/Component/Console/Output/ConsoleOutput))
#24 D:/projetos/estudo/loop-lab/vendor/laravel/framework/src/Illuminate/Foundation/Application.php(1242): Illuminate/Foundation/Console/Kernel->handle(Object(Symfony/Component/Console/Input/ArgvInput), Object(Symfony/Component/Console/Output/ConsoleOutput))
#25 D:/projetos/estudo/loop-lab/artisan(16): Illuminate/Foundation/Application->handleCommand(Object(Symfony/Component/Console/Input/ArgvInput))
#26 {main}
"} 
[2026-08-12 19:51:00] local.ERROR: SQLSTATE[HY000]: General error: 1 table exercise_tests has no column named test_type (Connection: sqlite, Database: D:\projetos\estudo\loop-lab\database\database.sqlite, SQL: insert into "exercise_tests" ("exercise_id", "expected_output", "test_type", "updated_at", "created_at") values (85, 7, output, 2026-08-12 19:51:00, 2026-08-12 19:51:00)) {"exception":"[object] (Illuminate\\Database\\QueryException(code: HY000): SQLSTATE[HY000]: General error: 1 table exercise_tests has no column named test_type (Connection: sqlite, Database: D:\\projetos\\estudo\\loop-lab\\database\\database.sqlite, SQL: insert into \"exercise_tests\" (\"exercise_id\", \"expected_output\", \"test_type\", \"updated_at\", \"created_at\") values (85, 7, output, 2026-08-12 19:51:00, 2026-08-12 19:51:00)) at D:/projetos/estudo/loop-lab/vendor/laravel/framework/src/Illuminate/Database/Connection.php:857)
[stacktrace]
#0 D:/projetos/estudo/loop-lab/vendor/laravel/framework/src/Illuminate/Database/Connection.php(813): Illuminate/Database/Connection->runQueryCallback('insert into \"ex...', Array, Object(Closure))
#1 D:/projetos/estudo/loop-lab/vendor/laravel/framework/src/Illuminate/Database/Connection.php(590): Illuminate/Database/Connection->run('insert into \"ex...', Array, Object(Closure))
#2 D:/projetos/estudo/loop-lab/vendor/laravel/framework/src/Illuminate/Database/Connection.php(554): Illuminate/Database/Connection->statement('insert into \"ex...', Array)
#3 D:/projetos/estudo/loop-lab/vendor/laravel/framework/src/Illuminate/Database/Query/Processors/Processor.php(32): Illuminate/Database/Connection->insert('insert into \"ex...', Array)
#4 D:/projetos/estudo/loop-lab/vendor/laravel/framework/src/Illuminate/Database/Query/Builder.php(4257): Illuminate/Database/Query/Processors/Processor->processInsertGetId(Object(Illuminate/Database/Query/Builder), 'insert into \"ex...', Array, 'id')
#5 D:/projetos/estudo/loop-lab/vendor/laravel/framework/src/Illuminate/Database/Eloquent/Builder.php(2281): Illuminate/Database/Query/Builder->insertGetId(Array, 'id')
#6 D:/projetos/estudo/loop-lab/vendor/laravel/framework/src/Illuminate/Database/Eloquent/Model.php(1685): Illuminate/Database/Eloquent/Builder->__call('insertGetId', Array)
#7 D:/projetos/estudo/loop-lab/vendor/laravel/framework/src/Illuminate/Database/Eloquent/Model.php(1601): Illuminate/Database/Eloquent/Model->insertAndSetId(Object(Illuminate/Database/Eloquent/Builder), Array)
#8 D:/projetos/estudo/loop-lab/vendor/laravel/framework/src/Illuminate/Database/Eloquent/Model.php(1405): Illuminate/Database/Eloquent/Model->performInsert(Object(Illuminate/Database/Eloquent/Builder))
#9 D:/projetos/estudo/loop-lab/vendor/laravel/framework/src/Illuminate/Database/Eloquent/Builder.php(1235): Illuminate/Database/Eloquent/Model->save()
#10 D:/projetos/estudo/loop-lab/vendor/laravel/framework/src/Illuminate/Support/helpers.php(393): Illuminate/Database/Eloquent/Builder->Illuminate/Database/Eloquent/{closure}(Object(App/Models/ExerciseTest))
#11 D:/projetos/estudo/loop-lab/vendor/laravel/framework/src/Illuminate/Database/Eloquent/Builder.php(1234): tap(Object(App/Models/ExerciseTest), Object(Closure))
#12 D:/projetos/estudo/loop-lab/vendor/laravel/framework/src/Illuminate/Database/Eloquent/Builder.php(731): Illuminate/Database/Eloquent/Builder->create(Array)
#13 D:/projetos/estudo/loop-lab/vendor/laravel/framework/src/Illuminate/Database/Eloquent/Builder.php(2005): Illuminate/Database/Eloquent/Builder->Illuminate/Database/Eloquent/{closure}()
#14 D:/projetos/estudo/loop-lab/vendor/laravel/framework/src/Illuminate/Database/Eloquent/Builder.php(731): Illuminate/Database/Eloquent/Builder->withSavepointIfNeeded(Object(Closure))
#15 D:/projetos/estudo/loop-lab/vendor/laravel/framework/src/Illuminate/Database/Eloquent/Builder.php(716): Illuminate/Database/Eloquent/Builder->createOrFirst(Array, Array)
#16 D:/projetos/estudo/loop-lab/vendor/laravel/framework/src/Illuminate/Database/Eloquent/Builder.php(746): Illuminate/Database/Eloquent/Builder->firstOrCreate(Array, Array)
#17 D:/projetos/estudo/loop-lab/vendor/laravel/framework/src/Illuminate/Support/Traits/ForwardsCalls.php(23): Illuminate/Database/Eloquent/Builder->updateOrCreate(Array, Array)
#18 D:/projetos/estudo/loop-lab/vendor/laravel/framework/src/Illuminate/Database/Eloquent/Model.php(2842): Illuminate/Database/Eloquent/Model->forwardCallTo(Object(Illuminate/Database/Eloquent/Builder), 'updateOrCreate', Array)
#19 D:/projetos/estudo/loop-lab/vendor/laravel/framework/src/Illuminate/Database/Eloquent/Model.php(2858): Illuminate/Database/Eloquent/Model->__call('updateOrCreate', Array)
#20 D:/projetos/estudo/loop-lab/database/seeders/StringsExpandedSeeder.php(693): Illuminate/Database/Eloquent/Model::__callStatic('updateOrCreate', Array)
#21 D:/projetos/estudo/loop-lab/database/seeders/StringsExpandedSeeder.php(70): Database/Seeders/StringsExpandedSeeder->exercise(Object(App/Models/Lesson), Array)
#22 D:/projetos/estudo/loop-lab/database/seeders/StringsExpandedSeeder.php(17): Database/Seeders/StringsExpandedSeeder->createLengthLesson(Object(App/Models/Module))
#23 D:/projetos/estudo/loop-lab/vendor/laravel/framework/src/Illuminate/Container/BoundMethod.php(36): Database/Seeders/StringsExpandedSeeder->run()
#24 D:/projetos/estudo/loop-lab/vendor/laravel/framework/src/Illuminate/Container/Util.php(43): Illuminate/Container/BoundMethod::Illuminate/Container/{closure}()
#25 D:/projetos/estudo/loop-lab/vendor/laravel/framework/src/Illuminate/Container/BoundMethod.php(96): Illuminate/Container/Util::unwrapIfClosure(Object(Closure))
#26 D:/projetos/estudo/loop-lab/vendor/laravel/framework/src/Illuminate/Container/BoundMethod.php(35): Illuminate/Container/BoundMethod::callBoundMethod(Object(Illuminate/Foundation/Application), Array, Object(Closure))
#27 D:/projetos/estudo/loop-lab/vendor/laravel/framework/src/Illuminate/Container/Container.php(800): Illuminate/Container/BoundMethod::call(Object(Illuminate/Foundation/Application), Array, Array, NULL)
#28 D:/projetos/estudo/loop-lab/vendor/laravel/framework/src/Illuminate/Database/Seeder.php(184): Illuminate/Container/Container->call(Array, Array)
#29 D:/projetos/estudo/loop-lab/vendor/laravel/framework/src/Illuminate/Database/Seeder.php(191): Illuminate/Database/Seeder->Illuminate/Database/{closure}()
#30 D:/projetos/estudo/loop-lab/vendor/laravel/framework/src/Illuminate/Database/Console/Seeds/SeedCommand.php(72): Illuminate/Database/Seeder->__invoke()
#31 D:/projetos/estudo/loop-lab/vendor/laravel/framework/src/Illuminate/Database/Eloquent/Concerns/GuardsAttributes.php(188): Illuminate/Database/Console/Seeds/SeedCommand->Illuminate/Database/Console/Seeds/{closure}()
#32 D:/projetos/estudo/loop-lab/vendor/laravel/framework/src/Illuminate/Database/Console/Seeds/SeedCommand.php(71): Illuminate/Database/Eloquent/Model::unguarded(Object(Closure))
#33 D:/projetos/estudo/loop-lab/vendor/laravel/framework/src/Illuminate/Container/BoundMethod.php(36): Illuminate/Database/Console/Seeds/SeedCommand->handle()
#34 D:/projetos/estudo/loop-lab/vendor/laravel/framework/src/Illuminate/Container/Util.php(43): Illuminate/Container/BoundMethod::Illuminate/Container/{closure}()
#35 D:/projetos/estudo/loop-lab/vendor/laravel/framework/src/Illuminate/Container/BoundMethod.php(96): Illuminate/Container/Util::unwrapIfClosure(Object(Closure))
#36 D:/projetos/estudo/loop-lab/vendor/laravel/framework/src/Illuminate/Container/BoundMethod.php(35): Illuminate/Container/BoundMethod::callBoundMethod(Object(Illuminate/Foundation/Application), Array, Object(Closure))
#37 D:/projetos/estudo/loop-lab/vendor/laravel/framework/src/Illuminate/Container/Container.php(800): Illuminate/Container/BoundMethod::call(Object(Illuminate/Foundation/Application), Array, Array, NULL)
#38 D:/projetos/estudo/loop-lab/vendor/laravel/framework/src/Illuminate/Console/Command.php(292): Illuminate/Container/Container->call(Array)
#39 D:/projetos/estudo/loop-lab/vendor/symfony/console/Command/Command.php(341): Illuminate/Console/Command->execute(Object(Symfony/Component/Console/Input/ArgvInput), Object(Laravel/Pao/Laravel/PaoOutputStyle))
#40 D:/projetos/estudo/loop-lab/vendor/laravel/framework/src/Illuminate/Console/Command.php(261): Symfony/Component/Console/Command/Command->run(Object(Symfony/Component/Console/Input/ArgvInput), Object(Laravel/Pao/Laravel/PaoOutputStyle))
#41 D:/projetos/estudo/loop-lab/vendor/symfony/console/Application.php(1117): Illuminate/Console/Command->run(Object(Symfony/Component/Console/Input/ArgvInput), Object(Symfony/Component/Console/Output/ConsoleOutput))
#42 D:/projetos/estudo/loop-lab/vendor/symfony/console/Application.php(356): Symfony/Component/Console/Application->doRunCommand(Object(Illuminate/Database/Console/Seeds/SeedCommand), Object(Symfony/Component/Console/Input/ArgvInput), Object(Symfony/Component/Console/Output/ConsoleOutput))
#43 D:/projetos/estudo/loop-lab/vendor/symfony/console/Application.php(195): Symfony/Component/Console/Application->doRun(Object(Symfony/Component/Console/Input/ArgvInput), Object(Symfony/Component/Console/Output/ConsoleOutput))
#44 D:/projetos/estudo/loop-lab/vendor/laravel/framework/src/Illuminate/Foundation/Console/Kernel.php(198): Symfony/Component/Console/Application->run(Object(Symfony/Component/Console/Input/ArgvInput), Object(Symfony/Component/Console/Output/ConsoleOutput))
#45 D:/projetos/estudo/loop-lab/vendor/laravel/framework/src/Illuminate/Foundation/Application.php(1242): Illuminate/Foundation/Console/Kernel->handle(Object(Symfony/Component/Console/Input/ArgvInput), Object(Symfony/Component/Console/Output/ConsoleOutput))
#46 D:/projetos/estudo/loop-lab/artisan(16): Illuminate/Foundation/Application->handleCommand(Object(Symfony/Component/Console/Input/ArgvInput))
#47 {main}

[previous exception] [object] (PDOException(code: HY000): SQLSTATE[HY000]: General error: 1 table exercise_tests has no column named test_type at D:/projetos/estudo/loop-lab/vendor/laravel/framework/src/Illuminate/Database/Connection.php:595)
[stacktrace]
#0 D:/projetos/estudo/loop-lab/vendor/laravel/framework/src/Illuminate/Database/Connection.php(595): PDO->prepare('insert into \"ex...')
#1 D:/projetos/estudo/loop-lab/vendor/laravel/framework/src/Illuminate/Database/Connection.php(846): Illuminate/Database/Connection->Illuminate/Database/{closure}('insert into \"ex...', Array)
#2 D:/projetos/estudo/loop-lab/vendor/laravel/framework/src/Illuminate/Database/Connection.php(813): Illuminate/Database/Connection->runQueryCallback('insert into \"ex...', Array, Object(Closure))
#3 D:/projetos/estudo/loop-lab/vendor/laravel/framework/src/Illuminate/Database/Connection.php(590): Illuminate/Database/Connection->run('insert into \"ex...', Array, Object(Closure))
#4 D:/projetos/estudo/loop-lab/vendor/laravel/framework/src/Illuminate/Database/Connection.php(554): Illuminate/Database/Connection->statement('insert into \"ex...', Array)
#5 D:/projetos/estudo/loop-lab/vendor/laravel/framework/src/Illuminate/Database/Query/Processors/Processor.php(32): Illuminate/Database/Connection->insert('insert into \"ex...', Array)
#6 D:/projetos/estudo/loop-lab/vendor/laravel/framework/src/Illuminate/Database/Query/Builder.php(4257): Illuminate/Database/Query/Processors/Processor->processInsertGetId(Object(Illuminate/Database/Query/Builder), 'insert into \"ex...', Array, 'id')
#7 D:/projetos/estudo/loop-lab/vendor/laravel/framework/src/Illuminate/Database/Eloquent/Builder.php(2281): Illuminate/Database/Query/Builder->insertGetId(Array, 'id')
#8 D:/projetos/estudo/loop-lab/vendor/laravel/framework/src/Illuminate/Database/Eloquent/Model.php(1685): Illuminate/Database/Eloquent/Builder->__call('insertGetId', Array)
#9 D:/projetos/estudo/loop-lab/vendor/laravel/framework/src/Illuminate/Database/Eloquent/Model.php(1601): Illuminate/Database/Eloquent/Model->insertAndSetId(Object(Illuminate/Database/Eloquent/Builder), Array)
#10 D:/projetos/estudo/loop-lab/vendor/laravel/framework/src/Illuminate/Database/Eloquent/Model.php(1405): Illuminate/Database/Eloquent/Model->performInsert(Object(Illuminate/Database/Eloquent/Builder))
#11 D:/projetos/estudo/loop-lab/vendor/laravel/framework/src/Illuminate/Database/Eloquent/Builder.php(1235): Illuminate/Database/Eloquent/Model->save()
#12 D:/projetos/estudo/loop-lab/vendor/laravel/framework/src/Illuminate/Support/helpers.php(393): Illuminate/Database/Eloquent/Builder->Illuminate/Database/Eloquent/{closure}(Object(App/Models/ExerciseTest))
#13 D:/projetos/estudo/loop-lab/vendor/laravel/framework/src/Illuminate/Database/Eloquent/Builder.php(1234): tap(Object(App/Models/ExerciseTest), Object(Closure))
#14 D:/projetos/estudo/loop-lab/vendor/laravel/framework/src/Illuminate/Database/Eloquent/Builder.php(731): Illuminate/Database/Eloquent/Builder->create(Array)
#15 D:/projetos/estudo/loop-lab/vendor/laravel/framework/src/Illuminate/Database/Eloquent/Builder.php(2005): Illuminate/Database/Eloquent/Builder->Illuminate/Database/Eloquent/{closure}()
#16 D:/projetos/estudo/loop-lab/vendor/laravel/framework/src/Illuminate/Database/Eloquent/Builder.php(731): Illuminate/Database/Eloquent/Builder->withSavepointIfNeeded(Object(Closure))
#17 D:/projetos/estudo/loop-lab/vendor/laravel/framework/src/Illuminate/Database/Eloquent/Builder.php(716): Illuminate/Database/Eloquent/Builder->createOrFirst(Array, Array)
#18 D:/projetos/estudo/loop-lab/vendor/laravel/framework/src/Illuminate/Database/Eloquent/Builder.php(746): Illuminate/Database/Eloquent/Builder->firstOrCreate(Array, Array)
#19 D:/projetos/estudo/loop-lab/vendor/laravel/framework/src/Illuminate/Support/Traits/ForwardsCalls.php(23): Illuminate/Database/Eloquent/Builder->updateOrCreate(Array, Array)
#20 D:/projetos/estudo/loop-lab/vendor/laravel/framework/src/Illuminate/Database/Eloquent/Model.php(2842): Illuminate/Database/Eloquent/Model->forwardCallTo(Object(Illuminate/Database/Eloquent/Builder), 'updateOrCreate', Array)
#21 D:/projetos/estudo/loop-lab/vendor/laravel/framework/src/Illuminate/Database/Eloquent/Model.php(2858): Illuminate/Database/Eloquent/Model->__call('updateOrCreate', Array)
#22 D:/projetos/estudo/loop-lab/database/seeders/StringsExpandedSeeder.php(693): Illuminate/Database/Eloquent/Model::__callStatic('updateOrCreate', Array)
#23 D:/projetos/estudo/loop-lab/database/seeders/StringsExpandedSeeder.php(70): Database/Seeders/StringsExpandedSeeder->exercise(Object(App/Models/Lesson), Array)
#24 D:/projetos/estudo/loop-lab/database/seeders/StringsExpandedSeeder.php(17): Database/Seeders/StringsExpandedSeeder->createLengthLesson(Object(App/Models/Module))
#25 D:/projetos/estudo/loop-lab/vendor/laravel/framework/src/Illuminate/Container/BoundMethod.php(36): Database/Seeders/StringsExpandedSeeder->run()
#26 D:/projetos/estudo/loop-lab/vendor/laravel/framework/src/Illuminate/Container/Util.php(43): Illuminate/Container/BoundMethod::Illuminate/Container/{closure}()
#27 D:/projetos/estudo/loop-lab/vendor/laravel/framework/src/Illuminate/Container/BoundMethod.php(96): Illuminate/Container/Util::unwrapIfClosure(Object(Closure))
#28 D:/projetos/estudo/loop-lab/vendor/laravel/framework/src/Illuminate/Container/BoundMethod.php(35): Illuminate/Container/BoundMethod::callBoundMethod(Object(Illuminate/Foundation/Application), Array, Object(Closure))
#29 D:/projetos/estudo/loop-lab/vendor/laravel/framework/src/Illuminate/Container/Container.php(800): Illuminate/Container/BoundMethod::call(Object(Illuminate/Foundation/Application), Array, Array, NULL)
#30 D:/projetos/estudo/loop-lab/vendor/laravel/framework/src/Illuminate/Database/Seeder.php(184): Illuminate/Container/Container->call(Array, Array)
#31 D:/projetos/estudo/loop-lab/vendor/laravel/framework/src/Illuminate/Database/Seeder.php(191): Illuminate/Database/Seeder->Illuminate/Database/{closure}()
#32 D:/projetos/estudo/loop-lab/vendor/laravel/framework/src/Illuminate/Database/Console/Seeds/SeedCommand.php(72): Illuminate/Database/Seeder->__invoke()
#33 D:/projetos/estudo/loop-lab/vendor/laravel/framework/src/Illuminate/Database/Eloquent/Concerns/GuardsAttributes.php(188): Illuminate/Database/Console/Seeds/SeedCommand->Illuminate/Database/Console/Seeds/{closure}()
#34 D:/projetos/estudo/loop-lab/vendor/laravel/framework/src/Illuminate/Database/Console/Seeds/SeedCommand.php(71): Illuminate/Database/Eloquent/Model::unguarded(Object(Closure))
#35 D:/projetos/estudo/loop-lab/vendor/laravel/framework/src/Illuminate/Container/BoundMethod.php(36): Illuminate/Database/Console/Seeds/SeedCommand->handle()
#36 D:/projetos/estudo/loop-lab/vendor/laravel/framework/src/Illuminate/Container/Util.php(43): Illuminate/Container/BoundMethod::Illuminate/Container/{closure}()
#37 D:/projetos/estudo/loop-lab/vendor/laravel/framework/src/Illuminate/Container/BoundMethod.php(96): Illuminate/Container/Util::unwrapIfClosure(Object(Closure))
#38 D:/projetos/estudo/loop-lab/vendor/laravel/framework/src/Illuminate/Container/BoundMethod.php(35): Illuminate/Container/BoundMethod::callBoundMethod(Object(Illuminate/Foundation/Application), Array, Object(Closure))
#39 D:/projetos/estudo/loop-lab/vendor/laravel/framework/src/Illuminate/Container/Container.php(800): Illuminate/Container/BoundMethod::call(Object(Illuminate/Foundation/Application), Array, Array, NULL)
#40 D:/projetos/estudo/loop-lab/vendor/laravel/framework/src/Illuminate/Console/Command.php(292): Illuminate/Container/Container->call(Array)
#41 D:/projetos/estudo/loop-lab/vendor/symfony/console/Command/Command.php(341): Illuminate/Console/Command->execute(Object(Symfony/Component/Console/Input/ArgvInput), Object(Laravel/Pao/Laravel/PaoOutputStyle))
#42 D:/projetos/estudo/loop-lab/vendor/laravel/framework/src/Illuminate/Console/Command.php(261): Symfony/Component/Console/Command/Command->run(Object(Symfony/Component/Console/Input/ArgvInput), Object(Laravel/Pao/Laravel/PaoOutputStyle))
#43 D:/projetos/estudo/loop-lab/vendor/symfony/console/Application.php(1117): Illuminate/Console/Command->run(Object(Symfony/Component/Console/Input/ArgvInput), Object(Symfony/Component/Console/Output/ConsoleOutput))
#44 D:/projetos/estudo/loop-lab/vendor/symfony/console/Application.php(356): Symfony/Component/Console/Application->doRunCommand(Object(Illuminate/Database/Console/Seeds/SeedCommand), Object(Symfony/Component/Console/Input/ArgvInput), Object(Symfony/Component/Console/Output/ConsoleOutput))
#45 D:/projetos/estudo/loop-lab/vendor/symfony/console/Application.php(195): Symfony/Component/Console/Application->doRun(Object(Symfony/Component/Console/Input/ArgvInput), Object(Symfony/Component/Console/Output/ConsoleOutput))
#46 D:/projetos/estudo/loop-lab/vendor/laravel/framework/src/Illuminate/Foundation/Console/Kernel.php(198): Symfony/Component/Console/Application->run(Object(Symfony/Component/Console/Input/ArgvInput), Object(Symfony/Component/Console/Output/ConsoleOutput))
#47 D:/projetos/estudo/loop-lab/vendor/laravel/framework/src/Illuminate/Foundation/Application.php(1242): Illuminate/Foundation/Console/Kernel->handle(Object(Symfony/Component/Console/Input/ArgvInput), Object(Symfony/Component/Console/Output/ConsoleOutput))
#48 D:/projetos/estudo/loop-lab/artisan(16): Illuminate/Foundation/Application->handleCommand(Object(Symfony/Component/Console/Input/ArgvInput))
#49 {main}
"} 
[2026-08-13 11:47:31] local.ERROR: syntax error, unexpected token "endif", expecting end of file (View: D:\projetos\estudo\loop-lab\resources\views\auth.blade.php) {"exception":"[object] (Illuminate\\View\\ViewException(code: 0): syntax error, unexpected token \"endif\", expecting end of file (View: D:\\projetos\\estudo\\loop-lab\\resources\\views\\auth.blade.php) at D:/projetos/estudo/loop-lab/storage/framework/views/03843cdd12a56bb49df15e19d28b4d3e.php:1)
[stacktrace]
#0 D:/projetos/estudo/loop-lab/vendor/laravel/framework/src/Illuminate/View/Engines/PhpEngine.php(59): Illuminate/View/Engines/CompilerEngine->handleViewException(Object(ParseError), 1)
#1 D:/projetos/estudo/loop-lab/vendor/laravel/framework/src/Illuminate/View/Engines/CompilerEngine.php(76): Illuminate/View/Engines/PhpEngine->evaluatePath('D://projetos//est...', Array)
#2 D:/projetos/estudo/loop-lab/vendor/laravel/framework/src/Illuminate/View/View.php(208): Illuminate/View/Engines/CompilerEngine->get('D://projetos//est...', Array)
#3 D:/projetos/estudo/loop-lab/vendor/laravel/framework/src/Illuminate/View/View.php(191): Illuminate/View/View->getContents()
#4 D:/projetos/estudo/loop-lab/vendor/laravel/framework/src/Illuminate/View/View.php(160): Illuminate/View/View->renderContents()
#5 D:/projetos/estudo/loop-lab/vendor/laravel/framework/src/Illuminate/Http/Response.php(82): Illuminate/View/View->render()
#6 D:/projetos/estudo/loop-lab/vendor/laravel/framework/src/Illuminate/Http/Response.php(40): Illuminate/Http/Response->setContent(Object(Illuminate/View/View))
#7 D:/projetos/estudo/loop-lab/vendor/laravel/framework/src/Illuminate/Routing/Router.php(939): Illuminate/Http/Response->__construct(Object(Illuminate/View/View), 200, Array)
#8 D:/projetos/estudo/loop-lab/vendor/laravel/framework/src/Illuminate/Routing/Router.php(906): Illuminate/Routing/Router::toResponse(Object(Illuminate/Http/Request), Object(Illuminate/View/View))
#9 D:/projetos/estudo/loop-lab/vendor/laravel/framework/src/Illuminate/Routing/Router.php(821): Illuminate/Routing/Router->prepareResponse(Object(Illuminate/Http/Request), Object(Illuminate/View/View))
#10 D:/projetos/estudo/loop-lab/vendor/laravel/framework/src/Illuminate/Pipeline/Pipeline.php(180): Illuminate/Routing/Router->Illuminate/Routing/{closure}(Object(Illuminate/Http/Request))
#11 D:/projetos/estudo/loop-lab/vendor/laravel/framework/src/Illuminate/Auth/Middleware/RedirectIfAuthenticated.php(47): Illuminate/Pipeline/Pipeline->Illuminate/Pipeline/{closure}(Object(Illuminate/Http/Request))
#12 D:/projetos/estudo/loop-lab/vendor/laravel/framework/src/Illuminate/Pipeline/Pipeline.php(219): Illuminate/Auth/Middleware/RedirectIfAuthenticated->handle(Object(Illuminate/Http/Request), Object(Closure))
#13 D:/projetos/estudo/loop-lab/vendor/laravel/framework/src/Illuminate/Routing/Middleware/SubstituteBindings.php(52): Illuminate/Pipeline/Pipeline->Illuminate/Pipeline/{closure}(Object(Illuminate/Http/Request))
#14 D:/projetos/estudo/loop-lab/vendor/laravel/framework/src/Illuminate/Pipeline/Pipeline.php(219): Illuminate/Routing/Middleware/SubstituteBindings->handle(Object(Illuminate/Http/Request), Object(Closure))
#15 D:/projetos/estudo/loop-lab/vendor/laravel/framework/src/Illuminate/Foundation/Http/Middleware/PreventRequestForgery.php(104): Illuminate/Pipeline/Pipeline->Illuminate/Pipeline/{closure}(Object(Illuminate/Http/Request))
#16 D:/projetos/estudo/loop-lab/vendor/laravel/framework/src/Illuminate/Pipeline/Pipeline.php(219): Illuminate/Foundation/Http/Middleware/PreventRequestForgery->handle(Object(Illuminate/Http/Request), Object(Closure))
#17 D:/projetos/estudo/loop-lab/vendor/laravel/framework/src/Illuminate/View/Middleware/ShareErrorsFromSession.php(48): Illuminate/Pipeline/Pipeline->Illuminate/Pipeline/{closure}(Object(Illuminate/Http/Request))
#18 D:/projetos/estudo/loop-lab/vendor/laravel/framework/src/Illuminate/Pipeline/Pipeline.php(219): Illuminate/View/Middleware/ShareErrorsFromSession->handle(Object(Illuminate/Http/Request), Object(Closure))
#19 D:/projetos/estudo/loop-lab/vendor/laravel/framework/src/Illuminate/Session/Middleware/StartSession.php(120): Illuminate/Pipeline/Pipeline->Illuminate/Pipeline/{closure}(Object(Illuminate/Http/Request))
#20 D:/projetos/estudo/loop-lab/vendor/laravel/framework/src/Illuminate/Session/Middleware/StartSession.php(63): Illuminate/Session/Middleware/StartSession->handleStatefulRequest(Object(Illuminate/Http/Request), Object(Illuminate/Session/Store), Object(Closure))
#21 D:/projetos/estudo/loop-lab/vendor/laravel/framework/src/Illuminate/Pipeline/Pipeline.php(219): Illuminate/Session/Middleware/StartSession->handle(Object(Illuminate/Http/Request), Object(Closure))
#22 D:/projetos/estudo/loop-lab/vendor/laravel/framework/src/Illuminate/Cookie/Middleware/AddQueuedCookiesToResponse.php(36): Illuminate/Pipeline/Pipeline->Illuminate/Pipeline/{closure}(Object(Illuminate/Http/Request))
#23 D:/projetos/estudo/loop-lab/vendor/laravel/framework/src/Illuminate/Pipeline/Pipeline.php(219): Illuminate/Cookie/Middleware/AddQueuedCookiesToResponse->handle(Object(Illuminate/Http/Request), Object(Closure))
#24 D:/projetos/estudo/loop-lab/vendor/laravel/framework/src/Illuminate/Cookie/Middleware/EncryptCookies.php(74): Illuminate/Pipeline/Pipeline->Illuminate/Pipeline/{closure}(Object(Illuminate/Http/Request))
#25 D:/projetos/estudo/loop-lab/vendor/laravel/framework/src/Illuminate/Pipeline/Pipeline.php(219): Illuminate/Cookie/Middleware/EncryptCookies->handle(Object(Illuminate/Http/Request), Object(Closure))
#26 D:/projetos/estudo/loop-lab/vendor/laravel/framework/src/Illuminate/Pipeline/Pipeline.php(137): Illuminate/Pipeline/Pipeline->Illuminate/Pipeline/{closure}(Object(Illuminate/Http/Request))
#27 D:/projetos/estudo/loop-lab/vendor/laravel/framework/src/Illuminate/Routing/Router.php(821): Illuminate/Pipeline/Pipeline->then(Object(Closure))
#28 D:/projetos/estudo/loop-lab/vendor/laravel/framework/src/Illuminate/Routing/Router.php(800): Illuminate/Routing/Router->runRouteWithinStack(Object(Illuminate/Routing/Route), Object(Illuminate/Http/Request))
#29 D:/projetos/estudo/loop-lab/vendor/laravel/framework/src/Illuminate/Routing/Router.php(764): Illuminate/Routing/Router->runRoute(Object(Illuminate/Http/Request), Object(Illuminate/Routing/Route))
#30 D:/projetos/estudo/loop-lab/vendor/laravel/framework/src/Illuminate/Routing/Router.php(753): Illuminate/Routing/Router->dispatchToRoute(Object(Illuminate/Http/Request))
#31 D:/projetos/estudo/loop-lab/vendor/laravel/framework/src/Illuminate/Foundation/Http/Kernel.php(200): Illuminate/Routing/Router->dispatch(Object(Illuminate/Http/Request))
#32 D:/projetos/estudo/loop-lab/vendor/laravel/framework/src/Illuminate/Pipeline/Pipeline.php(180): Illuminate/Foundation/Http/Kernel->Illuminate/Foundation/Http/{closure}(Object(Illuminate/Http/Request))
#33 D:/projetos/estudo/loop-lab/vendor/laravel/framework/src/Illuminate/Foundation/Http/Middleware/TransformsRequest.php(21): Illuminate/Pipeline/Pipeline->Illuminate/Pipeline/{closure}(Object(Illuminate/Http/Request))
#34 D:/projetos/estudo/loop-lab/vendor/laravel/framework/src/Illuminate/Foundation/Http/Middleware/ConvertEmptyStringsToNull.php(31): Illuminate/Foundation/Http/Middleware/TransformsRequest->handle(Object(Illuminate/Http/Request), Object(Closure))
#35 D:/projetos/estudo/loop-lab/vendor/laravel/framework/src/Illuminate/Pipeline/Pipeline.php(219): Illuminate/Foundation/Http/Middleware/ConvertEmptyStringsToNull->handle(Object(Illuminate/Http/Request), Object(Closure))
#36 D:/projetos/estudo/loop-lab/vendor/laravel/framework/src/Illuminate/Foundation/Http/Middleware/TransformsRequest.php(21): Illuminate/Pipeline/Pipeline->Illuminate/Pipeline/{closure}(Object(Illuminate/Http/Request))
#37 D:/projetos/estudo/loop-lab/vendor/laravel/framework/src/Illuminate/Foundation/Http/Middleware/TrimStrings.php(51): Illuminate/Foundation/Http/Middleware/TransformsRequest->handle(Object(Illuminate/Http/Request), Object(Closure))
#38 D:/projetos/estudo/loop-lab/vendor/laravel/framework/src/Illuminate/Pipeline/Pipeline.php(219): Illuminate/Foundation/Http/Middleware/TrimStrings->handle(Object(Illuminate/Http/Request), Object(Closure))
#39 D:/projetos/estudo/loop-lab/vendor/laravel/framework/src/Illuminate/Http/Middleware/ValidatePostSize.php(27): Illuminate/Pipeline/Pipeline->Illuminate/Pipeline/{closure}(Object(Illuminate/Http/Request))
#40 D:/projetos/estudo/loop-lab/vendor/laravel/framework/src/Illuminate/Pipeline/Pipeline.php(219): Illuminate/Http/Middleware/ValidatePostSize->handle(Object(Illuminate/Http/Request), Object(Closure))
#41 D:/projetos/estudo/loop-lab/vendor/laravel/framework/src/Illuminate/Foundation/Http/Middleware/PreventRequestsDuringMaintenance.php(109): Illuminate/Pipeline/Pipeline->Illuminate/Pipeline/{closure}(Object(Illuminate/Http/Request))
#42 D:/projetos/estudo/loop-lab/vendor/laravel/framework/src/Illuminate/Pipeline/Pipeline.php(219): Illuminate/Foundation/Http/Middleware/PreventRequestsDuringMaintenance->handle(Object(Illuminate/Http/Request), Object(Closure))
#43 D:/projetos/estudo/loop-lab/vendor/laravel/framework/src/Illuminate/Http/Middleware/HandleCors.php(61): Illuminate/Pipeline/Pipeline->Illuminate/Pipeline/{closure}(Object(Illuminate/Http/Request))
#44 D:/projetos/estudo/loop-lab/vendor/laravel/framework/src/Illuminate/Pipeline/Pipeline.php(219): Illuminate/Http/Middleware/HandleCors->handle(Object(Illuminate/Http/Request), Object(Closure))
#45 D:/projetos/estudo/loop-lab/vendor/laravel/framework/src/Illuminate/Http/Middleware/TrustProxies.php(58): Illuminate/Pipeline/Pipeline->Illuminate/Pipeline/{closure}(Object(Illuminate/Http/Request))
#46 D:/projetos/estudo/loop-lab/vendor/laravel/framework/src/Illuminate/Pipeline/Pipeline.php(219): Illuminate/Http/Middleware/TrustProxies->handle(Object(Illuminate/Http/Request), Object(Closure))
#47 D:/projetos/estudo/loop-lab/vendor/laravel/framework/src/Illuminate/Foundation/Http/Middleware/InvokeDeferredCallbacks.php(22): Illuminate/Pipeline/Pipeline->Illuminate/Pipeline/{closure}(Object(Illuminate/Http/Request))
#48 D:/projetos/estudo/loop-lab/vendor/laravel/framework/src/Illuminate/Pipeline/Pipeline.php(219): Illuminate/Foundation/Http/Middleware/InvokeDeferredCallbacks->handle(Object(Illuminate/Http/Request), Object(Closure))
#49 D:/projetos/estudo/loop-lab/vendor/laravel/framework/src/Illuminate/Http/Middleware/ValidatePathEncoding.php(28): Illuminate/Pipeline/Pipeline->Illuminate/Pipeline/{closure}(Object(Illuminate/Http/Request))
#50 D:/projetos/estudo/loop-lab/vendor/laravel/framework/src/Illuminate/Pipeline/Pipeline.php(219): Illuminate/Http/Middleware/ValidatePathEncoding->handle(Object(Illuminate/Http/Request), Object(Closure))
#51 D:/projetos/estudo/loop-lab/vendor/laravel/framework/src/Illuminate/Pipeline/Pipeline.php(137): Illuminate/Pipeline/Pipeline->Illuminate/Pipeline/{closure}(Object(Illuminate/Http/Request))
#52 D:/projetos/estudo/loop-lab/vendor/laravel/framework/src/Illuminate/Foundation/Http/Kernel.php(175): Illuminate/Pipeline/Pipeline->then(Object(Closure))
#53 D:/projetos/estudo/loop-lab/vendor/laravel/framework/src/Illuminate/Foundation/Http/Kernel.php(144): Illuminate/Foundation/Http/Kernel->sendRequestThroughRouter(Object(Illuminate/Http/Request))
#54 D:/projetos/estudo/loop-lab/vendor/laravel/framework/src/Illuminate/Foundation/Application.php(1227): Illuminate/Foundation/Http/Kernel->handle(Object(Illuminate/Http/Request))
#55 D:/projetos/estudo/loop-lab/public/index.php(20): Illuminate/Foundation/Application->handleRequest(Object(Illuminate/Http/Request))
#56 D:/projetos/estudo/loop-lab/vendor/laravel/framework/src/Illuminate/Foundation/resources/server.php(23): require_once('D://projetos//est...')
#57 {main}

[previous exception] [object] (ParseError(code: 0): syntax error, unexpected token \"endif\", expecting end of file at D:/projetos/estudo/loop-lab/storage/framework/views/03843cdd12a56bb49df15e19d28b4d3e.php:1)
[stacktrace]
#0 D:/projetos/estudo/loop-lab/vendor/laravel/framework/src/Illuminate/Filesystem/Filesystem.php(124): Illuminate/Filesystem/Filesystem::Illuminate/Filesystem/{closure}()
#1 D:/projetos/estudo/loop-lab/vendor/laravel/framework/src/Illuminate/View/Engines/PhpEngine.php(57): Illuminate/Filesystem/Filesystem->getRequire('D://projetos//est...', Array)
#2 D:/projetos/estudo/loop-lab/vendor/laravel/framework/src/Illuminate/View/Engines/CompilerEngine.php(76): Illuminate/View/Engines/PhpEngine->evaluatePath('D://projetos//est...', Array)
#3 D:/projetos/estudo/loop-lab/vendor/laravel/framework/src/Illuminate/View/View.php(208): Illuminate/View/Engines/CompilerEngine->get('D://projetos//est...', Array)
#4 D:/projetos/estudo/loop-lab/vendor/laravel/framework/src/Illuminate/View/View.php(191): Illuminate/View/View->getContents()
#5 D:/projetos/estudo/loop-lab/vendor/laravel/framework/src/Illuminate/View/View.php(160): Illuminate/View/View->renderContents()
#6 D:/projetos/estudo/loop-lab/vendor/laravel/framework/src/Illuminate/Http/Response.php(82): Illuminate/View/View->render()
#7 D:/projetos/estudo/loop-lab/vendor/laravel/framework/src/Illuminate/Http/Response.php(40): Illuminate/Http/Response->setContent(Object(Illuminate/View/View))
#8 D:/projetos/estudo/loop-lab/vendor/laravel/framework/src/Illuminate/Routing/Router.php(939): Illuminate/Http/Response->__construct(Object(Illuminate/View/View), 200, Array)
#9 D:/projetos/estudo/loop-lab/vendor/laravel/framework/src/Illuminate/Routing/Router.php(906): Illuminate/Routing/Router::toResponse(Object(Illuminate/Http/Request), Object(Illuminate/View/View))
#10 D:/projetos/estudo/loop-lab/vendor/laravel/framework/src/Illuminate/Routing/Router.php(821): Illuminate/Routing/Router->prepareResponse(Object(Illuminate/Http/Request), Object(Illuminate/View/View))
#11 D:/projetos/estudo/loop-lab/vendor/laravel/framework/src/Illuminate/Pipeline/Pipeline.php(180): Illuminate/Routing/Router->Illuminate/Routing/{closure}(Object(Illuminate/Http/Request))
#12 D:/projetos/estudo/loop-lab/vendor/laravel/framework/src/Illuminate/Auth/Middleware/RedirectIfAuthenticated.php(47): Illuminate/Pipeline/Pipeline->Illuminate/Pipeline/{closure}(Object(Illuminate/Http/Request))
#13 D:/projetos/estudo/loop-lab/vendor/laravel/framework/src/Illuminate/Pipeline/Pipeline.php(219): Illuminate/Auth/Middleware/RedirectIfAuthenticated->handle(Object(Illuminate/Http/Request), Object(Closure))
#14 D:/projetos/estudo/loop-lab/vendor/laravel/framework/src/Illuminate/Routing/Middleware/SubstituteBindings.php(52): Illuminate/Pipeline/Pipeline->Illuminate/Pipeline/{closure}(Object(Illuminate/Http/Request))
#15 D:/projetos/estudo/loop-lab/vendor/laravel/framework/src/Illuminate/Pipeline/Pipeline.php(219): Illuminate/Routing/Middleware/SubstituteBindings->handle(Object(Illuminate/Http/Request), Object(Closure))
#16 D:/projetos/estudo/loop-lab/vendor/laravel/framework/src/Illuminate/Foundation/Http/Middleware/PreventRequestForgery.php(104): Illuminate/Pipeline/Pipeline->Illuminate/Pipeline/{closure}(Object(Illuminate/Http/Request))
#17 D:/projetos/estudo/loop-lab/vendor/laravel/framework/src/Illuminate/Pipeline/Pipeline.php(219): Illuminate/Foundation/Http/Middleware/PreventRequestForgery->handle(Object(Illuminate/Http/Request), Object(Closure))
#18 D:/projetos/estudo/loop-lab/vendor/laravel/framework/src/Illuminate/View/Middleware/ShareErrorsFromSession.php(48): Illuminate/Pipeline/Pipeline->Illuminate/Pipeline/{closure}(Object(Illuminate/Http/Request))
#19 D:/projetos/estudo/loop-lab/vendor/laravel/framework/src/Illuminate/Pipeline/Pipeline.php(219): Illuminate/View/Middleware/ShareErrorsFromSession->handle(Object(Illuminate/Http/Request), Object(Closure))
#20 D:/projetos/estudo/loop-lab/vendor/laravel/framework/src/Illuminate/Session/Middleware/StartSession.php(120): Illuminate/Pipeline/Pipeline->Illuminate/Pipeline/{closure}(Object(Illuminate/Http/Request))
#21 D:/projetos/estudo/loop-lab/vendor/laravel/framework/src/Illuminate/Session/Middleware/StartSession.php(63): Illuminate/Session/Middleware/StartSession->handleStatefulRequest(Object(Illuminate/Http/Request), Object(Illuminate/Session/Store), Object(Closure))
#22 D:/projetos/estudo/loop-lab/vendor/laravel/framework/src/Illuminate/Pipeline/Pipeline.php(219): Illuminate/Session/Middleware/StartSession->handle(Object(Illuminate/Http/Request), Object(Closure))
#23 D:/projetos/estudo/loop-lab/vendor/laravel/framework/src/Illuminate/Cookie/Middleware/AddQueuedCookiesToResponse.php(36): Illuminate/Pipeline/Pipeline->Illuminate/Pipeline/{closure}(Object(Illuminate/Http/Request))
#24 D:/projetos/estudo/loop-lab/vendor/laravel/framework/src/Illuminate/Pipeline/Pipeline.php(219): Illuminate/Cookie/Middleware/AddQueuedCookiesToResponse->handle(Object(Illuminate/Http/Request), Object(Closure))
#25 D:/projetos/estudo/loop-lab/vendor/laravel/framework/src/Illuminate/Cookie/Middleware/EncryptCookies.php(74): Illuminate/Pipeline/Pipeline->Illuminate/Pipeline/{closure}(Object(Illuminate/Http/Request))
#26 D:/projetos/estudo/loop-lab/vendor/laravel/framework/src/Illuminate/Pipeline/Pipeline.php(219): Illuminate/Cookie/Middleware/EncryptCookies->handle(Object(Illuminate/Http/Request), Object(Closure))
#27 D:/projetos/estudo/loop-lab/vendor/laravel/framework/src/Illuminate/Pipeline/Pipeline.php(137): Illuminate/Pipeline/Pipeline->Illuminate/Pipeline/{closure}(Object(Illuminate/Http/Request))
#28 D:/projetos/estudo/loop-lab/vendor/laravel/framework/src/Illuminate/Routing/Router.php(821): Illuminate/Pipeline/Pipeline->then(Object(Closure))
#29 D:/projetos/estudo/loop-lab/vendor/laravel/framework/src/Illuminate/Routing/Router.php(800): Illuminate/Routing/Router->runRouteWithinStack(Object(Illuminate/Routing/Route), Object(Illuminate/Http/Request))
#30 D:/projetos/estudo/loop-lab/vendor/laravel/framework/src/Illuminate/Routing/Router.php(764): Illuminate/Routing/Router->runRoute(Object(Illuminate/Http/Request), Object(Illuminate/Routing/Route))
#31 D:/projetos/estudo/loop-lab/vendor/laravel/framework/src/Illuminate/Routing/Router.php(753): Illuminate/Routing/Router->dispatchToRoute(Object(Illuminate/Http/Request))
#32 D:/projetos/estudo/loop-lab/vendor/laravel/framework/src/Illuminate/Foundation/Http/Kernel.php(200): Illuminate/Routing/Router->dispatch(Object(Illuminate/Http/Request))
#33 D:/projetos/estudo/loop-lab/vendor/laravel/framework/src/Illuminate/Pipeline/Pipeline.php(180): Illuminate/Foundation/Http/Kernel->Illuminate/Foundation/Http/{closure}(Object(Illuminate/Http/Request))
#34 D:/projetos/estudo/loop-lab/vendor/laravel/framework/src/Illuminate/Foundation/Http/Middleware/TransformsRequest.php(21): Illuminate/Pipeline/Pipeline->Illuminate/Pipeline/{closure}(Object(Illuminate/Http/Request))
#35 D:/projetos/estudo/loop-lab/vendor/laravel/framework/src/Illuminate/Foundation/Http/Middleware/ConvertEmptyStringsToNull.php(31): Illuminate/Foundation/Http/Middleware/TransformsRequest->handle(Object(Illuminate/Http/Request), Object(Closure))
#36 D:/projetos/estudo/loop-lab/vendor/laravel/framework/src/Illuminate/Pipeline/Pipeline.php(219): Illuminate/Foundation/Http/Middleware/ConvertEmptyStringsToNull->handle(Object(Illuminate/Http/Request), Object(Closure))
#37 D:/projetos/estudo/loop-lab/vendor/laravel/framework/src/Illuminate/Foundation/Http/Middleware/TransformsRequest.php(21): Illuminate/Pipeline/Pipeline->Illuminate/Pipeline/{closure}(Object(Illuminate/Http/Request))
#38 D:/projetos/estudo/loop-lab/vendor/laravel/framework/src/Illuminate/Foundation/Http/Middleware/TrimStrings.php(51): Illuminate/Foundation/Http/Middleware/TransformsRequest->handle(Object(Illuminate/Http/Request), Object(Closure))
#39 D:/projetos/estudo/loop-lab/vendor/laravel/framework/src/Illuminate/Pipeline/Pipeline.php(219): Illuminate/Foundation/Http/Middleware/TrimStrings->handle(Object(Illuminate/Http/Request), Object(Closure))
#40 D:/projetos/estudo/loop-lab/vendor/laravel/framework/src/Illuminate/Http/Middleware/ValidatePostSize.php(27): Illuminate/Pipeline/Pipeline->Illuminate/Pipeline/{closure}(Object(Illuminate/Http/Request))
#41 D:/projetos/estudo/loop-lab/vendor/laravel/framework/src/Illuminate/Pipeline/Pipeline.php(219): Illuminate/Http/Middleware/ValidatePostSize->handle(Object(Illuminate/Http/Request), Object(Closure))
#42 D:/projetos/estudo/loop-lab/vendor/laravel/framework/src/Illuminate/Foundation/Http/Middleware/PreventRequestsDuringMaintenance.php(109): Illuminate/Pipeline/Pipeline->Illuminate/Pipeline/{closure}(Object(Illuminate/Http/Request))
#43 D:/projetos/estudo/loop-lab/vendor/laravel/framework/src/Illuminate/Pipeline/Pipeline.php(219): Illuminate/Foundation/Http/Middleware/PreventRequestsDuringMaintenance->handle(Object(Illuminate/Http/Request), Object(Closure))
#44 D:/projetos/estudo/loop-lab/vendor/laravel/framework/src/Illuminate/Http/Middleware/HandleCors.php(61): Illuminate/Pipeline/Pipeline->Illuminate/Pipeline/{closure}(Object(Illuminate/Http/Request))
#45 D:/projetos/estudo/loop-lab/vendor/laravel/framework/src/Illuminate/Pipeline/Pipeline.php(219): Illuminate/Http/Middleware/HandleCors->handle(Object(Illuminate/Http/Request), Object(Closure))
#46 D:/projetos/estudo/loop-lab/vendor/laravel/framework/src/Illuminate/Http/Middleware/TrustProxies.php(58): Illuminate/Pipeline/Pipeline->Illuminate/Pipeline/{closure}(Object(Illuminate/Http/Request))
#47 D:/projetos/estudo/loop-lab/vendor/laravel/framework/src/Illuminate/Pipeline/Pipeline.php(219): Illuminate/Http/Middleware/TrustProxies->handle(Object(Illuminate/Http/Request), Object(Closure))
#48 D:/projetos/estudo/loop-lab/vendor/laravel/framework/src/Illuminate/Foundation/Http/Middleware/InvokeDeferredCallbacks.php(22): Illuminate/Pipeline/Pipeline->Illuminate/Pipeline/{closure}(Object(Illuminate/Http/Request))
#49 D:/projetos/estudo/loop-lab/vendor/laravel/framework/src/Illuminate/Pipeline/Pipeline.php(219): Illuminate/Foundation/Http/Middleware/InvokeDeferredCallbacks->handle(Object(Illuminate/Http/Request), Object(Closure))
#50 D:/projetos/estudo/loop-lab/vendor/laravel/framework/src/Illuminate/Http/Middleware/ValidatePathEncoding.php(28): Illuminate/Pipeline/Pipeline->Illuminate/Pipeline/{closure}(Object(Illuminate/Http/Request))
#51 D:/projetos/estudo/loop-lab/vendor/laravel/framework/src/Illuminate/Pipeline/Pipeline.php(219): Illuminate/Http/Middleware/ValidatePathEncoding->handle(Object(Illuminate/Http/Request), Object(Closure))
#52 D:/projetos/estudo/loop-lab/vendor/laravel/framework/src/Illuminate/Pipeline/Pipeline.php(137): Illuminate/Pipeline/Pipeline->Illuminate/Pipeline/{closure}(Object(Illuminate/Http/Request))
#53 D:/projetos/estudo/loop-lab/vendor/laravel/framework/src/Illuminate/Foundation/Http/Kernel.php(175): Illuminate/Pipeline/Pipeline->then(Object(Closure))
#54 D:/projetos/estudo/loop-lab/vendor/laravel/framework/src/Illuminate/Foundation/Http/Kernel.php(144): Illuminate/Foundation/Http/Kernel->sendRequestThroughRouter(Object(Illuminate/Http/Request))
#55 D:/projetos/estudo/loop-lab/vendor/laravel/framework/src/Illuminate/Foundation/Application.php(1227): Illuminate/Foundation/Http/Kernel->handle(Object(Illuminate/Http/Request))
#56 D:/projetos/estudo/loop-lab/public/index.php(20): Illuminate/Foundation/Application->handleRequest(Object(Illuminate/Http/Request))
#57 D:/projetos/estudo/loop-lab/vendor/laravel/framework/src/Illuminate/Foundation/resources/server.php(23): require_once('D://projetos//est...')
#58 {main}
"} 
[2026-08-13 11:47:32] local.ERROR: syntax error, unexpected token "endif", expecting end of file (View: D:\projetos\estudo\loop-lab\resources\views\auth.blade.php) {"exception":"[object] (Illuminate\\View\\ViewException(code: 0): syntax error, unexpected token \"endif\", expecting end of file (View: D:\\projetos\\estudo\\loop-lab\\resources\\views\\auth.blade.php) at D:/projetos/estudo/loop-lab/storage/framework/views/03843cdd12a56bb49df15e19d28b4d3e.php:1)
[stacktrace]
#0 D:/projetos/estudo/loop-lab/vendor/laravel/framework/src/Illuminate/View/Engines/PhpEngine.php(59): Illuminate/View/Engines/CompilerEngine->handleViewException(Object(ParseError), 1)
#1 D:/projetos/estudo/loop-lab/vendor/laravel/framework/src/Illuminate/View/Engines/CompilerEngine.php(76): Illuminate/View/Engines/PhpEngine->evaluatePath('D://projetos//est...', Array)
#2 D:/projetos/estudo/loop-lab/vendor/laravel/framework/src/Illuminate/View/View.php(208): Illuminate/View/Engines/CompilerEngine->get('D://projetos//est...', Array)
#3 D:/projetos/estudo/loop-lab/vendor/laravel/framework/src/Illuminate/View/View.php(191): Illuminate/View/View->getContents()
#4 D:/projetos/estudo/loop-lab/vendor/laravel/framework/src/Illuminate/View/View.php(160): Illuminate/View/View->renderContents()
#5 D:/projetos/estudo/loop-lab/vendor/laravel/framework/src/Illuminate/Http/Response.php(82): Illuminate/View/View->render()
#6 D:/projetos/estudo/loop-lab/vendor/laravel/framework/src/Illuminate/Http/Response.php(40): Illuminate/Http/Response->setContent(Object(Illuminate/View/View))
#7 D:/projetos/estudo/loop-lab/vendor/laravel/framework/src/Illuminate/Routing/Router.php(939): Illuminate/Http/Response->__construct(Object(Illuminate/View/View), 200, Array)
#8 D:/projetos/estudo/loop-lab/vendor/laravel/framework/src/Illuminate/Routing/Router.php(906): Illuminate/Routing/Router::toResponse(Object(Illuminate/Http/Request), Object(Illuminate/View/View))
#9 D:/projetos/estudo/loop-lab/vendor/laravel/framework/src/Illuminate/Routing/Router.php(821): Illuminate/Routing/Router->prepareResponse(Object(Illuminate/Http/Request), Object(Illuminate/View/View))
#10 D:/projetos/estudo/loop-lab/vendor/laravel/framework/src/Illuminate/Pipeline/Pipeline.php(180): Illuminate/Routing/Router->Illuminate/Routing/{closure}(Object(Illuminate/Http/Request))
#11 D:/projetos/estudo/loop-lab/vendor/laravel/framework/src/Illuminate/Auth/Middleware/RedirectIfAuthenticated.php(47): Illuminate/Pipeline/Pipeline->Illuminate/Pipeline/{closure}(Object(Illuminate/Http/Request))
#12 D:/projetos/estudo/loop-lab/vendor/laravel/framework/src/Illuminate/Pipeline/Pipeline.php(219): Illuminate/Auth/Middleware/RedirectIfAuthenticated->handle(Object(Illuminate/Http/Request), Object(Closure))
#13 D:/projetos/estudo/loop-lab/vendor/laravel/framework/src/Illuminate/Routing/Middleware/SubstituteBindings.php(52): Illuminate/Pipeline/Pipeline->Illuminate/Pipeline/{closure}(Object(Illuminate/Http/Request))
#14 D:/projetos/estudo/loop-lab/vendor/laravel/framework/src/Illuminate/Pipeline/Pipeline.php(219): Illuminate/Routing/Middleware/SubstituteBindings->handle(Object(Illuminate/Http/Request), Object(Closure))
#15 D:/projetos/estudo/loop-lab/vendor/laravel/framework/src/Illuminate/Foundation/Http/Middleware/PreventRequestForgery.php(104): Illuminate/Pipeline/Pipeline->Illuminate/Pipeline/{closure}(Object(Illuminate/Http/Request))
#16 D:/projetos/estudo/loop-lab/vendor/laravel/framework/src/Illuminate/Pipeline/Pipeline.php(219): Illuminate/Foundation/Http/Middleware/PreventRequestForgery->handle(Object(Illuminate/Http/Request), Object(Closure))
#17 D:/projetos/estudo/loop-lab/vendor/laravel/framework/src/Illuminate/View/Middleware/ShareErrorsFromSession.php(48): Illuminate/Pipeline/Pipeline->Illuminate/Pipeline/{closure}(Object(Illuminate/Http/Request))
#18 D:/projetos/estudo/loop-lab/vendor/laravel/framework/src/Illuminate/Pipeline/Pipeline.php(219): Illuminate/View/Middleware/ShareErrorsFromSession->handle(Object(Illuminate/Http/Request), Object(Closure))
#19 D:/projetos/estudo/loop-lab/vendor/laravel/framework/src/Illuminate/Session/Middleware/StartSession.php(120): Illuminate/Pipeline/Pipeline->Illuminate/Pipeline/{closure}(Object(Illuminate/Http/Request))
#20 D:/projetos/estudo/loop-lab/vendor/laravel/framework/src/Illuminate/Session/Middleware/StartSession.php(63): Illuminate/Session/Middleware/StartSession->handleStatefulRequest(Object(Illuminate/Http/Request), Object(Illuminate/Session/Store), Object(Closure))
#21 D:/projetos/estudo/loop-lab/vendor/laravel/framework/src/Illuminate/Pipeline/Pipeline.php(219): Illuminate/Session/Middleware/StartSession->handle(Object(Illuminate/Http/Request), Object(Closure))
#22 D:/projetos/estudo/loop-lab/vendor/laravel/framework/src/Illuminate/Cookie/Middleware/AddQueuedCookiesToResponse.php(36): Illuminate/Pipeline/Pipeline->Illuminate/Pipeline/{closure}(Object(Illuminate/Http/Request))
#23 D:/projetos/estudo/loop-lab/vendor/laravel/framework/src/Illuminate/Pipeline/Pipeline.php(219): Illuminate/Cookie/Middleware/AddQueuedCookiesToResponse->handle(Object(Illuminate/Http/Request), Object(Closure))
#24 D:/projetos/estudo/loop-lab/vendor/laravel/framework/src/Illuminate/Cookie/Middleware/EncryptCookies.php(74): Illuminate/Pipeline/Pipeline->Illuminate/Pipeline/{closure}(Object(Illuminate/Http/Request))
#25 D:/projetos/estudo/loop-lab/vendor/laravel/framework/src/Illuminate/Pipeline/Pipeline.php(219): Illuminate/Cookie/Middleware/EncryptCookies->handle(Object(Illuminate/Http/Request), Object(Closure))
#26 D:/projetos/estudo/loop-lab/vendor/laravel/framework/src/Illuminate/Pipeline/Pipeline.php(137): Illuminate/Pipeline/Pipeline->Illuminate/Pipeline/{closure}(Object(Illuminate/Http/Request))
#27 D:/projetos/estudo/loop-lab/vendor/laravel/framework/src/Illuminate/Routing/Router.php(821): Illuminate/Pipeline/Pipeline->then(Object(Closure))
#28 D:/projetos/estudo/loop-lab/vendor/laravel/framework/src/Illuminate/Routing/Router.php(800): Illuminate/Routing/Router->runRouteWithinStack(Object(Illuminate/Routing/Route), Object(Illuminate/Http/Request))
#29 D:/projetos/estudo/loop-lab/vendor/laravel/framework/src/Illuminate/Routing/Router.php(764): Illuminate/Routing/Router->runRoute(Object(Illuminate/Http/Request), Object(Illuminate/Routing/Route))
#30 D:/projetos/estudo/loop-lab/vendor/laravel/framework/src/Illuminate/Routing/Router.php(753): Illuminate/Routing/Router->dispatchToRoute(Object(Illuminate/Http/Request))
#31 D:/projetos/estudo/loop-lab/vendor/laravel/framework/src/Illuminate/Foundation/Http/Kernel.php(200): Illuminate/Routing/Router->dispatch(Object(Illuminate/Http/Request))
#32 D:/projetos/estudo/loop-lab/vendor/laravel/framework/src/Illuminate/Pipeline/Pipeline.php(180): Illuminate/Foundation/Http/Kernel->Illuminate/Foundation/Http/{closure}(Object(Illuminate/Http/Request))
#33 D:/projetos/estudo/loop-lab/vendor/laravel/framework/src/Illuminate/Foundation/Http/Middleware/TransformsRequest.php(21): Illuminate/Pipeline/Pipeline->Illuminate/Pipeline/{closure}(Object(Illuminate/Http/Request))
#34 D:/projetos/estudo/loop-lab/vendor/laravel/framework/src/Illuminate/Foundation/Http/Middleware/ConvertEmptyStringsToNull.php(31): Illuminate/Foundation/Http/Middleware/TransformsRequest->handle(Object(Illuminate/Http/Request), Object(Closure))
#35 D:/projetos/estudo/loop-lab/vendor/laravel/framework/src/Illuminate/Pipeline/Pipeline.php(219): Illuminate/Foundation/Http/Middleware/ConvertEmptyStringsToNull->handle(Object(Illuminate/Http/Request), Object(Closure))
#36 D:/projetos/estudo/loop-lab/vendor/laravel/framework/src/Illuminate/Foundation/Http/Middleware/TransformsRequest.php(21): Illuminate/Pipeline/Pipeline->Illuminate/Pipeline/{closure}(Object(Illuminate/Http/Request))
#37 D:/projetos/estudo/loop-lab/vendor/laravel/framework/src/Illuminate/Foundation/Http/Middleware/TrimStrings.php(51): Illuminate/Foundation/Http/Middleware/TransformsRequest->handle(Object(Illuminate/Http/Request), Object(Closure))
#38 D:/projetos/estudo/loop-lab/vendor/laravel/framework/src/Illuminate/Pipeline/Pipeline.php(219): Illuminate/Foundation/Http/Middleware/TrimStrings->handle(Object(Illuminate/Http/Request), Object(Closure))
#39 D:/projetos/estudo/loop-lab/vendor/laravel/framework/src/Illuminate/Http/Middleware/ValidatePostSize.php(27): Illuminate/Pipeline/Pipeline->Illuminate/Pipeline/{closure}(Object(Illuminate/Http/Request))
#40 D:/projetos/estudo/loop-lab/vendor/laravel/framework/src/Illuminate/Pipeline/Pipeline.php(219): Illuminate/Http/Middleware/ValidatePostSize->handle(Object(Illuminate/Http/Request), Object(Closure))
#41 D:/projetos/estudo/loop-lab/vendor/laravel/framework/src/Illuminate/Foundation/Http/Middleware/PreventRequestsDuringMaintenance.php(109): Illuminate/Pipeline/Pipeline->Illuminate/Pipeline/{closure}(Object(Illuminate/Http/Request))
#42 D:/projetos/estudo/loop-lab/vendor/laravel/framework/src/Illuminate/Pipeline/Pipeline.php(219): Illuminate/Foundation/Http/Middleware/PreventRequestsDuringMaintenance->handle(Object(Illuminate/Http/Request), Object(Closure))
#43 D:/projetos/estudo/loop-lab/vendor/laravel/framework/src/Illuminate/Http/Middleware/HandleCors.php(61): Illuminate/Pipeline/Pipeline->Illuminate/Pipeline/{closure}(Object(Illuminate/Http/Request))
#44 D:/projetos/estudo/loop-lab/vendor/laravel/framework/src/Illuminate/Pipeline/Pipeline.php(219): Illuminate/Http/Middleware/HandleCors->handle(Object(Illuminate/Http/Request), Object(Closure))
#45 D:/projetos/estudo/loop-lab/vendor/laravel/framework/src/Illuminate/Http/Middleware/TrustProxies.php(58): Illuminate/Pipeline/Pipeline->Illuminate/Pipeline/{closure}(Object(Illuminate/Http/Request))
#46 D:/projetos/estudo/loop-lab/vendor/laravel/framework/src/Illuminate/Pipeline/Pipeline.php(219): Illuminate/Http/Middleware/TrustProxies->handle(Object(Illuminate/Http/Request), Object(Closure))
#47 D:/projetos/estudo/loop-lab/vendor/laravel/framework/src/Illuminate/Foundation/Http/Middleware/InvokeDeferredCallbacks.php(22): Illuminate/Pipeline/Pipeline->Illuminate/Pipeline/{closure}(Object(Illuminate/Http/Request))
#48 D:/projetos/estudo/loop-lab/vendor/laravel/framework/src/Illuminate/Pipeline/Pipeline.php(219): Illuminate/Foundation/Http/Middleware/InvokeDeferredCallbacks->handle(Object(Illuminate/Http/Request), Object(Closure))
#49 D:/projetos/estudo/loop-lab/vendor/laravel/framework/src/Illuminate/Http/Middleware/ValidatePathEncoding.php(28): Illuminate/Pipeline/Pipeline->Illuminate/Pipeline/{closure}(Object(Illuminate/Http/Request))
#50 D:/projetos/estudo/loop-lab/vendor/laravel/framework/src/Illuminate/Pipeline/Pipeline.php(219): Illuminate/Http/Middleware/ValidatePathEncoding->handle(Object(Illuminate/Http/Request), Object(Closure))
#51 D:/projetos/estudo/loop-lab/vendor/laravel/framework/src/Illuminate/Pipeline/Pipeline.php(137): Illuminate/Pipeline/Pipeline->Illuminate/Pipeline/{closure}(Object(Illuminate/Http/Request))
#52 D:/projetos/estudo/loop-lab/vendor/laravel/framework/src/Illuminate/Foundation/Http/Kernel.php(175): Illuminate/Pipeline/Pipeline->then(Object(Closure))
#53 D:/projetos/estudo/loop-lab/vendor/laravel/framework/src/Illuminate/Foundation/Http/Kernel.php(144): Illuminate/Foundation/Http/Kernel->sendRequestThroughRouter(Object(Illuminate/Http/Request))
#54 D:/projetos/estudo/loop-lab/vendor/laravel/framework/src/Illuminate/Foundation/Application.php(1227): Illuminate/Foundation/Http/Kernel->handle(Object(Illuminate/Http/Request))
#55 D:/projetos/estudo/loop-lab/public/index.php(20): Illuminate/Foundation/Application->handleRequest(Object(Illuminate/Http/Request))
#56 D:/projetos/estudo/loop-lab/vendor/laravel/framework/src/Illuminate/Foundation/resources/server.php(23): require_once('D://projetos//est...')
#57 {main}

[previous exception] [object] (ParseError(code: 0): syntax error, unexpected token \"endif\", expecting end of file at D:/projetos/estudo/loop-lab/storage/framework/views/03843cdd12a56bb49df15e19d28b4d3e.php:1)
[stacktrace]
#0 D:/projetos/estudo/loop-lab/vendor/laravel/framework/src/Illuminate/Filesystem/Filesystem.php(124): Illuminate/Filesystem/Filesystem::Illuminate/Filesystem/{closure}()
#1 D:/projetos/estudo/loop-lab/vendor/laravel/framework/src/Illuminate/View/Engines/PhpEngine.php(57): Illuminate/Filesystem/Filesystem->getRequire('D://projetos//est...', Array)
#2 D:/projetos/estudo/loop-lab/vendor/laravel/framework/src/Illuminate/View/Engines/CompilerEngine.php(76): Illuminate/View/Engines/PhpEngine->evaluatePath('D://projetos//est...', Array)
#3 D:/projetos/estudo/loop-lab/vendor/laravel/framework/src/Illuminate/View/View.php(208): Illuminate/View/Engines/CompilerEngine->get('D://projetos//est...', Array)
#4 D:/projetos/estudo/loop-lab/vendor/laravel/framework/src/Illuminate/View/View.php(191): Illuminate/View/View->getContents()
#5 D:/projetos/estudo/loop-lab/vendor/laravel/framework/src/Illuminate/View/View.php(160): Illuminate/View/View->renderContents()
#6 D:/projetos/estudo/loop-lab/vendor/laravel/framework/src/Illuminate/Http/Response.php(82): Illuminate/View/View->render()
#7 D:/projetos/estudo/loop-lab/vendor/laravel/framework/src/Illuminate/Http/Response.php(40): Illuminate/Http/Response->setContent(Object(Illuminate/View/View))
#8 D:/projetos/estudo/loop-lab/vendor/laravel/framework/src/Illuminate/Routing/Router.php(939): Illuminate/Http/Response->__construct(Object(Illuminate/View/View), 200, Array)
#9 D:/projetos/estudo/loop-lab/vendor/laravel/framework/src/Illuminate/Routing/Router.php(906): Illuminate/Routing/Router::toResponse(Object(Illuminate/Http/Request), Object(Illuminate/View/View))
#10 D:/projetos/estudo/loop-lab/vendor/laravel/framework/src/Illuminate/Routing/Router.php(821): Illuminate/Routing/Router->prepareResponse(Object(Illuminate/Http/Request), Object(Illuminate/View/View))
#11 D:/projetos/estudo/loop-lab/vendor/laravel/framework/src/Illuminate/Pipeline/Pipeline.php(180): Illuminate/Routing/Router->Illuminate/Routing/{closure}(Object(Illuminate/Http/Request))
#12 D:/projetos/estudo/loop-lab/vendor/laravel/framework/src/Illuminate/Auth/Middleware/RedirectIfAuthenticated.php(47): Illuminate/Pipeline/Pipeline->Illuminate/Pipeline/{closure}(Object(Illuminate/Http/Request))
#13 D:/projetos/estudo/loop-lab/vendor/laravel/framework/src/Illuminate/Pipeline/Pipeline.php(219): Illuminate/Auth/Middleware/RedirectIfAuthenticated->handle(Object(Illuminate/Http/Request), Object(Closure))
#14 D:/projetos/estudo/loop-lab/vendor/laravel/framework/src/Illuminate/Routing/Middleware/SubstituteBindings.php(52): Illuminate/Pipeline/Pipeline->Illuminate/Pipeline/{closure}(Object(Illuminate/Http/Request))
#15 D:/projetos/estudo/loop-lab/vendor/laravel/framework/src/Illuminate/Pipeline/Pipeline.php(219): Illuminate/Routing/Middleware/SubstituteBindings->handle(Object(Illuminate/Http/Request), Object(Closure))
#16 D:/projetos/estudo/loop-lab/vendor/laravel/framework/src/Illuminate/Foundation/Http/Middleware/PreventRequestForgery.php(104): Illuminate/Pipeline/Pipeline->Illuminate/Pipeline/{closure}(Object(Illuminate/Http/Request))
#17 D:/projetos/estudo/loop-lab/vendor/laravel/framework/src/Illuminate/Pipeline/Pipeline.php(219): Illuminate/Foundation/Http/Middleware/PreventRequestForgery->handle(Object(Illuminate/Http/Request), Object(Closure))
#18 D:/projetos/estudo/loop-lab/vendor/laravel/framework/src/Illuminate/View/Middleware/ShareErrorsFromSession.php(48): Illuminate/Pipeline/Pipeline->Illuminate/Pipeline/{closure}(Object(Illuminate/Http/Request))
#19 D:/projetos/estudo/loop-lab/vendor/laravel/framework/src/Illuminate/Pipeline/Pipeline.php(219): Illuminate/View/Middleware/ShareErrorsFromSession->handle(Object(Illuminate/Http/Request), Object(Closure))
#20 D:/projetos/estudo/loop-lab/vendor/laravel/framework/src/Illuminate/Session/Middleware/StartSession.php(120): Illuminate/Pipeline/Pipeline->Illuminate/Pipeline/{closure}(Object(Illuminate/Http/Request))
#21 D:/projetos/estudo/loop-lab/vendor/laravel/framework/src/Illuminate/Session/Middleware/StartSession.php(63): Illuminate/Session/Middleware/StartSession->handleStatefulRequest(Object(Illuminate/Http/Request), Object(Illuminate/Session/Store), Object(Closure))
#22 D:/projetos/estudo/loop-lab/vendor/laravel/framework/src/Illuminate/Pipeline/Pipeline.php(219): Illuminate/Session/Middleware/StartSession->handle(Object(Illuminate/Http/Request), Object(Closure))
#23 D:/projetos/estudo/loop-lab/vendor/laravel/framework/src/Illuminate/Cookie/Middleware/AddQueuedCookiesToResponse.php(36): Illuminate/Pipeline/Pipeline->Illuminate/Pipeline/{closure}(Object(Illuminate/Http/Request))
#24 D:/projetos/estudo/loop-lab/vendor/laravel/framework/src/Illuminate/Pipeline/Pipeline.php(219): Illuminate/Cookie/Middleware/AddQueuedCookiesToResponse->handle(Object(Illuminate/Http/Request), Object(Closure))
#25 D:/projetos/estudo/loop-lab/vendor/laravel/framework/src/Illuminate/Cookie/Middleware/EncryptCookies.php(74): Illuminate/Pipeline/Pipeline->Illuminate/Pipeline/{closure}(Object(Illuminate/Http/Request))
#26 D:/projetos/estudo/loop-lab/vendor/laravel/framework/src/Illuminate/Pipeline/Pipeline.php(219): Illuminate/Cookie/Middleware/EncryptCookies->handle(Object(Illuminate/Http/Request), Object(Closure))
#27 D:/projetos/estudo/loop-lab/vendor/laravel/framework/src/Illuminate/Pipeline/Pipeline.php(137): Illuminate/Pipeline/Pipeline->Illuminate/Pipeline/{closure}(Object(Illuminate/Http/Request))
#28 D:/projetos/estudo/loop-lab/vendor/laravel/framework/src/Illuminate/Routing/Router.php(821): Illuminate/Pipeline/Pipeline->then(Object(Closure))
#29 D:/projetos/estudo/loop-lab/vendor/laravel/framework/src/Illuminate/Routing/Router.php(800): Illuminate/Routing/Router->runRouteWithinStack(Object(Illuminate/Routing/Route), Object(Illuminate/Http/Request))
#30 D:/projetos/estudo/loop-lab/vendor/laravel/framework/src/Illuminate/Routing/Router.php(764): Illuminate/Routing/Router->runRoute(Object(Illuminate/Http/Request), Object(Illuminate/Routing/Route))
#31 D:/projetos/estudo/loop-lab/vendor/laravel/framework/src/Illuminate/Routing/Router.php(753): Illuminate/Routing/Router->dispatchToRoute(Object(Illuminate/Http/Request))
#32 D:/projetos/estudo/loop-lab/vendor/laravel/framework/src/Illuminate/Foundation/Http/Kernel.php(200): Illuminate/Routing/Router->dispatch(Object(Illuminate/Http/Request))
#33 D:/projetos/estudo/loop-lab/vendor/laravel/framework/src/Illuminate/Pipeline/Pipeline.php(180): Illuminate/Foundation/Http/Kernel->Illuminate/Foundation/Http/{closure}(Object(Illuminate/Http/Request))
#34 D:/projetos/estudo/loop-lab/vendor/laravel/framework/src/Illuminate/Foundation/Http/Middleware/TransformsRequest.php(21): Illuminate/Pipeline/Pipeline->Illuminate/Pipeline/{closure}(Object(Illuminate/Http/Request))
#35 D:/projetos/estudo/loop-lab/vendor/laravel/framework/src/Illuminate/Foundation/Http/Middleware/ConvertEmptyStringsToNull.php(31): Illuminate/Foundation/Http/Middleware/TransformsRequest->handle(Object(Illuminate/Http/Request), Object(Closure))
#36 D:/projetos/estudo/loop-lab/vendor/laravel/framework/src/Illuminate/Pipeline/Pipeline.php(219): Illuminate/Foundation/Http/Middleware/ConvertEmptyStringsToNull->handle(Object(Illuminate/Http/Request), Object(Closure))
#37 D:/projetos/estudo/loop-lab/vendor/laravel/framework/src/Illuminate/Foundation/Http/Middleware/TransformsRequest.php(21): Illuminate/Pipeline/Pipeline->Illuminate/Pipeline/{closure}(Object(Illuminate/Http/Request))
#38 D:/projetos/estudo/loop-lab/vendor/laravel/framework/src/Illuminate/Foundation/Http/Middleware/TrimStrings.php(51): Illuminate/Foundation/Http/Middleware/TransformsRequest->handle(Object(Illuminate/Http/Request), Object(Closure))
#39 D:/projetos/estudo/loop-lab/vendor/laravel/framework/src/Illuminate/Pipeline/Pipeline.php(219): Illuminate/Foundation/Http/Middleware/TrimStrings->handle(Object(Illuminate/Http/Request), Object(Closure))
#40 D:/projetos/estudo/loop-lab/vendor/laravel/framework/src/Illuminate/Http/Middleware/ValidatePostSize.php(27): Illuminate/Pipeline/Pipeline->Illuminate/Pipeline/{closure}(Object(Illuminate/Http/Request))
#41 D:/projetos/estudo/loop-lab/vendor/laravel/framework/src/Illuminate/Pipeline/Pipeline.php(219): Illuminate/Http/Middleware/ValidatePostSize->handle(Object(Illuminate/Http/Request), Object(Closure))
#42 D:/projetos/estudo/loop-lab/vendor/laravel/framework/src/Illuminate/Foundation/Http/Middleware/PreventRequestsDuringMaintenance.php(109): Illuminate/Pipeline/Pipeline->Illuminate/Pipeline/{closure}(Object(Illuminate/Http/Request))
#43 D:/projetos/estudo/loop-lab/vendor/laravel/framework/src/Illuminate/Pipeline/Pipeline.php(219): Illuminate/Foundation/Http/Middleware/PreventRequestsDuringMaintenance->handle(Object(Illuminate/Http/Request), Object(Closure))
#44 D:/projetos/estudo/loop-lab/vendor/laravel/framework/src/Illuminate/Http/Middleware/HandleCors.php(61): Illuminate/Pipeline/Pipeline->Illuminate/Pipeline/{closure}(Object(Illuminate/Http/Request))
#45 D:/projetos/estudo/loop-lab/vendor/laravel/framework/src/Illuminate/Pipeline/Pipeline.php(219): Illuminate/Http/Middleware/HandleCors->handle(Object(Illuminate/Http/Request), Object(Closure))
#46 D:/projetos/estudo/loop-lab/vendor/laravel/framework/src/Illuminate/Http/Middleware/TrustProxies.php(58): Illuminate/Pipeline/Pipeline->Illuminate/Pipeline/{closure}(Object(Illuminate/Http/Request))
#47 D:/projetos/estudo/loop-lab/vendor/laravel/framework/src/Illuminate/Pipeline/Pipeline.php(219): Illuminate/Http/Middleware/TrustProxies->handle(Object(Illuminate/Http/Request), Object(Closure))
#48 D:/projetos/estudo/loop-lab/vendor/laravel/framework/src/Illuminate/Foundation/Http/Middleware/InvokeDeferredCallbacks.php(22): Illuminate/Pipeline/Pipeline->Illuminate/Pipeline/{closure}(Object(Illuminate/Http/Request))
#49 D:/projetos/estudo/loop-lab/vendor/laravel/framework/src/Illuminate/Pipeline/Pipeline.php(219): Illuminate/Foundation/Http/Middleware/InvokeDeferredCallbacks->handle(Object(Illuminate/Http/Request), Object(Closure))
#50 D:/projetos/estudo/loop-lab/vendor/laravel/framework/src/Illuminate/Http/Middleware/ValidatePathEncoding.php(28): Illuminate/Pipeline/Pipeline->Illuminate/Pipeline/{closure}(Object(Illuminate/Http/Request))
#51 D:/projetos/estudo/loop-lab/vendor/laravel/framework/src/Illuminate/Pipeline/Pipeline.php(219): Illuminate/Http/Middleware/ValidatePathEncoding->handle(Object(Illuminate/Http/Request), Object(Closure))
#52 D:/projetos/estudo/loop-lab/vendor/laravel/framework/src/Illuminate/Pipeline/Pipeline.php(137): Illuminate/Pipeline/Pipeline->Illuminate/Pipeline/{closure}(Object(Illuminate/Http/Request))
#53 D:/projetos/estudo/loop-lab/vendor/laravel/framework/src/Illuminate/Foundation/Http/Kernel.php(175): Illuminate/Pipeline/Pipeline->then(Object(Closure))
#54 D:/projetos/estudo/loop-lab/vendor/laravel/framework/src/Illuminate/Foundation/Http/Kernel.php(144): Illuminate/Foundation/Http/Kernel->sendRequestThroughRouter(Object(Illuminate/Http/Request))
#55 D:/projetos/estudo/loop-lab/vendor/laravel/framework/src/Illuminate/Foundation/Application.php(1227): Illuminate/Foundation/Http/Kernel->handle(Object(Illuminate/Http/Request))
#56 D:/projetos/estudo/loop-lab/public/index.php(20): Illuminate/Foundation/Application->handleRequest(Object(Illuminate/Http/Request))
#57 D:/projetos/estudo/loop-lab/vendor/laravel/framework/src/Illuminate/Foundation/resources/server.php(23): require_once('D://projetos//est...')
#58 {main}
"} 
[2026-08-13 19:56:47] local.ERROR: Uncaught Error: Undefined constant "l" in Command line code:1
Stack trace:
#0 {main}
  thrown {"exception":"[object] (Symfony\\Component\\ErrorHandler\\Error\\FatalError(code: 0): Uncaught Error: Undefined constant \"l\" in Command line code:1
Stack trace:
#0 {main}
  thrown at Command line code:1)
[stacktrace]
#0 {main}
"} 
[2026-08-13 19:57:31] testing.ERROR: SQLSTATE[HY000]: General error: 1 ambiguous column name: position (Connection: sqlite, Database: :memory:, SQL: select "lessons".* from "lessons" inner join "modules" on "modules"."id" = "lessons"."module_id" where "is_published" = 1 and (exists (select * from "modules" where "lessons"."module_id" = "modules"."id" and "position" > 4) or ("module_id" = 4 and "position" > 14)) order by "modules"."position" asc, "lessons"."position" asc limit 1) {"exception":"[object] (Illuminate\\Database\\QueryException(code: HY000): SQLSTATE[HY000]: General error: 1 ambiguous column name: position (Connection: sqlite, Database: :memory:, SQL: select \"lessons\".* from \"lessons\" inner join \"modules\" on \"modules\".\"id\" = \"lessons\".\"module_id\" where \"is_published\" = 1 and (exists (select * from \"modules\" where \"lessons\".\"module_id\" = \"modules\".\"id\" and \"position\" > 4) or (\"module_id\" = 4 and \"position\" > 14)) order by \"modules\".\"position\" asc, \"lessons\".\"position\" asc limit 1) at D:/projetos/estudo/loop-lab/vendor/laravel/framework/src/Illuminate/Database/Connection.php:857)
[stacktrace]
#0 D:/projetos/estudo/loop-lab/vendor/laravel/framework/src/Illuminate/Database/Connection.php(813): Illuminate/Database/Connection->runQueryCallback('select \"lessons...', Array, Object(Closure))
#1 D:/projetos/estudo/loop-lab/vendor/laravel/framework/src/Illuminate/Database/Connection.php(426): Illuminate/Database/Connection->run('select \"lessons...', Array, Object(Closure))
#2 D:/projetos/estudo/loop-lab/vendor/laravel/framework/src/Illuminate/Database/Query/Builder.php(3573): Illuminate/Database/Connection->select('select \"lessons...', Array, true, Array)
#3 D:/projetos/estudo/loop-lab/vendor/laravel/framework/src/Illuminate/Database/Query/Builder.php(3557): Illuminate/Database/Query/Builder->runSelect()
#4 D:/projetos/estudo/loop-lab/vendor/laravel/framework/src/Illuminate/Database/Eloquent/Builder.php(908): Illuminate/Database/Query/Builder->get(Array)
#5 D:/projetos/estudo/loop-lab/vendor/laravel/framework/src/Illuminate/Database/Eloquent/Builder.php(890): Illuminate/Database/Eloquent/Builder->getModels(Array)
#6 D:/projetos/estudo/loop-lab/vendor/laravel/framework/src/Illuminate/Database/Concerns/BuildsQueries.php(366): Illuminate/Database/Eloquent/Builder->get(Array)
#7 D:/projetos/estudo/loop-lab/app/Services/LearningPathService.php(32): Illuminate/Database/Eloquent/Builder->first()
#8 D:/projetos/estudo/loop-lab/app/Http/Controllers/LearningController.php(71): App/Services/LearningPathService->next(Object(App/Models/Exercise))
#9 D:/projetos/estudo/loop-lab/vendor/laravel/framework/src/Illuminate/Routing/ControllerDispatcher.php(46): App/Http/Controllers/LearningController->validateAnswer(Object(App/Http/Requests/RunCodeRequest), Object(App/Models/Exercise), Object(App/Services/ExerciseValidator), Object(App/Services/LearningPathService))
#10 D:/projetos/estudo/loop-lab/vendor/laravel/framework/src/Illuminate/Routing/Route.php(276): Illuminate/Routing/ControllerDispatcher->dispatch(Object(Illuminate/Routing/Route), Object(App/Http/Controllers/LearningController), 'validateAnswer')
#11 D:/projetos/estudo/loop-lab/vendor/laravel/framework/src/Illuminate/Routing/Route.php(216): Illuminate/Routing/Route->runController()
#12 D:/projetos/estudo/loop-lab/vendor/laravel/framework/src/Illuminate/Routing/Router.php(822): Illuminate/Routing/Route->run()
#13 D:/projetos/estudo/loop-lab/vendor/laravel/framework/src/Illuminate/Pipeline/Pipeline.php(180): Illuminate/Routing/Router->Illuminate/Routing/{closure}(Object(Illuminate/Http/Request))
#14 D:/projetos/estudo/loop-lab/vendor/laravel/framework/src/Illuminate/Routing/Middleware/SubstituteBindings.php(52): Illuminate/Pipeline/Pipeline->Illuminate/Pipeline/{closure}(Object(Illuminate/Http/Request))
#15 D:/projetos/estudo/loop-lab/vendor/laravel/framework/src/Illuminate/Pipeline/Pipeline.php(219): Illuminate/Routing/Middleware/SubstituteBindings->handle(Object(Illuminate/Http/Request), Object(Closure))
#16 D:/projetos/estudo/loop-lab/vendor/laravel/framework/src/Illuminate/Routing/Middleware/ThrottleRequests.php(168): Illuminate/Pipeline/Pipeline->Illuminate/Pipeline/{closure}(Object(Illuminate/Http/Request))
#17 D:/projetos/estudo/loop-lab/vendor/laravel/framework/src/Illuminate/Routing/Middleware/ThrottleRequests.php(93): Illuminate/Routing/Middleware/ThrottleRequests->handleRequest(Object(Illuminate/Http/Request), Object(Closure), Array)
#18 D:/projetos/estudo/loop-lab/vendor/laravel/framework/src/Illuminate/Pipeline/Pipeline.php(219): Illuminate/Routing/Middleware/ThrottleRequests->handle(Object(Illuminate/Http/Request), Object(Closure), '20', '1')
#19 D:/projetos/estudo/loop-lab/vendor/laravel/framework/src/Illuminate/Foundation/Http/Middleware/PreventRequestForgery.php(104): Illuminate/Pipeline/Pipeline->Illuminate/Pipeline/{closure}(Object(Illuminate/Http/Request))
#20 D:/projetos/estudo/loop-lab/vendor/laravel/framework/src/Illuminate/Pipeline/Pipeline.php(219): Illuminate/Foundation/Http/Middleware/PreventRequestForgery->handle(Object(Illuminate/Http/Request), Object(Closure))
#21 D:/projetos/estudo/loop-lab/vendor/laravel/framework/src/Illuminate/View/Middleware/ShareErrorsFromSession.php(48): Illuminate/Pipeline/Pipeline->Illuminate/Pipeline/{closure}(Object(Illuminate/Http/Request))
#22 D:/projetos/estudo/loop-lab/vendor/laravel/framework/src/Illuminate/Pipeline/Pipeline.php(219): Illuminate/View/Middleware/ShareErrorsFromSession->handle(Object(Illuminate/Http/Request), Object(Closure))
#23 D:/projetos/estudo/loop-lab/vendor/laravel/framework/src/Illuminate/Session/Middleware/StartSession.php(120): Illuminate/Pipeline/Pipeline->Illuminate/Pipeline/{closure}(Object(Illuminate/Http/Request))
#24 D:/projetos/estudo/loop-lab/vendor/laravel/framework/src/Illuminate/Session/Middleware/StartSession.php(63): Illuminate/Session/Middleware/StartSession->handleStatefulRequest(Object(Illuminate/Http/Request), Object(Illuminate/Session/Store), Object(Closure))
#25 D:/projetos/estudo/loop-lab/vendor/laravel/framework/src/Illuminate/Pipeline/Pipeline.php(219): Illuminate/Session/Middleware/StartSession->handle(Object(Illuminate/Http/Request), Object(Closure))
#26 D:/projetos/estudo/loop-lab/vendor/laravel/framework/src/Illuminate/Cookie/Middleware/AddQueuedCookiesToResponse.php(36): Illuminate/Pipeline/Pipeline->Illuminate/Pipeline/{closure}(Object(Illuminate/Http/Request))
#27 D:/projetos/estudo/loop-lab/vendor/laravel/framework/src/Illuminate/Pipeline/Pipeline.php(219): Illuminate/Cookie/Middleware/AddQueuedCookiesToResponse->handle(Object(Illuminate/Http/Request), Object(Closure))
#28 D:/projetos/estudo/loop-lab/vendor/laravel/framework/src/Illuminate/Cookie/Middleware/EncryptCookies.php(74): Illuminate/Pipeline/Pipeline->Illuminate/Pipeline/{closure}(Object(Illuminate/Http/Request))
#29 D:/projetos/estudo/loop-lab/vendor/laravel/framework/src/Illuminate/Pipeline/Pipeline.php(219): Illuminate/Cookie/Middleware/EncryptCookies->handle(Object(Illuminate/Http/Request), Object(Closure))
#30 D:/projetos/estudo/loop-lab/vendor/laravel/framework/src/Illuminate/Pipeline/Pipeline.php(137): Illuminate/Pipeline/Pipeline->Illuminate/Pipeline/{closure}(Object(Illuminate/Http/Request))
#31 D:/projetos/estudo/loop-lab/vendor/laravel/framework/src/Illuminate/Routing/Router.php(821): Illuminate/Pipeline/Pipeline->then(Object(Closure))
#32 D:/projetos/estudo/loop-lab/vendor/laravel/framework/src/Illuminate/Routing/Router.php(800): Illuminate/Routing/Router->runRouteWithinStack(Object(Illuminate/Routing/Route), Object(Illuminate/Http/Request))
#33 D:/projetos/estudo/loop-lab/vendor/laravel/framework/src/Illuminate/Routing/Router.php(764): Illuminate/Routing/Router->runRoute(Object(Illuminate/Http/Request), Object(Illuminate/Routing/Route))
#34 D:/projetos/estudo/loop-lab/vendor/laravel/framework/src/Illuminate/Routing/Router.php(753): Illuminate/Routing/Router->dispatchToRoute(Object(Illuminate/Http/Request))
#35 D:/projetos/estudo/loop-lab/vendor/laravel/framework/src/Illuminate/Foundation/Http/Kernel.php(200): Illuminate/Routing/Router->dispatch(Object(Illuminate/Http/Request))
#36 D:/projetos/estudo/loop-lab/vendor/laravel/framework/src/Illuminate/Pipeline/Pipeline.php(180): Illuminate/Foundation/Http/Kernel->Illuminate/Foundation/Http/{closure}(Object(Illuminate/Http/Request))
#37 D:/projetos/estudo/loop-lab/vendor/laravel/framework/src/Illuminate/Foundation/Http/Middleware/TransformsRequest.php(21): Illuminate/Pipeline/Pipeline->Illuminate/Pipeline/{closure}(Object(Illuminate/Http/Request))
#38 D:/projetos/estudo/loop-lab/vendor/laravel/framework/src/Illuminate/Foundation/Http/Middleware/ConvertEmptyStringsToNull.php(31): Illuminate/Foundation/Http/Middleware/TransformsRequest->handle(Object(Illuminate/Http/Request), Object(Closure))
#39 D:/projetos/estudo/loop-lab/vendor/laravel/framework/src/Illuminate/Pipeline/Pipeline.php(219): Illuminate/Foundation/Http/Middleware/ConvertEmptyStringsToNull->handle(Object(Illuminate/Http/Request), Object(Closure))
#40 D:/projetos/estudo/loop-lab/vendor/laravel/framework/src/Illuminate/Foundation/Http/Middleware/TransformsRequest.php(21): Illuminate/Pipeline/Pipeline->Illuminate/Pipeline/{closure}(Object(Illuminate/Http/Request))
#41 D:/projetos/estudo/loop-lab/vendor/laravel/framework/src/Illuminate/Foundation/Http/Middleware/TrimStrings.php(51): Illuminate/Foundation/Http/Middleware/TransformsRequest->handle(Object(Illuminate/Http/Request), Object(Closure))
#42 D:/projetos/estudo/loop-lab/vendor/laravel/framework/src/Illuminate/Pipeline/Pipeline.php(219): Illuminate/Foundation/Http/Middleware/TrimStrings->handle(Object(Illuminate/Http/Request), Object(Closure))
#43 D:/projetos/estudo/loop-lab/vendor/laravel/framework/src/Illuminate/Http/Middleware/ValidatePostSize.php(27): Illuminate/Pipeline/Pipeline->Illuminate/Pipeline/{closure}(Object(Illuminate/Http/Request))
#44 D:/projetos/estudo/loop-lab/vendor/laravel/framework/src/Illuminate/Pipeline/Pipeline.php(219): Illuminate/Http/Middleware/ValidatePostSize->handle(Object(Illuminate/Http/Request), Object(Closure))
#45 D:/projetos/estudo/loop-lab/vendor/laravel/framework/src/Illuminate/Foundation/Http/Middleware/PreventRequestsDuringMaintenance.php(109): Illuminate/Pipeline/Pipeline->Illuminate/Pipeline/{closure}(Object(Illuminate/Http/Request))
#46 D:/projetos/estudo/loop-lab/vendor/laravel/framework/src/Illuminate/Pipeline/Pipeline.php(219): Illuminate/Foundation/Http/Middleware/PreventRequestsDuringMaintenance->handle(Object(Illuminate/Http/Request), Object(Closure))
#47 D:/projetos/estudo/loop-lab/vendor/laravel/framework/src/Illuminate/Http/Middleware/HandleCors.php(61): Illuminate/Pipeline/Pipeline->Illuminate/Pipeline/{closure}(Object(Illuminate/Http/Request))
#48 D:/projetos/estudo/loop-lab/vendor/laravel/framework/src/Illuminate/Pipeline/Pipeline.php(219): Illuminate/Http/Middleware/HandleCors->handle(Object(Illuminate/Http/Request), Object(Closure))
#49 D:/projetos/estudo/loop-lab/vendor/laravel/framework/src/Illuminate/Http/Middleware/TrustProxies.php(58): Illuminate/Pipeline/Pipeline->Illuminate/Pipeline/{closure}(Object(Illuminate/Http/Request))
#50 D:/projetos/estudo/loop-lab/vendor/laravel/framework/src/Illuminate/Pipeline/Pipeline.php(219): Illuminate/Http/Middleware/TrustProxies->handle(Object(Illuminate/Http/Request), Object(Closure))
#51 D:/projetos/estudo/loop-lab/vendor/laravel/framework/src/Illuminate/Foundation/Http/Middleware/InvokeDeferredCallbacks.php(22): Illuminate/Pipeline/Pipeline->Illuminate/Pipeline/{closure}(Object(Illuminate/Http/Request))
#52 D:/projetos/estudo/loop-lab/vendor/laravel/framework/src/Illuminate/Pipeline/Pipeline.php(219): Illuminate/Foundation/Http/Middleware/InvokeDeferredCallbacks->handle(Object(Illuminate/Http/Request), Object(Closure))
#53 D:/projetos/estudo/loop-lab/vendor/laravel/framework/src/Illuminate/Http/Middleware/ValidatePathEncoding.php(28): Illuminate/Pipeline/Pipeline->Illuminate/Pipeline/{closure}(Object(Illuminate/Http/Request))
#54 D:/projetos/estudo/loop-lab/vendor/laravel/framework/src/Illuminate/Pipeline/Pipeline.php(219): Illuminate/Http/Middleware/ValidatePathEncoding->handle(Object(Illuminate/Http/Request), Object(Closure))
#55 D:/projetos/estudo/loop-lab/vendor/laravel/framework/src/Illuminate/Pipeline/Pipeline.php(137): Illuminate/Pipeline/Pipeline->Illuminate/Pipeline/{closure}(Object(Illuminate/Http/Request))
#56 D:/projetos/estudo/loop-lab/vendor/laravel/framework/src/Illuminate/Foundation/Http/Kernel.php(175): Illuminate/Pipeline/Pipeline->then(Object(Closure))
#57 D:/projetos/estudo/loop-lab/vendor/laravel/framework/src/Illuminate/Foundation/Http/Kernel.php(144): Illuminate/Foundation/Http/Kernel->sendRequestThroughRouter(Object(Illuminate/Http/Request))
#58 D:/projetos/estudo/loop-lab/vendor/laravel/framework/src/Illuminate/Foundation/Testing/Concerns/MakesHttpRequests.php(638): Illuminate/Foundation/Http/Kernel->handle(Object(Illuminate/Http/Request))
#59 D:/projetos/estudo/loop-lab/vendor/laravel/framework/src/Illuminate/Foundation/Testing/Concerns/MakesHttpRequests.php(604): Illuminate/Foundation/Testing/TestCase->call('POST', 'http://localhos...', Array, Array, Array, Array, '{\"code\":\"<?php ...')
#60 D:/projetos/estudo/loop-lab/vendor/laravel/framework/src/Illuminate/Foundation/Testing/Concerns/MakesHttpRequests.php(411): Illuminate/Foundation/Testing/TestCase->json('POST', 'http://localhos...', Array, Array, 0)
#61 D:/projetos/estudo/loop-lab/tests/Feature/LearningFlowTest.php(130): Illuminate/Foundation/Testing/TestCase->postJson('http://localhos...', Array)
#62 D:/projetos/estudo/loop-lab/vendor/phpunit/phpunit/src/Framework/TestCase.php(1318): Tests/Feature/LearningFlowTest->test_hidden_inputs_reject_a_hardcoded_answer()
#63 D:/projetos/estudo/loop-lab/vendor/phpunit/phpunit/src/Framework/TestCase.php(1355): PHPUnit/Framework/TestCase->invokeTestMethod('test_hidden_inp...', Array)
#64 D:/projetos/estudo/loop-lab/vendor/phpunit/phpunit/src/Framework/TestCase.php(521): PHPUnit/Framework/TestCase->runTest()
#65 D:/projetos/estudo/loop-lab/vendor/phpunit/phpunit/src/Framework/TestRunner/TestRunner.php(99): PHPUnit/Framework/TestCase->runBare()
#66 D:/projetos/estudo/loop-lab/vendor/phpunit/phpunit/src/Framework/TestCase.php(361): PHPUnit/Framework/TestRunner->run(Object(Tests/Feature/LearningFlowTest))
#67 D:/projetos/estudo/loop-lab/vendor/phpunit/phpunit/src/Framework/TestSuite.php(374): PHPUnit/Framework/TestCase->run()
#68 D:/projetos/estudo/loop-lab/vendor/phpunit/phpunit/src/Framework/TestSuite.php(374): PHPUnit/Framework/TestSuite->run()
#69 D:/projetos/estudo/loop-lab/vendor/phpunit/phpunit/src/Framework/TestSuite.php(374): PHPUnit/Framework/TestSuite->run()
#70 D:/projetos/estudo/loop-lab/vendor/phpunit/phpunit/src/TextUI/TestRunner.php(64): PHPUnit/Framework/TestSuite->run()
#71 D:/projetos/estudo/loop-lab/vendor/phpunit/phpunit/src/TextUI/Application.php(229): PHPUnit/TextUI/TestRunner->run(Object(PHPUnit/TextUI/Configuration/Configuration), Object(PHPUnit/Runner/ResultCache/DefaultResultCache), Object(PHPUnit/Framework/TestSuite))
#72 D:/projetos/estudo/loop-lab/vendor/phpunit/phpunit/phpunit(104): PHPUnit/TextUI/Application->run(Array)
#73 {main}

[previous exception] [object] (PDOException(code: HY000): SQLSTATE[HY000]: General error: 1 ambiguous column name: position at D:/projetos/estudo/loop-lab/vendor/laravel/framework/src/Illuminate/Database/Connection.php:435)
[stacktrace]
#0 D:/projetos/estudo/loop-lab/vendor/laravel/framework/src/Illuminate/Database/Connection.php(435): PDO->prepare('select \"lessons...')
#1 D:/projetos/estudo/loop-lab/vendor/laravel/framework/src/Illuminate/Database/Connection.php(846): Illuminate/Database/Connection->Illuminate/Database/{closure}('select \"lessons...', Array)
#2 D:/projetos/estudo/loop-lab/vendor/laravel/framework/src/Illuminate/Database/Connection.php(813): Illuminate/Database/Connection->runQueryCallback('select \"lessons...', Array, Object(Closure))
#3 D:/projetos/estudo/loop-lab/vendor/laravel/framework/src/Illuminate/Database/Connection.php(426): Illuminate/Database/Connection->run('select \"lessons...', Array, Object(Closure))
#4 D:/projetos/estudo/loop-lab/vendor/laravel/framework/src/Illuminate/Database/Query/Builder.php(3573): Illuminate/Database/Connection->select('select \"lessons...', Array, true, Array)
#5 D:/projetos/estudo/loop-lab/vendor/laravel/framework/src/Illuminate/Database/Query/Builder.php(3557): Illuminate/Database/Query/Builder->runSelect()
#6 D:/projetos/estudo/loop-lab/vendor/laravel/framework/src/Illuminate/Database/Eloquent/Builder.php(908): Illuminate/Database/Query/Builder->get(Array)
#7 D:/projetos/estudo/loop-lab/vendor/laravel/framework/src/Illuminate/Database/Eloquent/Builder.php(890): Illuminate/Database/Eloquent/Builder->getModels(Array)
#8 D:/projetos/estudo/loop-lab/vendor/laravel/framework/src/Illuminate/Database/Concerns/BuildsQueries.php(366): Illuminate/Database/Eloquent/Builder->get(Array)
#9 D:/projetos/estudo/loop-lab/app/Services/LearningPathService.php(32): Illuminate/Database/Eloquent/Builder->first()
#10 D:/projetos/estudo/loop-lab/app/Http/Controllers/LearningController.php(71): App/Services/LearningPathService->next(Object(App/Models/Exercise))
#11 D:/projetos/estudo/loop-lab/vendor/laravel/framework/src/Illuminate/Routing/ControllerDispatcher.php(46): App/Http/Controllers/LearningController->validateAnswer(Object(App/Http/Requests/RunCodeRequest), Object(App/Models/Exercise), Object(App/Services/ExerciseValidator), Object(App/Services/LearningPathService))
#12 D:/projetos/estudo/loop-lab/vendor/laravel/framework/src/Illuminate/Routing/Route.php(276): Illuminate/Routing/ControllerDispatcher->dispatch(Object(Illuminate/Routing/Route), Object(App/Http/Controllers/LearningController), 'validateAnswer')
#13 D:/projetos/estudo/loop-lab/vendor/laravel/framework/src/Illuminate/Routing/Route.php(216): Illuminate/Routing/Route->runController()
#14 D:/projetos/estudo/loop-lab/vendor/laravel/framework/src/Illuminate/Routing/Router.php(822): Illuminate/Routing/Route->run()
#15 D:/projetos/estudo/loop-lab/vendor/laravel/framework/src/Illuminate/Pipeline/Pipeline.php(180): Illuminate/Routing/Router->Illuminate/Routing/{closure}(Object(Illuminate/Http/Request))
#16 D:/projetos/estudo/loop-lab/vendor/laravel/framework/src/Illuminate/Routing/Middleware/SubstituteBindings.php(52): Illuminate/Pipeline/Pipeline->Illuminate/Pipeline/{closure}(Object(Illuminate/Http/Request))
#17 D:/projetos/estudo/loop-lab/vendor/laravel/framework/src/Illuminate/Pipeline/Pipeline.php(219): Illuminate/Routing/Middleware/SubstituteBindings->handle(Object(Illuminate/Http/Request), Object(Closure))
#18 D:/projetos/estudo/loop-lab/vendor/laravel/framework/src/Illuminate/Routing/Middleware/ThrottleRequests.php(168): Illuminate/Pipeline/Pipeline->Illuminate/Pipeline/{closure}(Object(Illuminate/Http/Request))
#19 D:/projetos/estudo/loop-lab/vendor/laravel/framework/src/Illuminate/Routing/Middleware/ThrottleRequests.php(93): Illuminate/Routing/Middleware/ThrottleRequests->handleRequest(Object(Illuminate/Http/Request), Object(Closure), Array)
#20 D:/projetos/estudo/loop-lab/vendor/laravel/framework/src/Illuminate/Pipeline/Pipeline.php(219): Illuminate/Routing/Middleware/ThrottleRequests->handle(Object(Illuminate/Http/Request), Object(Closure), '20', '1')
#21 D:/projetos/estudo/loop-lab/vendor/laravel/framework/src/Illuminate/Foundation/Http/Middleware/PreventRequestForgery.php(104): Illuminate/Pipeline/Pipeline->Illuminate/Pipeline/{closure}(Object(Illuminate/Http/Request))
#22 D:/projetos/estudo/loop-lab/vendor/laravel/framework/src/Illuminate/Pipeline/Pipeline.php(219): Illuminate/Foundation/Http/Middleware/PreventRequestForgery->handle(Object(Illuminate/Http/Request), Object(Closure))
#23 D:/projetos/estudo/loop-lab/vendor/laravel/framework/src/Illuminate/View/Middleware/ShareErrorsFromSession.php(48): Illuminate/Pipeline/Pipeline->Illuminate/Pipeline/{closure}(Object(Illuminate/Http/Request))
#24 D:/projetos/estudo/loop-lab/vendor/laravel/framework/src/Illuminate/Pipeline/Pipeline.php(219): Illuminate/View/Middleware/ShareErrorsFromSession->handle(Object(Illuminate/Http/Request), Object(Closure))
#25 D:/projetos/estudo/loop-lab/vendor/laravel/framework/src/Illuminate/Session/Middleware/StartSession.php(120): Illuminate/Pipeline/Pipeline->Illuminate/Pipeline/{closure}(Object(Illuminate/Http/Request))
#26 D:/projetos/estudo/loop-lab/vendor/laravel/framework/src/Illuminate/Session/Middleware/StartSession.php(63): Illuminate/Session/Middleware/StartSession->handleStatefulRequest(Object(Illuminate/Http/Request), Object(Illuminate/Session/Store), Object(Closure))
#27 D:/projetos/estudo/loop-lab/vendor/laravel/framework/src/Illuminate/Pipeline/Pipeline.php(219): Illuminate/Session/Middleware/StartSession->handle(Object(Illuminate/Http/Request), Object(Closure))
#28 D:/projetos/estudo/loop-lab/vendor/laravel/framework/src/Illuminate/Cookie/Middleware/AddQueuedCookiesToResponse.php(36): Illuminate/Pipeline/Pipeline->Illuminate/Pipeline/{closure}(Object(Illuminate/Http/Request))
#29 D:/projetos/estudo/loop-lab/vendor/laravel/framework/src/Illuminate/Pipeline/Pipeline.php(219): Illuminate/Cookie/Middleware/AddQueuedCookiesToResponse->handle(Object(Illuminate/Http/Request), Object(Closure))
#30 D:/projetos/estudo/loop-lab/vendor/laravel/framework/src/Illuminate/Cookie/Middleware/EncryptCookies.php(74): Illuminate/Pipeline/Pipeline->Illuminate/Pipeline/{closure}(Object(Illuminate/Http/Request))
#31 D:/projetos/estudo/loop-lab/vendor/laravel/framework/src/Illuminate/Pipeline/Pipeline.php(219): Illuminate/Cookie/Middleware/EncryptCookies->handle(Object(Illuminate/Http/Request), Object(Closure))
#32 D:/projetos/estudo/loop-lab/vendor/laravel/framework/src/Illuminate/Pipeline/Pipeline.php(137): Illuminate/Pipeline/Pipeline->Illuminate/Pipeline/{closure}(Object(Illuminate/Http/Request))
#33 D:/projetos/estudo/loop-lab/vendor/laravel/framework/src/Illuminate/Routing/Router.php(821): Illuminate/Pipeline/Pipeline->then(Object(Closure))
#34 D:/projetos/estudo/loop-lab/vendor/laravel/framework/src/Illuminate/Routing/Router.php(800): Illuminate/Routing/Router->runRouteWithinStack(Object(Illuminate/Routing/Route), Object(Illuminate/Http/Request))
#35 D:/projetos/estudo/loop-lab/vendor/laravel/framework/src/Illuminate/Routing/Router.php(764): Illuminate/Routing/Router->runRoute(Object(Illuminate/Http/Request), Object(Illuminate/Routing/Route))
#36 D:/projetos/estudo/loop-lab/vendor/laravel/framework/src/Illuminate/Routing/Router.php(753): Illuminate/Routing/Router->dispatchToRoute(Object(Illuminate/Http/Request))
#37 D:/projetos/estudo/loop-lab/vendor/laravel/framework/src/Illuminate/Foundation/Http/Kernel.php(200): Illuminate/Routing/Router->dispatch(Object(Illuminate/Http/Request))
#38 D:/projetos/estudo/loop-lab/vendor/laravel/framework/src/Illuminate/Pipeline/Pipeline.php(180): Illuminate/Foundation/Http/Kernel->Illuminate/Foundation/Http/{closure}(Object(Illuminate/Http/Request))
#39 D:/projetos/estudo/loop-lab/vendor/laravel/framework/src/Illuminate/Foundation/Http/Middleware/TransformsRequest.php(21): Illuminate/Pipeline/Pipeline->Illuminate/Pipeline/{closure}(Object(Illuminate/Http/Request))
#40 D:/projetos/estudo/loop-lab/vendor/laravel/framework/src/Illuminate/Foundation/Http/Middleware/ConvertEmptyStringsToNull.php(31): Illuminate/Foundation/Http/Middleware/TransformsRequest->handle(Object(Illuminate/Http/Request), Object(Closure))
#41 D:/projetos/estudo/loop-lab/vendor/laravel/framework/src/Illuminate/Pipeline/Pipeline.php(219): Illuminate/Foundation/Http/Middleware/ConvertEmptyStringsToNull->handle(Object(Illuminate/Http/Request), Object(Closure))
#42 D:/projetos/estudo/loop-lab/vendor/laravel/framework/src/Illuminate/Foundation/Http/Middleware/TransformsRequest.php(21): Illuminate/Pipeline/Pipeline->Illuminate/Pipeline/{closure}(Object(Illuminate/Http/Request))
#43 D:/projetos/estudo/loop-lab/vendor/laravel/framework/src/Illuminate/Foundation/Http/Middleware/TrimStrings.php(51): Illuminate/Foundation/Http/Middleware/TransformsRequest->handle(Object(Illuminate/Http/Request), Object(Closure))
#44 D:/projetos/estudo/loop-lab/vendor/laravel/framework/src/Illuminate/Pipeline/Pipeline.php(219): Illuminate/Foundation/Http/Middleware/TrimStrings->handle(Object(Illuminate/Http/Request), Object(Closure))
#45 D:/projetos/estudo/loop-lab/vendor/laravel/framework/src/Illuminate/Http/Middleware/ValidatePostSize.php(27): Illuminate/Pipeline/Pipeline->Illuminate/Pipeline/{closure}(Object(Illuminate/Http/Request))
#46 D:/projetos/estudo/loop-lab/vendor/laravel/framework/src/Illuminate/Pipeline/Pipeline.php(219): Illuminate/Http/Middleware/ValidatePostSize->handle(Object(Illuminate/Http/Request), Object(Closure))
#47 D:/projetos/estudo/loop-lab/vendor/laravel/framework/src/Illuminate/Foundation/Http/Middleware/PreventRequestsDuringMaintenance.php(109): Illuminate/Pipeline/Pipeline->Illuminate/Pipeline/{closure}(Object(Illuminate/Http/Request))
#48 D:/projetos/estudo/loop-lab/vendor/laravel/framework/src/Illuminate/Pipeline/Pipeline.php(219): Illuminate/Foundation/Http/Middleware/PreventRequestsDuringMaintenance->handle(Object(Illuminate/Http/Request), Object(Closure))
#49 D:/projetos/estudo/loop-lab/vendor/laravel/framework/src/Illuminate/Http/Middleware/HandleCors.php(61): Illuminate/Pipeline/Pipeline->Illuminate/Pipeline/{closure}(Object(Illuminate/Http/Request))
#50 D:/projetos/estudo/loop-lab/vendor/laravel/framework/src/Illuminate/Pipeline/Pipeline.php(219): Illuminate/Http/Middleware/HandleCors->handle(Object(Illuminate/Http/Request), Object(Closure))
#51 D:/projetos/estudo/loop-lab/vendor/laravel/framework/src/Illuminate/Http/Middleware/TrustProxies.php(58): Illuminate/Pipeline/Pipeline->Illuminate/Pipeline/{closure}(Object(Illuminate/Http/Request))
#52 D:/projetos/estudo/loop-lab/vendor/laravel/framework/src/Illuminate/Pipeline/Pipeline.php(219): Illuminate/Http/Middleware/TrustProxies->handle(Object(Illuminate/Http/Request), Object(Closure))
#53 D:/projetos/estudo/loop-lab/vendor/laravel/framework/src/Illuminate/Foundation/Http/Middleware/InvokeDeferredCallbacks.php(22): Illuminate/Pipeline/Pipeline->Illuminate/Pipeline/{closure}(Object(Illuminate/Http/Request))
#54 D:/projetos/estudo/loop-lab/vendor/laravel/framework/src/Illuminate/Pipeline/Pipeline.php(219): Illuminate/Foundation/Http/Middleware/InvokeDeferredCallbacks->handle(Object(Illuminate/Http/Request), Object(Closure))
#55 D:/projetos/estudo/loop-lab/vendor/laravel/framework/src/Illuminate/Http/Middleware/ValidatePathEncoding.php(28): Illuminate/Pipeline/Pipeline->Illuminate/Pipeline/{closure}(Object(Illuminate/Http/Request))
#56 D:/projetos/estudo/loop-lab/vendor/laravel/framework/src/Illuminate/Pipeline/Pipeline.php(219): Illuminate/Http/Middleware/ValidatePathEncoding->handle(Object(Illuminate/Http/Request), Object(Closure))
#57 D:/projetos/estudo/loop-lab/vendor/laravel/framework/src/Illuminate/Pipeline/Pipeline.php(137): Illuminate/Pipeline/Pipeline->Illuminate/Pipeline/{closure}(Object(Illuminate/Http/Request))
#58 D:/projetos/estudo/loop-lab/vendor/laravel/framework/src/Illuminate/Foundation/Http/Kernel.php(175): Illuminate/Pipeline/Pipeline->then(Object(Closure))
#59 D:/projetos/estudo/loop-lab/vendor/laravel/framework/src/Illuminate/Foundation/Http/Kernel.php(144): Illuminate/Foundation/Http/Kernel->sendRequestThroughRouter(Object(Illuminate/Http/Request))
#60 D:/projetos/estudo/loop-lab/vendor/laravel/framework/src/Illuminate/Foundation/Testing/Concerns/MakesHttpRequests.php(638): Illuminate/Foundation/Http/Kernel->handle(Object(Illuminate/Http/Request))
#61 D:/projetos/estudo/loop-lab/vendor/laravel/framework/src/Illuminate/Foundation/Testing/Concerns/MakesHttpRequests.php(604): Illuminate/Foundation/Testing/TestCase->call('POST', 'http://localhos...', Array, Array, Array, Array, '{\"code\":\"<?php ...')
#62 D:/projetos/estudo/loop-lab/vendor/laravel/framework/src/Illuminate/Foundation/Testing/Concerns/MakesHttpRequests.php(411): Illuminate/Foundation/Testing/TestCase->json('POST', 'http://localhos...', Array, Array, 0)
#63 D:/projetos/estudo/loop-lab/tests/Feature/LearningFlowTest.php(130): Illuminate/Foundation/Testing/TestCase->postJson('http://localhos...', Array)
#64 D:/projetos/estudo/loop-lab/vendor/phpunit/phpunit/src/Framework/TestCase.php(1318): Tests/Feature/LearningFlowTest->test_hidden_inputs_reject_a_hardcoded_answer()
#65 D:/projetos/estudo/loop-lab/vendor/phpunit/phpunit/src/Framework/TestCase.php(1355): PHPUnit/Framework/TestCase->invokeTestMethod('test_hidden_inp...', Array)
#66 D:/projetos/estudo/loop-lab/vendor/phpunit/phpunit/src/Framework/TestCase.php(521): PHPUnit/Framework/TestCase->runTest()
#67 D:/projetos/estudo/loop-lab/vendor/phpunit/phpunit/src/Framework/TestRunner/TestRunner.php(99): PHPUnit/Framework/TestCase->runBare()
#68 D:/projetos/estudo/loop-lab/vendor/phpunit/phpunit/src/Framework/TestCase.php(361): PHPUnit/Framework/TestRunner->run(Object(Tests/Feature/LearningFlowTest))
#69 D:/projetos/estudo/loop-lab/vendor/phpunit/phpunit/src/Framework/TestSuite.php(374): PHPUnit/Framework/TestCase->run()
#70 D:/projetos/estudo/loop-lab/vendor/phpunit/phpunit/src/Framework/TestSuite.php(374): PHPUnit/Framework/TestSuite->run()
#71 D:/projetos/estudo/loop-lab/vendor/phpunit/phpunit/src/Framework/TestSuite.php(374): PHPUnit/Framework/TestSuite->run()
#72 D:/projetos/estudo/loop-lab/vendor/phpunit/phpunit/src/TextUI/TestRunner.php(64): PHPUnit/Framework/TestSuite->run()
#73 D:/projetos/estudo/loop-lab/vendor/phpunit/phpunit/src/TextUI/Application.php(229): PHPUnit/TextUI/TestRunner->run(Object(PHPUnit/TextUI/Configuration/Configuration), Object(PHPUnit/Runner/ResultCache/DefaultResultCache), Object(PHPUnit/Framework/TestSuite))
#74 D:/projetos/estudo/loop-lab/vendor/phpunit/phpunit/phpunit(104): PHPUnit/TextUI/Application->run(Array)
#75 {main}
"} 
[2026-08-13 19:57:34] testing.ERROR: SQLSTATE[HY000]: General error: 1 ambiguous column name: position (Connection: sqlite, Database: :memory:, SQL: select "lessons".* from "lessons" inner join "modules" on "modules"."id" = "lessons"."module_id" where "is_published" = 1 and (exists (select * from "modules" where "lessons"."module_id" = "modules"."id" and "position" > 3) or ("module_id" = 3 and "position" > 1)) order by "modules"."position" asc, "lessons"."position" asc limit 1) {"exception":"[object] (Illuminate\\Database\\QueryException(code: HY000): SQLSTATE[HY000]: General error: 1 ambiguous column name: position (Connection: sqlite, Database: :memory:, SQL: select \"lessons\".* from \"lessons\" inner join \"modules\" on \"modules\".\"id\" = \"lessons\".\"module_id\" where \"is_published\" = 1 and (exists (select * from \"modules\" where \"lessons\".\"module_id\" = \"modules\".\"id\" and \"position\" > 3) or (\"module_id\" = 3 and \"position\" > 1)) order by \"modules\".\"position\" asc, \"lessons\".\"position\" asc limit 1) at D:/projetos/estudo/loop-lab/vendor/laravel/framework/src/Illuminate/Database/Connection.php:857)
[stacktrace]
#0 D:/projetos/estudo/loop-lab/vendor/laravel/framework/src/Illuminate/Database/Connection.php(813): Illuminate/Database/Connection->runQueryCallback('select \"lessons...', Array, Object(Closure))
#1 D:/projetos/estudo/loop-lab/vendor/laravel/framework/src/Illuminate/Database/Connection.php(426): Illuminate/Database/Connection->run('select \"lessons...', Array, Object(Closure))
#2 D:/projetos/estudo/loop-lab/vendor/laravel/framework/src/Illuminate/Database/Query/Builder.php(3573): Illuminate/Database/Connection->select('select \"lessons...', Array, true, Array)
#3 D:/projetos/estudo/loop-lab/vendor/laravel/framework/src/Illuminate/Database/Query/Builder.php(3557): Illuminate/Database/Query/Builder->runSelect()
#4 D:/projetos/estudo/loop-lab/vendor/laravel/framework/src/Illuminate/Database/Eloquent/Builder.php(908): Illuminate/Database/Query/Builder->get(Array)
#5 D:/projetos/estudo/loop-lab/vendor/laravel/framework/src/Illuminate/Database/Eloquent/Builder.php(890): Illuminate/Database/Eloquent/Builder->getModels(Array)
#6 D:/projetos/estudo/loop-lab/vendor/laravel/framework/src/Illuminate/Database/Concerns/BuildsQueries.php(366): Illuminate/Database/Eloquent/Builder->get(Array)
#7 D:/projetos/estudo/loop-lab/app/Services/LearningPathService.php(32): Illuminate/Database/Eloquent/Builder->first()
#8 D:/projetos/estudo/loop-lab/app/Http/Controllers/LearningController.php(71): App/Services/LearningPathService->next(Object(App/Models/Exercise))
#9 D:/projetos/estudo/loop-lab/vendor/laravel/framework/src/Illuminate/Routing/ControllerDispatcher.php(46): App/Http/Controllers/LearningController->validateAnswer(Object(App/Http/Requests/RunCodeRequest), Object(App/Models/Exercise), Object(App/Services/ExerciseValidator), Object(App/Services/LearningPathService))
#10 D:/projetos/estudo/loop-lab/vendor/laravel/framework/src/Illuminate/Routing/Route.php(276): Illuminate/Routing/ControllerDispatcher->dispatch(Object(Illuminate/Routing/Route), Object(App/Http/Controllers/LearningController), 'validateAnswer')
#11 D:/projetos/estudo/loop-lab/vendor/laravel/framework/src/Illuminate/Routing/Route.php(216): Illuminate/Routing/Route->runController()
#12 D:/projetos/estudo/loop-lab/vendor/laravel/framework/src/Illuminate/Routing/Router.php(822): Illuminate/Routing/Route->run()
#13 D:/projetos/estudo/loop-lab/vendor/laravel/framework/src/Illuminate/Pipeline/Pipeline.php(180): Illuminate/Routing/Router->Illuminate/Routing/{closure}(Object(Illuminate/Http/Request))
#14 D:/projetos/estudo/loop-lab/vendor/laravel/framework/src/Illuminate/Routing/Middleware/SubstituteBindings.php(52): Illuminate/Pipeline/Pipeline->Illuminate/Pipeline/{closure}(Object(Illuminate/Http/Request))
#15 D:/projetos/estudo/loop-lab/vendor/laravel/framework/src/Illuminate/Pipeline/Pipeline.php(219): Illuminate/Routing/Middleware/SubstituteBindings->handle(Object(Illuminate/Http/Request), Object(Closure))
#16 D:/projetos/estudo/loop-lab/vendor/laravel/framework/src/Illuminate/Routing/Middleware/ThrottleRequests.php(168): Illuminate/Pipeline/Pipeline->Illuminate/Pipeline/{closure}(Object(Illuminate/Http/Request))
#17 D:/projetos/estudo/loop-lab/vendor/laravel/framework/src/Illuminate/Routing/Middleware/ThrottleRequests.php(93): Illuminate/Routing/Middleware/ThrottleRequests->handleRequest(Object(Illuminate/Http/Request), Object(Closure), Array)
#18 D:/projetos/estudo/loop-lab/vendor/laravel/framework/src/Illuminate/Pipeline/Pipeline.php(219): Illuminate/Routing/Middleware/ThrottleRequests->handle(Object(Illuminate/Http/Request), Object(Closure), '20', '1')
#19 D:/projetos/estudo/loop-lab/vendor/laravel/framework/src/Illuminate/Foundation/Http/Middleware/PreventRequestForgery.php(104): Illuminate/Pipeline/Pipeline->Illuminate/Pipeline/{closure}(Object(Illuminate/Http/Request))
#20 D:/projetos/estudo/loop-lab/vendor/laravel/framework/src/Illuminate/Pipeline/Pipeline.php(219): Illuminate/Foundation/Http/Middleware/PreventRequestForgery->handle(Object(Illuminate/Http/Request), Object(Closure))
#21 D:/projetos/estudo/loop-lab/vendor/laravel/framework/src/Illuminate/View/Middleware/ShareErrorsFromSession.php(48): Illuminate/Pipeline/Pipeline->Illuminate/Pipeline/{closure}(Object(Illuminate/Http/Request))
#22 D:/projetos/estudo/loop-lab/vendor/laravel/framework/src/Illuminate/Pipeline/Pipeline.php(219): Illuminate/View/Middleware/ShareErrorsFromSession->handle(Object(Illuminate/Http/Request), Object(Closure))
#23 D:/projetos/estudo/loop-lab/vendor/laravel/framework/src/Illuminate/Session/Middleware/StartSession.php(120): Illuminate/Pipeline/Pipeline->Illuminate/Pipeline/{closure}(Object(Illuminate/Http/Request))
#24 D:/projetos/estudo/loop-lab/vendor/laravel/framework/src/Illuminate/Session/Middleware/StartSession.php(63): Illuminate/Session/Middleware/StartSession->handleStatefulRequest(Object(Illuminate/Http/Request), Object(Illuminate/Session/Store), Object(Closure))
#25 D:/projetos/estudo/loop-lab/vendor/laravel/framework/src/Illuminate/Pipeline/Pipeline.php(219): Illuminate/Session/Middleware/StartSession->handle(Object(Illuminate/Http/Request), Object(Closure))
#26 D:/projetos/estudo/loop-lab/vendor/laravel/framework/src/Illuminate/Cookie/Middleware/AddQueuedCookiesToResponse.php(36): Illuminate/Pipeline/Pipeline->Illuminate/Pipeline/{closure}(Object(Illuminate/Http/Request))
#27 D:/projetos/estudo/loop-lab/vendor/laravel/framework/src/Illuminate/Pipeline/Pipeline.php(219): Illuminate/Cookie/Middleware/AddQueuedCookiesToResponse->handle(Object(Illuminate/Http/Request), Object(Closure))
#28 D:/projetos/estudo/loop-lab/vendor/laravel/framework/src/Illuminate/Cookie/Middleware/EncryptCookies.php(74): Illuminate/Pipeline/Pipeline->Illuminate/Pipeline/{closure}(Object(Illuminate/Http/Request))
#29 D:/projetos/estudo/loop-lab/vendor/laravel/framework/src/Illuminate/Pipeline/Pipeline.php(219): Illuminate/Cookie/Middleware/EncryptCookies->handle(Object(Illuminate/Http/Request), Object(Closure))
#30 D:/projetos/estudo/loop-lab/vendor/laravel/framework/src/Illuminate/Pipeline/Pipeline.php(137): Illuminate/Pipeline/Pipeline->Illuminate/Pipeline/{closure}(Object(Illuminate/Http/Request))
#31 D:/projetos/estudo/loop-lab/vendor/laravel/framework/src/Illuminate/Routing/Router.php(821): Illuminate/Pipeline/Pipeline->then(Object(Closure))
#32 D:/projetos/estudo/loop-lab/vendor/laravel/framework/src/Illuminate/Routing/Router.php(800): Illuminate/Routing/Router->runRouteWithinStack(Object(Illuminate/Routing/Route), Object(Illuminate/Http/Request))
#33 D:/projetos/estudo/loop-lab/vendor/laravel/framework/src/Illuminate/Routing/Router.php(764): Illuminate/Routing/Router->runRoute(Object(Illuminate/Http/Request), Object(Illuminate/Routing/Route))
#34 D:/projetos/estudo/loop-lab/vendor/laravel/framework/src/Illuminate/Routing/Router.php(753): Illuminate/Routing/Router->dispatchToRoute(Object(Illuminate/Http/Request))
#35 D:/projetos/estudo/loop-lab/vendor/laravel/framework/src/Illuminate/Foundation/Http/Kernel.php(200): Illuminate/Routing/Router->dispatch(Object(Illuminate/Http/Request))
#36 D:/projetos/estudo/loop-lab/vendor/laravel/framework/src/Illuminate/Pipeline/Pipeline.php(180): Illuminate/Foundation/Http/Kernel->Illuminate/Foundation/Http/{closure}(Object(Illuminate/Http/Request))
#37 D:/projetos/estudo/loop-lab/vendor/laravel/framework/src/Illuminate/Foundation/Http/Middleware/TransformsRequest.php(21): Illuminate/Pipeline/Pipeline->Illuminate/Pipeline/{closure}(Object(Illuminate/Http/Request))
#38 D:/projetos/estudo/loop-lab/vendor/laravel/framework/src/Illuminate/Foundation/Http/Middleware/ConvertEmptyStringsToNull.php(31): Illuminate/Foundation/Http/Middleware/TransformsRequest->handle(Object(Illuminate/Http/Request), Object(Closure))
#39 D:/projetos/estudo/loop-lab/vendor/laravel/framework/src/Illuminate/Pipeline/Pipeline.php(219): Illuminate/Foundation/Http/Middleware/ConvertEmptyStringsToNull->handle(Object(Illuminate/Http/Request), Object(Closure))
#40 D:/projetos/estudo/loop-lab/vendor/laravel/framework/src/Illuminate/Foundation/Http/Middleware/TransformsRequest.php(21): Illuminate/Pipeline/Pipeline->Illuminate/Pipeline/{closure}(Object(Illuminate/Http/Request))
#41 D:/projetos/estudo/loop-lab/vendor/laravel/framework/src/Illuminate/Foundation/Http/Middleware/TrimStrings.php(51): Illuminate/Foundation/Http/Middleware/TransformsRequest->handle(Object(Illuminate/Http/Request), Object(Closure))
#42 D:/projetos/estudo/loop-lab/vendor/laravel/framework/src/Illuminate/Pipeline/Pipeline.php(219): Illuminate/Foundation/Http/Middleware/TrimStrings->handle(Object(Illuminate/Http/Request), Object(Closure))
#43 D:/projetos/estudo/loop-lab/vendor/laravel/framework/src/Illuminate/Http/Middleware/ValidatePostSize.php(27): Illuminate/Pipeline/Pipeline->Illuminate/Pipeline/{closure}(Object(Illuminate/Http/Request))
#44 D:/projetos/estudo/loop-lab/vendor/laravel/framework/src/Illuminate/Pipeline/Pipeline.php(219): Illuminate/Http/Middleware/ValidatePostSize->handle(Object(Illuminate/Http/Request), Object(Closure))
#45 D:/projetos/estudo/loop-lab/vendor/laravel/framework/src/Illuminate/Foundation/Http/Middleware/PreventRequestsDuringMaintenance.php(109): Illuminate/Pipeline/Pipeline->Illuminate/Pipeline/{closure}(Object(Illuminate/Http/Request))
#46 D:/projetos/estudo/loop-lab/vendor/laravel/framework/src/Illuminate/Pipeline/Pipeline.php(219): Illuminate/Foundation/Http/Middleware/PreventRequestsDuringMaintenance->handle(Object(Illuminate/Http/Request), Object(Closure))
#47 D:/projetos/estudo/loop-lab/vendor/laravel/framework/src/Illuminate/Http/Middleware/HandleCors.php(61): Illuminate/Pipeline/Pipeline->Illuminate/Pipeline/{closure}(Object(Illuminate/Http/Request))
#48 D:/projetos/estudo/loop-lab/vendor/laravel/framework/src/Illuminate/Pipeline/Pipeline.php(219): Illuminate/Http/Middleware/HandleCors->handle(Object(Illuminate/Http/Request), Object(Closure))
#49 D:/projetos/estudo/loop-lab/vendor/laravel/framework/src/Illuminate/Http/Middleware/TrustProxies.php(58): Illuminate/Pipeline/Pipeline->Illuminate/Pipeline/{closure}(Object(Illuminate/Http/Request))
#50 D:/projetos/estudo/loop-lab/vendor/laravel/framework/src/Illuminate/Pipeline/Pipeline.php(219): Illuminate/Http/Middleware/TrustProxies->handle(Object(Illuminate/Http/Request), Object(Closure))
#51 D:/projetos/estudo/loop-lab/vendor/laravel/framework/src/Illuminate/Foundation/Http/Middleware/InvokeDeferredCallbacks.php(22): Illuminate/Pipeline/Pipeline->Illuminate/Pipeline/{closure}(Object(Illuminate/Http/Request))
#52 D:/projetos/estudo/loop-lab/vendor/laravel/framework/src/Illuminate/Pipeline/Pipeline.php(219): Illuminate/Foundation/Http/Middleware/InvokeDeferredCallbacks->handle(Object(Illuminate/Http/Request), Object(Closure))
#53 D:/projetos/estudo/loop-lab/vendor/laravel/framework/src/Illuminate/Http/Middleware/ValidatePathEncoding.php(28): Illuminate/Pipeline/Pipeline->Illuminate/Pipeline/{closure}(Object(Illuminate/Http/Request))
#54 D:/projetos/estudo/loop-lab/vendor/laravel/framework/src/Illuminate/Pipeline/Pipeline.php(219): Illuminate/Http/Middleware/ValidatePathEncoding->handle(Object(Illuminate/Http/Request), Object(Closure))
#55 D:/projetos/estudo/loop-lab/vendor/laravel/framework/src/Illuminate/Pipeline/Pipeline.php(137): Illuminate/Pipeline/Pipeline->Illuminate/Pipeline/{closure}(Object(Illuminate/Http/Request))
#56 D:/projetos/estudo/loop-lab/vendor/laravel/framework/src/Illuminate/Foundation/Http/Kernel.php(175): Illuminate/Pipeline/Pipeline->then(Object(Closure))
#57 D:/projetos/estudo/loop-lab/vendor/laravel/framework/src/Illuminate/Foundation/Http/Kernel.php(144): Illuminate/Foundation/Http/Kernel->sendRequestThroughRouter(Object(Illuminate/Http/Request))
#58 D:/projetos/estudo/loop-lab/vendor/laravel/framework/src/Illuminate/Foundation/Testing/Concerns/MakesHttpRequests.php(638): Illuminate/Foundation/Http/Kernel->handle(Object(Illuminate/Http/Request))
#59 D:/projetos/estudo/loop-lab/vendor/laravel/framework/src/Illuminate/Foundation/Testing/Concerns/MakesHttpRequests.php(604): Illuminate/Foundation/Testing/TestCase->call('POST', 'http://localhos...', Array, Array, Array, Array, '{\"code\":\"B\"}')
#60 D:/projetos/estudo/loop-lab/vendor/laravel/framework/src/Illuminate/Foundation/Testing/Concerns/MakesHttpRequests.php(411): Illuminate/Foundation/Testing/TestCase->json('POST', 'http://localhos...', Array, Array, 0)
#61 D:/projetos/estudo/loop-lab/tests/Feature/LearningFlowTest.php(147): Illuminate/Foundation/Testing/TestCase->postJson('http://localhos...', Array)
#62 D:/projetos/estudo/loop-lab/vendor/phpunit/phpunit/src/Framework/TestCase.php(1318): Tests/Feature/LearningFlowTest->test_prediction_exercise_can_be_answered()
#63 D:/projetos/estudo/loop-lab/vendor/phpunit/phpunit/src/Framework/TestCase.php(1355): PHPUnit/Framework/TestCase->invokeTestMethod('test_prediction...', Array)
#64 D:/projetos/estudo/loop-lab/vendor/phpunit/phpunit/src/Framework/TestCase.php(521): PHPUnit/Framework/TestCase->runTest()
#65 D:/projetos/estudo/loop-lab/vendor/phpunit/phpunit/src/Framework/TestRunner/TestRunner.php(99): PHPUnit/Framework/TestCase->runBare()
#66 D:/projetos/estudo/loop-lab/vendor/phpunit/phpunit/src/Framework/TestCase.php(361): PHPUnit/Framework/TestRunner->run(Object(Tests/Feature/LearningFlowTest))
#67 D:/projetos/estudo/loop-lab/vendor/phpunit/phpunit/src/Framework/TestSuite.php(374): PHPUnit/Framework/TestCase->run()
#68 D:/projetos/estudo/loop-lab/vendor/phpunit/phpunit/src/Framework/TestSuite.php(374): PHPUnit/Framework/TestSuite->run()
#69 D:/projetos/estudo/loop-lab/vendor/phpunit/phpunit/src/Framework/TestSuite.php(374): PHPUnit/Framework/TestSuite->run()
#70 D:/projetos/estudo/loop-lab/vendor/phpunit/phpunit/src/TextUI/TestRunner.php(64): PHPUnit/Framework/TestSuite->run()
#71 D:/projetos/estudo/loop-lab/vendor/phpunit/phpunit/src/TextUI/Application.php(229): PHPUnit/TextUI/TestRunner->run(Object(PHPUnit/TextUI/Configuration/Configuration), Object(PHPUnit/Runner/ResultCache/DefaultResultCache), Object(PHPUnit/Framework/TestSuite))
#72 D:/projetos/estudo/loop-lab/vendor/phpunit/phpunit/phpunit(104): PHPUnit/TextUI/Application->run(Array)
#73 {main}

[previous exception] [object] (PDOException(code: HY000): SQLSTATE[HY000]: General error: 1 ambiguous column name: position at D:/projetos/estudo/loop-lab/vendor/laravel/framework/src/Illuminate/Database/Connection.php:435)
[stacktrace]
#0 D:/projetos/estudo/loop-lab/vendor/laravel/framework/src/Illuminate/Database/Connection.php(435): PDO->prepare('select \"lessons...')
#1 D:/projetos/estudo/loop-lab/vendor/laravel/framework/src/Illuminate/Database/Connection.php(846): Illuminate/Database/Connection->Illuminate/Database/{closure}('select \"lessons...', Array)
#2 D:/projetos/estudo/loop-lab/vendor/laravel/framework/src/Illuminate/Database/Connection.php(813): Illuminate/Database/Connection->runQueryCallback('select \"lessons...', Array, Object(Closure))
#3 D:/projetos/estudo/loop-lab/vendor/laravel/framework/src/Illuminate/Database/Connection.php(426): Illuminate/Database/Connection->run('select \"lessons...', Array, Object(Closure))
#4 D:/projetos/estudo/loop-lab/vendor/laravel/framework/src/Illuminate/Database/Query/Builder.php(3573): Illuminate/Database/Connection->select('select \"lessons...', Array, true, Array)
#5 D:/projetos/estudo/loop-lab/vendor/laravel/framework/src/Illuminate/Database/Query/Builder.php(3557): Illuminate/Database/Query/Builder->runSelect()
#6 D:/projetos/estudo/loop-lab/vendor/laravel/framework/src/Illuminate/Database/Eloquent/Builder.php(908): Illuminate/Database/Query/Builder->get(Array)
#7 D:/projetos/estudo/loop-lab/vendor/laravel/framework/src/Illuminate/Database/Eloquent/Builder.php(890): Illuminate/Database/Eloquent/Builder->getModels(Array)
#8 D:/projetos/estudo/loop-lab/vendor/laravel/framework/src/Illuminate/Database/Concerns/BuildsQueries.php(366): Illuminate/Database/Eloquent/Builder->get(Array)
#9 D:/projetos/estudo/loop-lab/app/Services/LearningPathService.php(32): Illuminate/Database/Eloquent/Builder->first()
#10 D:/projetos/estudo/loop-lab/app/Http/Controllers/LearningController.php(71): App/Services/LearningPathService->next(Object(App/Models/Exercise))
#11 D:/projetos/estudo/loop-lab/vendor/laravel/framework/src/Illuminate/Routing/ControllerDispatcher.php(46): App/Http/Controllers/LearningController->validateAnswer(Object(App/Http/Requests/RunCodeRequest), Object(App/Models/Exercise), Object(App/Services/ExerciseValidator), Object(App/Services/LearningPathService))
#12 D:/projetos/estudo/loop-lab/vendor/laravel/framework/src/Illuminate/Routing/Route.php(276): Illuminate/Routing/ControllerDispatcher->dispatch(Object(Illuminate/Routing/Route), Object(App/Http/Controllers/LearningController), 'validateAnswer')
#13 D:/projetos/estudo/loop-lab/vendor/laravel/framework/src/Illuminate/Routing/Route.php(216): Illuminate/Routing/Route->runController()
#14 D:/projetos/estudo/loop-lab/vendor/laravel/framework/src/Illuminate/Routing/Router.php(822): Illuminate/Routing/Route->run()
#15 D:/projetos/estudo/loop-lab/vendor/laravel/framework/src/Illuminate/Pipeline/Pipeline.php(180): Illuminate/Routing/Router->Illuminate/Routing/{closure}(Object(Illuminate/Http/Request))
#16 D:/projetos/estudo/loop-lab/vendor/laravel/framework/src/Illuminate/Routing/Middleware/SubstituteBindings.php(52): Illuminate/Pipeline/Pipeline->Illuminate/Pipeline/{closure}(Object(Illuminate/Http/Request))
#17 D:/projetos/estudo/loop-lab/vendor/laravel/framework/src/Illuminate/Pipeline/Pipeline.php(219): Illuminate/Routing/Middleware/SubstituteBindings->handle(Object(Illuminate/Http/Request), Object(Closure))
#18 D:/projetos/estudo/loop-lab/vendor/laravel/framework/src/Illuminate/Routing/Middleware/ThrottleRequests.php(168): Illuminate/Pipeline/Pipeline->Illuminate/Pipeline/{closure}(Object(Illuminate/Http/Request))
#19 D:/projetos/estudo/loop-lab/vendor/laravel/framework/src/Illuminate/Routing/Middleware/ThrottleRequests.php(93): Illuminate/Routing/Middleware/ThrottleRequests->handleRequest(Object(Illuminate/Http/Request), Object(Closure), Array)
#20 D:/projetos/estudo/loop-lab/vendor/laravel/framework/src/Illuminate/Pipeline/Pipeline.php(219): Illuminate/Routing/Middleware/ThrottleRequests->handle(Object(Illuminate/Http/Request), Object(Closure), '20', '1')
#21 D:/projetos/estudo/loop-lab/vendor/laravel/framework/src/Illuminate/Foundation/Http/Middleware/PreventRequestForgery.php(104): Illuminate/Pipeline/Pipeline->Illuminate/Pipeline/{closure}(Object(Illuminate/Http/Request))
#22 D:/projetos/estudo/loop-lab/vendor/laravel/framework/src/Illuminate/Pipeline/Pipeline.php(219): Illuminate/Foundation/Http/Middleware/PreventRequestForgery->handle(Object(Illuminate/Http/Request), Object(Closure))
#23 D:/projetos/estudo/loop-lab/vendor/laravel/framework/src/Illuminate/View/Middleware/ShareErrorsFromSession.php(48): Illuminate/Pipeline/Pipeline->Illuminate/Pipeline/{closure}(Object(Illuminate/Http/Request))
#24 D:/projetos/estudo/loop-lab/vendor/laravel/framework/src/Illuminate/Pipeline/Pipeline.php(219): Illuminate/View/Middleware/ShareErrorsFromSession->handle(Object(Illuminate/Http/Request), Object(Closure))
#25 D:/projetos/estudo/loop-lab/vendor/laravel/framework/src/Illuminate/Session/Middleware/StartSession.php(120): Illuminate/Pipeline/Pipeline->Illuminate/Pipeline/{closure}(Object(Illuminate/Http/Request))
#26 D:/projetos/estudo/loop-lab/vendor/laravel/framework/src/Illuminate/Session/Middleware/StartSession.php(63): Illuminate/Session/Middleware/StartSession->handleStatefulRequest(Object(Illuminate/Http/Request), Object(Illuminate/Session/Store), Object(Closure))
#27 D:/projetos/estudo/loop-lab/vendor/laravel/framework/src/Illuminate/Pipeline/Pipeline.php(219): Illuminate/Session/Middleware/StartSession->handle(Object(Illuminate/Http/Request), Object(Closure))
#28 D:/projetos/estudo/loop-lab/vendor/laravel/framework/src/Illuminate/Cookie/Middleware/AddQueuedCookiesToResponse.php(36): Illuminate/Pipeline/Pipeline->Illuminate/Pipeline/{closure}(Object(Illuminate/Http/Request))
#29 D:/projetos/estudo/loop-lab/vendor/laravel/framework/src/Illuminate/Pipeline/Pipeline.php(219): Illuminate/Cookie/Middleware/AddQueuedCookiesToResponse->handle(Object(Illuminate/Http/Request), Object(Closure))
#30 D:/projetos/estudo/loop-lab/vendor/laravel/framework/src/Illuminate/Cookie/Middleware/EncryptCookies.php(74): Illuminate/Pipeline/Pipeline->Illuminate/Pipeline/{closure}(Object(Illuminate/Http/Request))
#31 D:/projetos/estudo/loop-lab/vendor/laravel/framework/src/Illuminate/Pipeline/Pipeline.php(219): Illuminate/Cookie/Middleware/EncryptCookies->handle(Object(Illuminate/Http/Request), Object(Closure))
#32 D:/projetos/estudo/loop-lab/vendor/laravel/framework/src/Illuminate/Pipeline/Pipeline.php(137): Illuminate/Pipeline/Pipeline->Illuminate/Pipeline/{closure}(Object(Illuminate/Http/Request))
#33 D:/projetos/estudo/loop-lab/vendor/laravel/framework/src/Illuminate/Routing/Router.php(821): Illuminate/Pipeline/Pipeline->then(Object(Closure))
#34 D:/projetos/estudo/loop-lab/vendor/laravel/framework/src/Illuminate/Routing/Router.php(800): Illuminate/Routing/Router->runRouteWithinStack(Object(Illuminate/Routing/Route), Object(Illuminate/Http/Request))
#35 D:/projetos/estudo/loop-lab/vendor/laravel/framework/src/Illuminate/Routing/Router.php(764): Illuminate/Routing/Router->runRoute(Object(Illuminate/Http/Request), Object(Illuminate/Routing/Route))
#36 D:/projetos/estudo/loop-lab/vendor/laravel/framework/src/Illuminate/Routing/Router.php(753): Illuminate/Routing/Router->dispatchToRoute(Object(Illuminate/Http/Request))
#37 D:/projetos/estudo/loop-lab/vendor/laravel/framework/src/Illuminate/Foundation/Http/Kernel.php(200): Illuminate/Routing/Router->dispatch(Object(Illuminate/Http/Request))
#38 D:/projetos/estudo/loop-lab/vendor/laravel/framework/src/Illuminate/Pipeline/Pipeline.php(180): Illuminate/Foundation/Http/Kernel->Illuminate/Foundation/Http/{closure}(Object(Illuminate/Http/Request))
#39 D:/projetos/estudo/loop-lab/vendor/laravel/framework/src/Illuminate/Foundation/Http/Middleware/TransformsRequest.php(21): Illuminate/Pipeline/Pipeline->Illuminate/Pipeline/{closure}(Object(Illuminate/Http/Request))
#40 D:/projetos/estudo/loop-lab/vendor/laravel/framework/src/Illuminate/Foundation/Http/Middleware/ConvertEmptyStringsToNull.php(31): Illuminate/Foundation/Http/Middleware/TransformsRequest->handle(Object(Illuminate/Http/Request), Object(Closure))
#41 D:/projetos/estudo/loop-lab/vendor/laravel/framework/src/Illuminate/Pipeline/Pipeline.php(219): Illuminate/Foundation/Http/Middleware/ConvertEmptyStringsToNull->handle(Object(Illuminate/Http/Request), Object(Closure))
#42 D:/projetos/estudo/loop-lab/vendor/laravel/framework/src/Illuminate/Foundation/Http/Middleware/TransformsRequest.php(21): Illuminate/Pipeline/Pipeline->Illuminate/Pipeline/{closure}(Object(Illuminate/Http/Request))
#43 D:/projetos/estudo/loop-lab/vendor/laravel/framework/src/Illuminate/Foundation/Http/Middleware/TrimStrings.php(51): Illuminate/Foundation/Http/Middleware/TransformsRequest->handle(Object(Illuminate/Http/Request), Object(Closure))
#44 D:/projetos/estudo/loop-lab/vendor/laravel/framework/src/Illuminate/Pipeline/Pipeline.php(219): Illuminate/Foundation/Http/Middleware/TrimStrings->handle(Object(Illuminate/Http/Request), Object(Closure))
#45 D:/projetos/estudo/loop-lab/vendor/laravel/framework/src/Illuminate/Http/Middleware/ValidatePostSize.php(27): Illuminate/Pipeline/Pipeline->Illuminate/Pipeline/{closure}(Object(Illuminate/Http/Request))
#46 D:/projetos/estudo/loop-lab/vendor/laravel/framework/src/Illuminate/Pipeline/Pipeline.php(219): Illuminate/Http/Middleware/ValidatePostSize->handle(Object(Illuminate/Http/Request), Object(Closure))
#47 D:/projetos/estudo/loop-lab/vendor/laravel/framework/src/Illuminate/Foundation/Http/Middleware/PreventRequestsDuringMaintenance.php(109): Illuminate/Pipeline/Pipeline->Illuminate/Pipeline/{closure}(Object(Illuminate/Http/Request))
#48 D:/projetos/estudo/loop-lab/vendor/laravel/framework/src/Illuminate/Pipeline/Pipeline.php(219): Illuminate/Foundation/Http/Middleware/PreventRequestsDuringMaintenance->handle(Object(Illuminate/Http/Request), Object(Closure))
#49 D:/projetos/estudo/loop-lab/vendor/laravel/framework/src/Illuminate/Http/Middleware/HandleCors.php(61): Illuminate/Pipeline/Pipeline->Illuminate/Pipeline/{closure}(Object(Illuminate/Http/Request))
#50 D:/projetos/estudo/loop-lab/vendor/laravel/framework/src/Illuminate/Pipeline/Pipeline.php(219): Illuminate/Http/Middleware/HandleCors->handle(Object(Illuminate/Http/Request), Object(Closure))
#51 D:/projetos/estudo/loop-lab/vendor/laravel/framework/src/Illuminate/Http/Middleware/TrustProxies.php(58): Illuminate/Pipeline/Pipeline->Illuminate/Pipeline/{closure}(Object(Illuminate/Http/Request))
#52 D:/projetos/estudo/loop-lab/vendor/laravel/framework/src/Illuminate/Pipeline/Pipeline.php(219): Illuminate/Http/Middleware/TrustProxies->handle(Object(Illuminate/Http/Request), Object(Closure))
#53 D:/projetos/estudo/loop-lab/vendor/laravel/framework/src/Illuminate/Foundation/Http/Middleware/InvokeDeferredCallbacks.php(22): Illuminate/Pipeline/Pipeline->Illuminate/Pipeline/{closure}(Object(Illuminate/Http/Request))
#54 D:/projetos/estudo/loop-lab/vendor/laravel/framework/src/Illuminate/Pipeline/Pipeline.php(219): Illuminate/Foundation/Http/Middleware/InvokeDeferredCallbacks->handle(Object(Illuminate/Http/Request), Object(Closure))
#55 D:/projetos/estudo/loop-lab/vendor/laravel/framework/src/Illuminate/Http/Middleware/ValidatePathEncoding.php(28): Illuminate/Pipeline/Pipeline->Illuminate/Pipeline/{closure}(Object(Illuminate/Http/Request))
#56 D:/projetos/estudo/loop-lab/vendor/laravel/framework/src/Illuminate/Pipeline/Pipeline.php(219): Illuminate/Http/Middleware/ValidatePathEncoding->handle(Object(Illuminate/Http/Request), Object(Closure))
#57 D:/projetos/estudo/loop-lab/vendor/laravel/framework/src/Illuminate/Pipeline/Pipeline.php(137): Illuminate/Pipeline/Pipeline->Illuminate/Pipeline/{closure}(Object(Illuminate/Http/Request))
#58 D:/projetos/estudo/loop-lab/vendor/laravel/framework/src/Illuminate/Foundation/Http/Kernel.php(175): Illuminate/Pipeline/Pipeline->then(Object(Closure))
#59 D:/projetos/estudo/loop-lab/vendor/laravel/framework/src/Illuminate/Foundation/Http/Kernel.php(144): Illuminate/Foundation/Http/Kernel->sendRequestThroughRouter(Object(Illuminate/Http/Request))
#60 D:/projetos/estudo/loop-lab/vendor/laravel/framework/src/Illuminate/Foundation/Testing/Concerns/MakesHttpRequests.php(638): Illuminate/Foundation/Http/Kernel->handle(Object(Illuminate/Http/Request))
#61 D:/projetos/estudo/loop-lab/vendor/laravel/framework/src/Illuminate/Foundation/Testing/Concerns/MakesHttpRequests.php(604): Illuminate/Foundation/Testing/TestCase->call('POST', 'http://localhos...', Array, Array, Array, Array, '{\"code\":\"B\"}')
#62 D:/projetos/estudo/loop-lab/vendor/laravel/framework/src/Illuminate/Foundation/Testing/Concerns/MakesHttpRequests.php(411): Illuminate/Foundation/Testing/TestCase->json('POST', 'http://localhos...', Array, Array, 0)
#63 D:/projetos/estudo/loop-lab/tests/Feature/LearningFlowTest.php(147): Illuminate/Foundation/Testing/TestCase->postJson('http://localhos...', Array)
#64 D:/projetos/estudo/loop-lab/vendor/phpunit/phpunit/src/Framework/TestCase.php(1318): Tests/Feature/LearningFlowTest->test_prediction_exercise_can_be_answered()
#65 D:/projetos/estudo/loop-lab/vendor/phpunit/phpunit/src/Framework/TestCase.php(1355): PHPUnit/Framework/TestCase->invokeTestMethod('test_prediction...', Array)
#66 D:/projetos/estudo/loop-lab/vendor/phpunit/phpunit/src/Framework/TestCase.php(521): PHPUnit/Framework/TestCase->runTest()
#67 D:/projetos/estudo/loop-lab/vendor/phpunit/phpunit/src/Framework/TestRunner/TestRunner.php(99): PHPUnit/Framework/TestCase->runBare()
#68 D:/projetos/estudo/loop-lab/vendor/phpunit/phpunit/src/Framework/TestCase.php(361): PHPUnit/Framework/TestRunner->run(Object(Tests/Feature/LearningFlowTest))
#69 D:/projetos/estudo/loop-lab/vendor/phpunit/phpunit/src/Framework/TestSuite.php(374): PHPUnit/Framework/TestCase->run()
#70 D:/projetos/estudo/loop-lab/vendor/phpunit/phpunit/src/Framework/TestSuite.php(374): PHPUnit/Framework/TestSuite->run()
#71 D:/projetos/estudo/loop-lab/vendor/phpunit/phpunit/src/Framework/TestSuite.php(374): PHPUnit/Framework/TestSuite->run()
#72 D:/projetos/estudo/loop-lab/vendor/phpunit/phpunit/src/TextUI/TestRunner.php(64): PHPUnit/Framework/TestSuite->run()
#73 D:/projetos/estudo/loop-lab/vendor/phpunit/phpunit/src/TextUI/Application.php(229): PHPUnit/TextUI/TestRunner->run(Object(PHPUnit/TextUI/Configuration/Configuration), Object(PHPUnit/Runner/ResultCache/DefaultResultCache), Object(PHPUnit/Framework/TestSuite))
#74 D:/projetos/estudo/loop-lab/vendor/phpunit/phpunit/phpunit(104): PHPUnit/TextUI/Application->run(Array)
#75 {main}
"} 
[2026-08-13 19:59:07] testing.ERROR: syntax error, unexpected token "endif" (View: D:\projetos\estudo\loop-lab\resources\views\lesson.blade.php) {"exception":"[object] (Illuminate\\View\\ViewException(code: 0): syntax error, unexpected token \"endif\" (View: D:\\projetos\\estudo\\loop-lab\\resources\\views\\lesson.blade.php) at D:/projetos/estudo/loop-lab/storage/framework/views/6da633c87c8abf00aa35729240175b5f.php:65)
[stacktrace]
#0 D:/projetos/estudo/loop-lab/vendor/laravel/framework/src/Illuminate/View/Engines/PhpEngine.php(59): Illuminate/View/Engines/CompilerEngine->handleViewException(Object(ParseError), 1)
#1 D:/projetos/estudo/loop-lab/vendor/laravel/framework/src/Illuminate/View/Engines/CompilerEngine.php(76): Illuminate/View/Engines/PhpEngine->evaluatePath('D://projetos//est...', Array)
#2 D:/projetos/estudo/loop-lab/vendor/laravel/framework/src/Illuminate/View/View.php(208): Illuminate/View/Engines/CompilerEngine->get('D://projetos//est...', Array)
#3 D:/projetos/estudo/loop-lab/vendor/laravel/framework/src/Illuminate/View/View.php(191): Illuminate/View/View->getContents()
#4 D:/projetos/estudo/loop-lab/vendor/laravel/framework/src/Illuminate/View/View.php(160): Illuminate/View/View->renderContents()
#5 D:/projetos/estudo/loop-lab/vendor/laravel/framework/src/Illuminate/Http/Response.php(82): Illuminate/View/View->render()
#6 D:/projetos/estudo/loop-lab/vendor/laravel/framework/src/Illuminate/Http/Response.php(40): Illuminate/Http/Response->setContent(Object(Illuminate/View/View))
#7 D:/projetos/estudo/loop-lab/vendor/laravel/framework/src/Illuminate/Routing/Router.php(939): Illuminate/Http/Response->__construct(Object(Illuminate/View/View), 200, Array)
#8 D:/projetos/estudo/loop-lab/vendor/laravel/framework/src/Illuminate/Routing/Router.php(906): Illuminate/Routing/Router::toResponse(Object(Illuminate/Http/Request), Object(Illuminate/View/View))
#9 D:/projetos/estudo/loop-lab/vendor/laravel/framework/src/Illuminate/Routing/Router.php(821): Illuminate/Routing/Router->prepareResponse(Object(Illuminate/Http/Request), Object(Illuminate/View/View))
#10 D:/projetos/estudo/loop-lab/vendor/laravel/framework/src/Illuminate/Pipeline/Pipeline.php(180): Illuminate/Routing/Router->Illuminate/Routing/{closure}(Object(Illuminate/Http/Request))
#11 D:/projetos/estudo/loop-lab/vendor/laravel/framework/src/Illuminate/Routing/Middleware/SubstituteBindings.php(52): Illuminate/Pipeline/Pipeline->Illuminate/Pipeline/{closure}(Object(Illuminate/Http/Request))
#12 D:/projetos/estudo/loop-lab/vendor/laravel/framework/src/Illuminate/Pipeline/Pipeline.php(219): Illuminate/Routing/Middleware/SubstituteBindings->handle(Object(Illuminate/Http/Request), Object(Closure))
#13 D:/projetos/estudo/loop-lab/vendor/laravel/framework/src/Illuminate/Foundation/Http/Middleware/PreventRequestForgery.php(104): Illuminate/Pipeline/Pipeline->Illuminate/Pipeline/{closure}(Object(Illuminate/Http/Request))
#14 D:/projetos/estudo/loop-lab/vendor/laravel/framework/src/Illuminate/Pipeline/Pipeline.php(219): Illuminate/Foundation/Http/Middleware/PreventRequestForgery->handle(Object(Illuminate/Http/Request), Object(Closure))
#15 D:/projetos/estudo/loop-lab/vendor/laravel/framework/src/Illuminate/View/Middleware/ShareErrorsFromSession.php(48): Illuminate/Pipeline/Pipeline->Illuminate/Pipeline/{closure}(Object(Illuminate/Http/Request))
#16 D:/projetos/estudo/loop-lab/vendor/laravel/framework/src/Illuminate/Pipeline/Pipeline.php(219): Illuminate/View/Middleware/ShareErrorsFromSession->handle(Object(Illuminate/Http/Request), Object(Closure))
#17 D:/projetos/estudo/loop-lab/vendor/laravel/framework/src/Illuminate/Session/Middleware/StartSession.php(120): Illuminate/Pipeline/Pipeline->Illuminate/Pipeline/{closure}(Object(Illuminate/Http/Request))
#18 D:/projetos/estudo/loop-lab/vendor/laravel/framework/src/Illuminate/Session/Middleware/StartSession.php(63): Illuminate/Session/Middleware/StartSession->handleStatefulRequest(Object(Illuminate/Http/Request), Object(Illuminate/Session/Store), Object(Closure))
#19 D:/projetos/estudo/loop-lab/vendor/laravel/framework/src/Illuminate/Pipeline/Pipeline.php(219): Illuminate/Session/Middleware/StartSession->handle(Object(Illuminate/Http/Request), Object(Closure))
#20 D:/projetos/estudo/loop-lab/vendor/laravel/framework/src/Illuminate/Cookie/Middleware/AddQueuedCookiesToResponse.php(36): Illuminate/Pipeline/Pipeline->Illuminate/Pipeline/{closure}(Object(Illuminate/Http/Request))
#21 D:/projetos/estudo/loop-lab/vendor/laravel/framework/src/Illuminate/Pipeline/Pipeline.php(219): Illuminate/Cookie/Middleware/AddQueuedCookiesToResponse->handle(Object(Illuminate/Http/Request), Object(Closure))
#22 D:/projetos/estudo/loop-lab/vendor/laravel/framework/src/Illuminate/Cookie/Middleware/EncryptCookies.php(74): Illuminate/Pipeline/Pipeline->Illuminate/Pipeline/{closure}(Object(Illuminate/Http/Request))
#23 D:/projetos/estudo/loop-lab/vendor/laravel/framework/src/Illuminate/Pipeline/Pipeline.php(219): Illuminate/Cookie/Middleware/EncryptCookies->handle(Object(Illuminate/Http/Request), Object(Closure))
#24 D:/projetos/estudo/loop-lab/vendor/laravel/framework/src/Illuminate/Pipeline/Pipeline.php(137): Illuminate/Pipeline/Pipeline->Illuminate/Pipeline/{closure}(Object(Illuminate/Http/Request))
#25 D:/projetos/estudo/loop-lab/vendor/laravel/framework/src/Illuminate/Routing/Router.php(821): Illuminate/Pipeline/Pipeline->then(Object(Closure))
#26 D:/projetos/estudo/loop-lab/vendor/laravel/framework/src/Illuminate/Routing/Router.php(800): Illuminate/Routing/Router->runRouteWithinStack(Object(Illuminate/Routing/Route), Object(Illuminate/Http/Request))
#27 D:/projetos/estudo/loop-lab/vendor/laravel/framework/src/Illuminate/Routing/Router.php(764): Illuminate/Routing/Router->runRoute(Object(Illuminate/Http/Request), Object(Illuminate/Routing/Route))
#28 D:/projetos/estudo/loop-lab/vendor/laravel/framework/src/Illuminate/Routing/Router.php(753): Illuminate/Routing/Router->dispatchToRoute(Object(Illuminate/Http/Request))
#29 D:/projetos/estudo/loop-lab/vendor/laravel/framework/src/Illuminate/Foundation/Http/Kernel.php(200): Illuminate/Routing/Router->dispatch(Object(Illuminate/Http/Request))
#30 D:/projetos/estudo/loop-lab/vendor/laravel/framework/src/Illuminate/Pipeline/Pipeline.php(180): Illuminate/Foundation/Http/Kernel->Illuminate/Foundation/Http/{closure}(Object(Illuminate/Http/Request))
#31 D:/projetos/estudo/loop-lab/vendor/laravel/framework/src/Illuminate/Foundation/Http/Middleware/TransformsRequest.php(21): Illuminate/Pipeline/Pipeline->Illuminate/Pipeline/{closure}(Object(Illuminate/Http/Request))
#32 D:/projetos/estudo/loop-lab/vendor/laravel/framework/src/Illuminate/Foundation/Http/Middleware/ConvertEmptyStringsToNull.php(31): Illuminate/Foundation/Http/Middleware/TransformsRequest->handle(Object(Illuminate/Http/Request), Object(Closure))
#33 D:/projetos/estudo/loop-lab/vendor/laravel/framework/src/Illuminate/Pipeline/Pipeline.php(219): Illuminate/Foundation/Http/Middleware/ConvertEmptyStringsToNull->handle(Object(Illuminate/Http/Request), Object(Closure))
#34 D:/projetos/estudo/loop-lab/vendor/laravel/framework/src/Illuminate/Foundation/Http/Middleware/TransformsRequest.php(21): Illuminate/Pipeline/Pipeline->Illuminate/Pipeline/{closure}(Object(Illuminate/Http/Request))
#35 D:/projetos/estudo/loop-lab/vendor/laravel/framework/src/Illuminate/Foundation/Http/Middleware/TrimStrings.php(51): Illuminate/Foundation/Http/Middleware/TransformsRequest->handle(Object(Illuminate/Http/Request), Object(Closure))
#36 D:/projetos/estudo/loop-lab/vendor/laravel/framework/src/Illuminate/Pipeline/Pipeline.php(219): Illuminate/Foundation/Http/Middleware/TrimStrings->handle(Object(Illuminate/Http/Request), Object(Closure))
#37 D:/projetos/estudo/loop-lab/vendor/laravel/framework/src/Illuminate/Http/Middleware/ValidatePostSize.php(27): Illuminate/Pipeline/Pipeline->Illuminate/Pipeline/{closure}(Object(Illuminate/Http/Request))
#38 D:/projetos/estudo/loop-lab/vendor/laravel/framework/src/Illuminate/Pipeline/Pipeline.php(219): Illuminate/Http/Middleware/ValidatePostSize->handle(Object(Illuminate/Http/Request), Object(Closure))
#39 D:/projetos/estudo/loop-lab/vendor/laravel/framework/src/Illuminate/Foundation/Http/Middleware/PreventRequestsDuringMaintenance.php(109): Illuminate/Pipeline/Pipeline->Illuminate/Pipeline/{closure}(Object(Illuminate/Http/Request))
#40 D:/projetos/estudo/loop-lab/vendor/laravel/framework/src/Illuminate/Pipeline/Pipeline.php(219): Illuminate/Foundation/Http/Middleware/PreventRequestsDuringMaintenance->handle(Object(Illuminate/Http/Request), Object(Closure))
#41 D:/projetos/estudo/loop-lab/vendor/laravel/framework/src/Illuminate/Http/Middleware/HandleCors.php(61): Illuminate/Pipeline/Pipeline->Illuminate/Pipeline/{closure}(Object(Illuminate/Http/Request))
#42 D:/projetos/estudo/loop-lab/vendor/laravel/framework/src/Illuminate/Pipeline/Pipeline.php(219): Illuminate/Http/Middleware/HandleCors->handle(Object(Illuminate/Http/Request), Object(Closure))
#43 D:/projetos/estudo/loop-lab/vendor/laravel/framework/src/Illuminate/Http/Middleware/TrustProxies.php(58): Illuminate/Pipeline/Pipeline->Illuminate/Pipeline/{closure}(Object(Illuminate/Http/Request))
#44 D:/projetos/estudo/loop-lab/vendor/laravel/framework/src/Illuminate/Pipeline/Pipeline.php(219): Illuminate/Http/Middleware/TrustProxies->handle(Object(Illuminate/Http/Request), Object(Closure))
#45 D:/projetos/estudo/loop-lab/vendor/laravel/framework/src/Illuminate/Foundation/Http/Middleware/InvokeDeferredCallbacks.php(22): Illuminate/Pipeline/Pipeline->Illuminate/Pipeline/{closure}(Object(Illuminate/Http/Request))
#46 D:/projetos/estudo/loop-lab/vendor/laravel/framework/src/Illuminate/Pipeline/Pipeline.php(219): Illuminate/Foundation/Http/Middleware/InvokeDeferredCallbacks->handle(Object(Illuminate/Http/Request), Object(Closure))
#47 D:/projetos/estudo/loop-lab/vendor/laravel/framework/src/Illuminate/Http/Middleware/ValidatePathEncoding.php(28): Illuminate/Pipeline/Pipeline->Illuminate/Pipeline/{closure}(Object(Illuminate/Http/Request))
#48 D:/projetos/estudo/loop-lab/vendor/laravel/framework/src/Illuminate/Pipeline/Pipeline.php(219): Illuminate/Http/Middleware/ValidatePathEncoding->handle(Object(Illuminate/Http/Request), Object(Closure))
#49 D:/projetos/estudo/loop-lab/vendor/laravel/framework/src/Illuminate/Pipeline/Pipeline.php(137): Illuminate/Pipeline/Pipeline->Illuminate/Pipeline/{closure}(Object(Illuminate/Http/Request))
#50 D:/projetos/estudo/loop-lab/vendor/laravel/framework/src/Illuminate/Foundation/Http/Kernel.php(175): Illuminate/Pipeline/Pipeline->then(Object(Closure))
#51 D:/projetos/estudo/loop-lab/vendor/laravel/framework/src/Illuminate/Foundation/Http/Kernel.php(144): Illuminate/Foundation/Http/Kernel->sendRequestThroughRouter(Object(Illuminate/Http/Request))
#52 D:/projetos/estudo/loop-lab/vendor/laravel/framework/src/Illuminate/Foundation/Testing/Concerns/MakesHttpRequests.php(638): Illuminate/Foundation/Http/Kernel->handle(Object(Illuminate/Http/Request))
#53 D:/projetos/estudo/loop-lab/vendor/laravel/framework/src/Illuminate/Foundation/Testing/Concerns/MakesHttpRequests.php(368): Illuminate/Foundation/Testing/TestCase->call('GET', '/aulas/loop-for', Array, Array, Array, Array)
#54 D:/projetos/estudo/loop-lab/tests/Feature/LearningFlowTest.php(30): Illuminate/Foundation/Testing/TestCase->get('/aulas/loop-for')
#55 D:/projetos/estudo/loop-lab/vendor/phpunit/phpunit/src/Framework/TestCase.php(1318): Tests/Feature/LearningFlowTest->test_dashboard_and_lesson_are_available_in_portuguese()
#56 D:/projetos/estudo/loop-lab/vendor/phpunit/phpunit/src/Framework/TestCase.php(1355): PHPUnit/Framework/TestCase->invokeTestMethod('test_dashboard_...', Array)
#57 D:/projetos/estudo/loop-lab/vendor/phpunit/phpunit/src/Framework/TestCase.php(521): PHPUnit/Framework/TestCase->runTest()
#58 D:/projetos/estudo/loop-lab/vendor/phpunit/phpunit/src/Framework/TestRunner/TestRunner.php(99): PHPUnit/Framework/TestCase->runBare()
#59 D:/projetos/estudo/loop-lab/vendor/phpunit/phpunit/src/Framework/TestCase.php(361): PHPUnit/Framework/TestRunner->run(Object(Tests/Feature/LearningFlowTest))
#60 D:/projetos/estudo/loop-lab/vendor/phpunit/phpunit/src/Framework/TestSuite.php(374): PHPUnit/Framework/TestCase->run()
#61 D:/projetos/estudo/loop-lab/vendor/phpunit/phpunit/src/Framework/TestSuite.php(374): PHPUnit/Framework/TestSuite->run()
#62 D:/projetos/estudo/loop-lab/vendor/phpunit/phpunit/src/Framework/TestSuite.php(374): PHPUnit/Framework/TestSuite->run()
#63 D:/projetos/estudo/loop-lab/vendor/phpunit/phpunit/src/TextUI/TestRunner.php(64): PHPUnit/Framework/TestSuite->run()
#64 D:/projetos/estudo/loop-lab/vendor/phpunit/phpunit/src/TextUI/Application.php(229): PHPUnit/TextUI/TestRunner->run(Object(PHPUnit/TextUI/Configuration/Configuration), Object(PHPUnit/Runner/ResultCache/DefaultResultCache), Object(PHPUnit/Framework/TestSuite))
#65 D:/projetos/estudo/loop-lab/vendor/phpunit/phpunit/phpunit(104): PHPUnit/TextUI/Application->run(Array)
#66 {main}

[previous exception] [object] (ParseError(code: 0): syntax error, unexpected token \"endif\" at D:/projetos/estudo/loop-lab/storage/framework/views/6da633c87c8abf00aa35729240175b5f.php:65)
[stacktrace]
#0 D:/projetos/estudo/loop-lab/vendor/laravel/framework/src/Illuminate/Filesystem/Filesystem.php(124): Illuminate/Filesystem/Filesystem::Illuminate/Filesystem/{closure}()
#1 D:/projetos/estudo/loop-lab/vendor/laravel/framework/src/Illuminate/View/Engines/PhpEngine.php(57): Illuminate/Filesystem/Filesystem->getRequire('D://projetos//est...', Array)
#2 D:/projetos/estudo/loop-lab/vendor/laravel/framework/src/Illuminate/View/Engines/CompilerEngine.php(76): Illuminate/View/Engines/PhpEngine->evaluatePath('D://projetos//est...', Array)
#3 D:/projetos/estudo/loop-lab/vendor/laravel/framework/src/Illuminate/View/View.php(208): Illuminate/View/Engines/CompilerEngine->get('D://projetos//est...', Array)
#4 D:/projetos/estudo/loop-lab/vendor/laravel/framework/src/Illuminate/View/View.php(191): Illuminate/View/View->getContents()
#5 D:/projetos/estudo/loop-lab/vendor/laravel/framework/src/Illuminate/View/View.php(160): Illuminate/View/View->renderContents()
#6 D:/projetos/estudo/loop-lab/vendor/laravel/framework/src/Illuminate/Http/Response.php(82): Illuminate/View/View->render()
#7 D:/projetos/estudo/loop-lab/vendor/laravel/framework/src/Illuminate/Http/Response.php(40): Illuminate/Http/Response->setContent(Object(Illuminate/View/View))
#8 D:/projetos/estudo/loop-lab/vendor/laravel/framework/src/Illuminate/Routing/Router.php(939): Illuminate/Http/Response->__construct(Object(Illuminate/View/View), 200, Array)
#9 D:/projetos/estudo/loop-lab/vendor/laravel/framework/src/Illuminate/Routing/Router.php(906): Illuminate/Routing/Router::toResponse(Object(Illuminate/Http/Request), Object(Illuminate/View/View))
#10 D:/projetos/estudo/loop-lab/vendor/laravel/framework/src/Illuminate/Routing/Router.php(821): Illuminate/Routing/Router->prepareResponse(Object(Illuminate/Http/Request), Object(Illuminate/View/View))
#11 D:/projetos/estudo/loop-lab/vendor/laravel/framework/src/Illuminate/Pipeline/Pipeline.php(180): Illuminate/Routing/Router->Illuminate/Routing/{closure}(Object(Illuminate/Http/Request))
#12 D:/projetos/estudo/loop-lab/vendor/laravel/framework/src/Illuminate/Routing/Middleware/SubstituteBindings.php(52): Illuminate/Pipeline/Pipeline->Illuminate/Pipeline/{closure}(Object(Illuminate/Http/Request))
#13 D:/projetos/estudo/loop-lab/vendor/laravel/framework/src/Illuminate/Pipeline/Pipeline.php(219): Illuminate/Routing/Middleware/SubstituteBindings->handle(Object(Illuminate/Http/Request), Object(Closure))
#14 D:/projetos/estudo/loop-lab/vendor/laravel/framework/src/Illuminate/Foundation/Http/Middleware/PreventRequestForgery.php(104): Illuminate/Pipeline/Pipeline->Illuminate/Pipeline/{closure}(Object(Illuminate/Http/Request))
#15 D:/projetos/estudo/loop-lab/vendor/laravel/framework/src/Illuminate/Pipeline/Pipeline.php(219): Illuminate/Foundation/Http/Middleware/PreventRequestForgery->handle(Object(Illuminate/Http/Request), Object(Closure))
#16 D:/projetos/estudo/loop-lab/vendor/laravel/framework/src/Illuminate/View/Middleware/ShareErrorsFromSession.php(48): Illuminate/Pipeline/Pipeline->Illuminate/Pipeline/{closure}(Object(Illuminate/Http/Request))
#17 D:/projetos/estudo/loop-lab/vendor/laravel/framework/src/Illuminate/Pipeline/Pipeline.php(219): Illuminate/View/Middleware/ShareErrorsFromSession->handle(Object(Illuminate/Http/Request), Object(Closure))
#18 D:/projetos/estudo/loop-lab/vendor/laravel/framework/src/Illuminate/Session/Middleware/StartSession.php(120): Illuminate/Pipeline/Pipeline->Illuminate/Pipeline/{closure}(Object(Illuminate/Http/Request))
#19 D:/projetos/estudo/loop-lab/vendor/laravel/framework/src/Illuminate/Session/Middleware/StartSession.php(63): Illuminate/Session/Middleware/StartSession->handleStatefulRequest(Object(Illuminate/Http/Request), Object(Illuminate/Session/Store), Object(Closure))
#20 D:/projetos/estudo/loop-lab/vendor/laravel/framework/src/Illuminate/Pipeline/Pipeline.php(219): Illuminate/Session/Middleware/StartSession->handle(Object(Illuminate/Http/Request), Object(Closure))
#21 D:/projetos/estudo/loop-lab/vendor/laravel/framework/src/Illuminate/Cookie/Middleware/AddQueuedCookiesToResponse.php(36): Illuminate/Pipeline/Pipeline->Illuminate/Pipeline/{closure}(Object(Illuminate/Http/Request))
#22 D:/projetos/estudo/loop-lab/vendor/laravel/framework/src/Illuminate/Pipeline/Pipeline.php(219): Illuminate/Cookie/Middleware/AddQueuedCookiesToResponse->handle(Object(Illuminate/Http/Request), Object(Closure))
#23 D:/projetos/estudo/loop-lab/vendor/laravel/framework/src/Illuminate/Cookie/Middleware/EncryptCookies.php(74): Illuminate/Pipeline/Pipeline->Illuminate/Pipeline/{closure}(Object(Illuminate/Http/Request))
#24 D:/projetos/estudo/loop-lab/vendor/laravel/framework/src/Illuminate/Pipeline/Pipeline.php(219): Illuminate/Cookie/Middleware/EncryptCookies->handle(Object(Illuminate/Http/Request), Object(Closure))
#25 D:/projetos/estudo/loop-lab/vendor/laravel/framework/src/Illuminate/Pipeline/Pipeline.php(137): Illuminate/Pipeline/Pipeline->Illuminate/Pipeline/{closure}(Object(Illuminate/Http/Request))
#26 D:/projetos/estudo/loop-lab/vendor/laravel/framework/src/Illuminate/Routing/Router.php(821): Illuminate/Pipeline/Pipeline->then(Object(Closure))
#27 D:/projetos/estudo/loop-lab/vendor/laravel/framework/src/Illuminate/Routing/Router.php(800): Illuminate/Routing/Router->runRouteWithinStack(Object(Illuminate/Routing/Route), Object(Illuminate/Http/Request))
#28 D:/projetos/estudo/loop-lab/vendor/laravel/framework/src/Illuminate/Routing/Router.php(764): Illuminate/Routing/Router->runRoute(Object(Illuminate/Http/Request), Object(Illuminate/Routing/Route))
#29 D:/projetos/estudo/loop-lab/vendor/laravel/framework/src/Illuminate/Routing/Router.php(753): Illuminate/Routing/Router->dispatchToRoute(Object(Illuminate/Http/Request))
#30 D:/projetos/estudo/loop-lab/vendor/laravel/framework/src/Illuminate/Foundation/Http/Kernel.php(200): Illuminate/Routing/Router->dispatch(Object(Illuminate/Http/Request))
#31 D:/projetos/estudo/loop-lab/vendor/laravel/framework/src/Illuminate/Pipeline/Pipeline.php(180): Illuminate/Foundation/Http/Kernel->Illuminate/Foundation/Http/{closure}(Object(Illuminate/Http/Request))
#32 D:/projetos/estudo/loop-lab/vendor/laravel/framework/src/Illuminate/Foundation/Http/Middleware/TransformsRequest.php(21): Illuminate/Pipeline/Pipeline->Illuminate/Pipeline/{closure}(Object(Illuminate/Http/Request))
#33 D:/projetos/estudo/loop-lab/vendor/laravel/framework/src/Illuminate/Foundation/Http/Middleware/ConvertEmptyStringsToNull.php(31): Illuminate/Foundation/Http/Middleware/TransformsRequest->handle(Object(Illuminate/Http/Request), Object(Closure))
#34 D:/projetos/estudo/loop-lab/vendor/laravel/framework/src/Illuminate/Pipeline/Pipeline.php(219): Illuminate/Foundation/Http/Middleware/ConvertEmptyStringsToNull->handle(Object(Illuminate/Http/Request), Object(Closure))
#35 D:/projetos/estudo/loop-lab/vendor/laravel/framework/src/Illuminate/Foundation/Http/Middleware/TransformsRequest.php(21): Illuminate/Pipeline/Pipeline->Illuminate/Pipeline/{closure}(Object(Illuminate/Http/Request))
#36 D:/projetos/estudo/loop-lab/vendor/laravel/framework/src/Illuminate/Foundation/Http/Middleware/TrimStrings.php(51): Illuminate/Foundation/Http/Middleware/TransformsRequest->handle(Object(Illuminate/Http/Request), Object(Closure))
#37 D:/projetos/estudo/loop-lab/vendor/laravel/framework/src/Illuminate/Pipeline/Pipeline.php(219): Illuminate/Foundation/Http/Middleware/TrimStrings->handle(Object(Illuminate/Http/Request), Object(Closure))
#38 D:/projetos/estudo/loop-lab/vendor/laravel/framework/src/Illuminate/Http/Middleware/ValidatePostSize.php(27): Illuminate/Pipeline/Pipeline->Illuminate/Pipeline/{closure}(Object(Illuminate/Http/Request))
#39 D:/projetos/estudo/loop-lab/vendor/laravel/framework/src/Illuminate/Pipeline/Pipeline.php(219): Illuminate/Http/Middleware/ValidatePostSize->handle(Object(Illuminate/Http/Request), Object(Closure))
#40 D:/projetos/estudo/loop-lab/vendor/laravel/framework/src/Illuminate/Foundation/Http/Middleware/PreventRequestsDuringMaintenance.php(109): Illuminate/Pipeline/Pipeline->Illuminate/Pipeline/{closure}(Object(Illuminate/Http/Request))
#41 D:/projetos/estudo/loop-lab/vendor/laravel/framework/src/Illuminate/Pipeline/Pipeline.php(219): Illuminate/Foundation/Http/Middleware/PreventRequestsDuringMaintenance->handle(Object(Illuminate/Http/Request), Object(Closure))
#42 D:/projetos/estudo/loop-lab/vendor/laravel/framework/src/Illuminate/Http/Middleware/HandleCors.php(61): Illuminate/Pipeline/Pipeline->Illuminate/Pipeline/{closure}(Object(Illuminate/Http/Request))
#43 D:/projetos/estudo/loop-lab/vendor/laravel/framework/src/Illuminate/Pipeline/Pipeline.php(219): Illuminate/Http/Middleware/HandleCors->handle(Object(Illuminate/Http/Request), Object(Closure))
#44 D:/projetos/estudo/loop-lab/vendor/laravel/framework/src/Illuminate/Http/Middleware/TrustProxies.php(58): Illuminate/Pipeline/Pipeline->Illuminate/Pipeline/{closure}(Object(Illuminate/Http/Request))
#45 D:/projetos/estudo/loop-lab/vendor/laravel/framework/src/Illuminate/Pipeline/Pipeline.php(219): Illuminate/Http/Middleware/TrustProxies->handle(Object(Illuminate/Http/Request), Object(Closure))
#46 D:/projetos/estudo/loop-lab/vendor/laravel/framework/src/Illuminate/Foundation/Http/Middleware/InvokeDeferredCallbacks.php(22): Illuminate/Pipeline/Pipeline->Illuminate/Pipeline/{closure}(Object(Illuminate/Http/Request))
#47 D:/projetos/estudo/loop-lab/vendor/laravel/framework/src/Illuminate/Pipeline/Pipeline.php(219): Illuminate/Foundation/Http/Middleware/InvokeDeferredCallbacks->handle(Object(Illuminate/Http/Request), Object(Closure))
#48 D:/projetos/estudo/loop-lab/vendor/laravel/framework/src/Illuminate/Http/Middleware/ValidatePathEncoding.php(28): Illuminate/Pipeline/Pipeline->Illuminate/Pipeline/{closure}(Object(Illuminate/Http/Request))
#49 D:/projetos/estudo/loop-lab/vendor/laravel/framework/src/Illuminate/Pipeline/Pipeline.php(219): Illuminate/Http/Middleware/ValidatePathEncoding->handle(Object(Illuminate/Http/Request), Object(Closure))
#50 D:/projetos/estudo/loop-lab/vendor/laravel/framework/src/Illuminate/Pipeline/Pipeline.php(137): Illuminate/Pipeline/Pipeline->Illuminate/Pipeline/{closure}(Object(Illuminate/Http/Request))
#51 D:/projetos/estudo/loop-lab/vendor/laravel/framework/src/Illuminate/Foundation/Http/Kernel.php(175): Illuminate/Pipeline/Pipeline->then(Object(Closure))
#52 D:/projetos/estudo/loop-lab/vendor/laravel/framework/src/Illuminate/Foundation/Http/Kernel.php(144): Illuminate/Foundation/Http/Kernel->sendRequestThroughRouter(Object(Illuminate/Http/Request))
#53 D:/projetos/estudo/loop-lab/vendor/laravel/framework/src/Illuminate/Foundation/Testing/Concerns/MakesHttpRequests.php(638): Illuminate/Foundation/Http/Kernel->handle(Object(Illuminate/Http/Request))
#54 D:/projetos/estudo/loop-lab/vendor/laravel/framework/src/Illuminate/Foundation/Testing/Concerns/MakesHttpRequests.php(368): Illuminate/Foundation/Testing/TestCase->call('GET', '/aulas/loop-for', Array, Array, Array, Array)
#55 D:/projetos/estudo/loop-lab/tests/Feature/LearningFlowTest.php(30): Illuminate/Foundation/Testing/TestCase->get('/aulas/loop-for')
#56 D:/projetos/estudo/loop-lab/vendor/phpunit/phpunit/src/Framework/TestCase.php(1318): Tests/Feature/LearningFlowTest->test_dashboard_and_lesson_are_available_in_portuguese()
#57 D:/projetos/estudo/loop-lab/vendor/phpunit/phpunit/src/Framework/TestCase.php(1355): PHPUnit/Framework/TestCase->invokeTestMethod('test_dashboard_...', Array)
#58 D:/projetos/estudo/loop-lab/vendor/phpunit/phpunit/src/Framework/TestCase.php(521): PHPUnit/Framework/TestCase->runTest()
#59 D:/projetos/estudo/loop-lab/vendor/phpunit/phpunit/src/Framework/TestRunner/TestRunner.php(99): PHPUnit/Framework/TestCase->runBare()
#60 D:/projetos/estudo/loop-lab/vendor/phpunit/phpunit/src/Framework/TestCase.php(361): PHPUnit/Framework/TestRunner->run(Object(Tests/Feature/LearningFlowTest))
#61 D:/projetos/estudo/loop-lab/vendor/phpunit/phpunit/src/Framework/TestSuite.php(374): PHPUnit/Framework/TestCase->run()
#62 D:/projetos/estudo/loop-lab/vendor/phpunit/phpunit/src/Framework/TestSuite.php(374): PHPUnit/Framework/TestSuite->run()
#63 D:/projetos/estudo/loop-lab/vendor/phpunit/phpunit/src/Framework/TestSuite.php(374): PHPUnit/Framework/TestSuite->run()
#64 D:/projetos/estudo/loop-lab/vendor/phpunit/phpunit/src/TextUI/TestRunner.php(64): PHPUnit/Framework/TestSuite->run()
#65 D:/projetos/estudo/loop-lab/vendor/phpunit/phpunit/src/TextUI/Application.php(229): PHPUnit/TextUI/TestRunner->run(Object(PHPUnit/TextUI/Configuration/Configuration), Object(PHPUnit/Runner/ResultCache/DefaultResultCache), Object(PHPUnit/Framework/TestSuite))
#66 D:/projetos/estudo/loop-lab/vendor/phpunit/phpunit/phpunit(104): PHPUnit/TextUI/Application->run(Array)
#67 {main}
"} 
[2026-08-13 19:59:19] testing.ERROR: syntax error, unexpected token "endif" (View: D:\projetos\estudo\loop-lab\resources\views\lesson.blade.php) {"exception":"[object] (Illuminate\\View\\ViewException(code: 0): syntax error, unexpected token \"endif\" (View: D:\\projetos\\estudo\\loop-lab\\resources\\views\\lesson.blade.php) at D:/projetos/estudo/loop-lab/storage/framework/views/6da633c87c8abf00aa35729240175b5f.php:65)
[stacktrace]
#0 D:/projetos/estudo/loop-lab/vendor/laravel/framework/src/Illuminate/View/Engines/PhpEngine.php(59): Illuminate/View/Engines/CompilerEngine->handleViewException(Object(ParseError), 1)
#1 D:/projetos/estudo/loop-lab/vendor/laravel/framework/src/Illuminate/View/Engines/CompilerEngine.php(76): Illuminate/View/Engines/PhpEngine->evaluatePath('D://projetos//est...', Array)
#2 D:/projetos/estudo/loop-lab/vendor/laravel/framework/src/Illuminate/View/View.php(208): Illuminate/View/Engines/CompilerEngine->get('D://projetos//est...', Array)
#3 D:/projetos/estudo/loop-lab/vendor/laravel/framework/src/Illuminate/View/View.php(191): Illuminate/View/View->getContents()
#4 D:/projetos/estudo/loop-lab/vendor/laravel/framework/src/Illuminate/View/View.php(160): Illuminate/View/View->renderContents()
#5 D:/projetos/estudo/loop-lab/vendor/laravel/framework/src/Illuminate/Http/Response.php(82): Illuminate/View/View->render()
#6 D:/projetos/estudo/loop-lab/vendor/laravel/framework/src/Illuminate/Http/Response.php(40): Illuminate/Http/Response->setContent(Object(Illuminate/View/View))
#7 D:/projetos/estudo/loop-lab/vendor/laravel/framework/src/Illuminate/Routing/Router.php(939): Illuminate/Http/Response->__construct(Object(Illuminate/View/View), 200, Array)
#8 D:/projetos/estudo/loop-lab/vendor/laravel/framework/src/Illuminate/Routing/Router.php(906): Illuminate/Routing/Router::toResponse(Object(Illuminate/Http/Request), Object(Illuminate/View/View))
#9 D:/projetos/estudo/loop-lab/vendor/laravel/framework/src/Illuminate/Routing/Router.php(821): Illuminate/Routing/Router->prepareResponse(Object(Illuminate/Http/Request), Object(Illuminate/View/View))
#10 D:/projetos/estudo/loop-lab/vendor/laravel/framework/src/Illuminate/Pipeline/Pipeline.php(180): Illuminate/Routing/Router->Illuminate/Routing/{closure}(Object(Illuminate/Http/Request))
#11 D:/projetos/estudo/loop-lab/vendor/laravel/framework/src/Illuminate/Routing/Middleware/SubstituteBindings.php(52): Illuminate/Pipeline/Pipeline->Illuminate/Pipeline/{closure}(Object(Illuminate/Http/Request))
#12 D:/projetos/estudo/loop-lab/vendor/laravel/framework/src/Illuminate/Pipeline/Pipeline.php(219): Illuminate/Routing/Middleware/SubstituteBindings->handle(Object(Illuminate/Http/Request), Object(Closure))
#13 D:/projetos/estudo/loop-lab/vendor/laravel/framework/src/Illuminate/Foundation/Http/Middleware/PreventRequestForgery.php(104): Illuminate/Pipeline/Pipeline->Illuminate/Pipeline/{closure}(Object(Illuminate/Http/Request))
#14 D:/projetos/estudo/loop-lab/vendor/laravel/framework/src/Illuminate/Pipeline/Pipeline.php(219): Illuminate/Foundation/Http/Middleware/PreventRequestForgery->handle(Object(Illuminate/Http/Request), Object(Closure))
#15 D:/projetos/estudo/loop-lab/vendor/laravel/framework/src/Illuminate/View/Middleware/ShareErrorsFromSession.php(48): Illuminate/Pipeline/Pipeline->Illuminate/Pipeline/{closure}(Object(Illuminate/Http/Request))
#16 D:/projetos/estudo/loop-lab/vendor/laravel/framework/src/Illuminate/Pipeline/Pipeline.php(219): Illuminate/View/Middleware/ShareErrorsFromSession->handle(Object(Illuminate/Http/Request), Object(Closure))
#17 D:/projetos/estudo/loop-lab/vendor/laravel/framework/src/Illuminate/Session/Middleware/StartSession.php(120): Illuminate/Pipeline/Pipeline->Illuminate/Pipeline/{closure}(Object(Illuminate/Http/Request))
#18 D:/projetos/estudo/loop-lab/vendor/laravel/framework/src/Illuminate/Session/Middleware/StartSession.php(63): Illuminate/Session/Middleware/StartSession->handleStatefulRequest(Object(Illuminate/Http/Request), Object(Illuminate/Session/Store), Object(Closure))
#19 D:/projetos/estudo/loop-lab/vendor/laravel/framework/src/Illuminate/Pipeline/Pipeline.php(219): Illuminate/Session/Middleware/StartSession->handle(Object(Illuminate/Http/Request), Object(Closure))
#20 D:/projetos/estudo/loop-lab/vendor/laravel/framework/src/Illuminate/Cookie/Middleware/AddQueuedCookiesToResponse.php(36): Illuminate/Pipeline/Pipeline->Illuminate/Pipeline/{closure}(Object(Illuminate/Http/Request))
#21 D:/projetos/estudo/loop-lab/vendor/laravel/framework/src/Illuminate/Pipeline/Pipeline.php(219): Illuminate/Cookie/Middleware/AddQueuedCookiesToResponse->handle(Object(Illuminate/Http/Request), Object(Closure))
#22 D:/projetos/estudo/loop-lab/vendor/laravel/framework/src/Illuminate/Cookie/Middleware/EncryptCookies.php(74): Illuminate/Pipeline/Pipeline->Illuminate/Pipeline/{closure}(Object(Illuminate/Http/Request))
#23 D:/projetos/estudo/loop-lab/vendor/laravel/framework/src/Illuminate/Pipeline/Pipeline.php(219): Illuminate/Cookie/Middleware/EncryptCookies->handle(Object(Illuminate/Http/Request), Object(Closure))
#24 D:/projetos/estudo/loop-lab/vendor/laravel/framework/src/Illuminate/Pipeline/Pipeline.php(137): Illuminate/Pipeline/Pipeline->Illuminate/Pipeline/{closure}(Object(Illuminate/Http/Request))
#25 D:/projetos/estudo/loop-lab/vendor/laravel/framework/src/Illuminate/Routing/Router.php(821): Illuminate/Pipeline/Pipeline->then(Object(Closure))
#26 D:/projetos/estudo/loop-lab/vendor/laravel/framework/src/Illuminate/Routing/Router.php(800): Illuminate/Routing/Router->runRouteWithinStack(Object(Illuminate/Routing/Route), Object(Illuminate/Http/Request))
#27 D:/projetos/estudo/loop-lab/vendor/laravel/framework/src/Illuminate/Routing/Router.php(764): Illuminate/Routing/Router->runRoute(Object(Illuminate/Http/Request), Object(Illuminate/Routing/Route))
#28 D:/projetos/estudo/loop-lab/vendor/laravel/framework/src/Illuminate/Routing/Router.php(753): Illuminate/Routing/Router->dispatchToRoute(Object(Illuminate/Http/Request))
#29 D:/projetos/estudo/loop-lab/vendor/laravel/framework/src/Illuminate/Foundation/Http/Kernel.php(200): Illuminate/Routing/Router->dispatch(Object(Illuminate/Http/Request))
#30 D:/projetos/estudo/loop-lab/vendor/laravel/framework/src/Illuminate/Pipeline/Pipeline.php(180): Illuminate/Foundation/Http/Kernel->Illuminate/Foundation/Http/{closure}(Object(Illuminate/Http/Request))
#31 D:/projetos/estudo/loop-lab/vendor/laravel/framework/src/Illuminate/Foundation/Http/Middleware/TransformsRequest.php(21): Illuminate/Pipeline/Pipeline->Illuminate/Pipeline/{closure}(Object(Illuminate/Http/Request))
#32 D:/projetos/estudo/loop-lab/vendor/laravel/framework/src/Illuminate/Foundation/Http/Middleware/ConvertEmptyStringsToNull.php(31): Illuminate/Foundation/Http/Middleware/TransformsRequest->handle(Object(Illuminate/Http/Request), Object(Closure))
#33 D:/projetos/estudo/loop-lab/vendor/laravel/framework/src/Illuminate/Pipeline/Pipeline.php(219): Illuminate/Foundation/Http/Middleware/ConvertEmptyStringsToNull->handle(Object(Illuminate/Http/Request), Object(Closure))
#34 D:/projetos/estudo/loop-lab/vendor/laravel/framework/src/Illuminate/Foundation/Http/Middleware/TransformsRequest.php(21): Illuminate/Pipeline/Pipeline->Illuminate/Pipeline/{closure}(Object(Illuminate/Http/Request))
#35 D:/projetos/estudo/loop-lab/vendor/laravel/framework/src/Illuminate/Foundation/Http/Middleware/TrimStrings.php(51): Illuminate/Foundation/Http/Middleware/TransformsRequest->handle(Object(Illuminate/Http/Request), Object(Closure))
#36 D:/projetos/estudo/loop-lab/vendor/laravel/framework/src/Illuminate/Pipeline/Pipeline.php(219): Illuminate/Foundation/Http/Middleware/TrimStrings->handle(Object(Illuminate/Http/Request), Object(Closure))
#37 D:/projetos/estudo/loop-lab/vendor/laravel/framework/src/Illuminate/Http/Middleware/ValidatePostSize.php(27): Illuminate/Pipeline/Pipeline->Illuminate/Pipeline/{closure}(Object(Illuminate/Http/Request))
#38 D:/projetos/estudo/loop-lab/vendor/laravel/framework/src/Illuminate/Pipeline/Pipeline.php(219): Illuminate/Http/Middleware/ValidatePostSize->handle(Object(Illuminate/Http/Request), Object(Closure))
#39 D:/projetos/estudo/loop-lab/vendor/laravel/framework/src/Illuminate/Foundation/Http/Middleware/PreventRequestsDuringMaintenance.php(109): Illuminate/Pipeline/Pipeline->Illuminate/Pipeline/{closure}(Object(Illuminate/Http/Request))
#40 D:/projetos/estudo/loop-lab/vendor/laravel/framework/src/Illuminate/Pipeline/Pipeline.php(219): Illuminate/Foundation/Http/Middleware/PreventRequestsDuringMaintenance->handle(Object(Illuminate/Http/Request), Object(Closure))
#41 D:/projetos/estudo/loop-lab/vendor/laravel/framework/src/Illuminate/Http/Middleware/HandleCors.php(61): Illuminate/Pipeline/Pipeline->Illuminate/Pipeline/{closure}(Object(Illuminate/Http/Request))
#42 D:/projetos/estudo/loop-lab/vendor/laravel/framework/src/Illuminate/Pipeline/Pipeline.php(219): Illuminate/Http/Middleware/HandleCors->handle(Object(Illuminate/Http/Request), Object(Closure))
#43 D:/projetos/estudo/loop-lab/vendor/laravel/framework/src/Illuminate/Http/Middleware/TrustProxies.php(58): Illuminate/Pipeline/Pipeline->Illuminate/Pipeline/{closure}(Object(Illuminate/Http/Request))
#44 D:/projetos/estudo/loop-lab/vendor/laravel/framework/src/Illuminate/Pipeline/Pipeline.php(219): Illuminate/Http/Middleware/TrustProxies->handle(Object(Illuminate/Http/Request), Object(Closure))
#45 D:/projetos/estudo/loop-lab/vendor/laravel/framework/src/Illuminate/Foundation/Http/Middleware/InvokeDeferredCallbacks.php(22): Illuminate/Pipeline/Pipeline->Illuminate/Pipeline/{closure}(Object(Illuminate/Http/Request))
#46 D:/projetos/estudo/loop-lab/vendor/laravel/framework/src/Illuminate/Pipeline/Pipeline.php(219): Illuminate/Foundation/Http/Middleware/InvokeDeferredCallbacks->handle(Object(Illuminate/Http/Request), Object(Closure))
#47 D:/projetos/estudo/loop-lab/vendor/laravel/framework/src/Illuminate/Http/Middleware/ValidatePathEncoding.php(28): Illuminate/Pipeline/Pipeline->Illuminate/Pipeline/{closure}(Object(Illuminate/Http/Request))
#48 D:/projetos/estudo/loop-lab/vendor/laravel/framework/src/Illuminate/Pipeline/Pipeline.php(219): Illuminate/Http/Middleware/ValidatePathEncoding->handle(Object(Illuminate/Http/Request), Object(Closure))
#49 D:/projetos/estudo/loop-lab/vendor/laravel/framework/src/Illuminate/Pipeline/Pipeline.php(137): Illuminate/Pipeline/Pipeline->Illuminate/Pipeline/{closure}(Object(Illuminate/Http/Request))
#50 D:/projetos/estudo/loop-lab/vendor/laravel/framework/src/Illuminate/Foundation/Http/Kernel.php(175): Illuminate/Pipeline/Pipeline->then(Object(Closure))
#51 D:/projetos/estudo/loop-lab/vendor/laravel/framework/src/Illuminate/Foundation/Http/Kernel.php(144): Illuminate/Foundation/Http/Kernel->sendRequestThroughRouter(Object(Illuminate/Http/Request))
#52 D:/projetos/estudo/loop-lab/vendor/laravel/framework/src/Illuminate/Foundation/Testing/Concerns/MakesHttpRequests.php(638): Illuminate/Foundation/Http/Kernel->handle(Object(Illuminate/Http/Request))
#53 D:/projetos/estudo/loop-lab/vendor/laravel/framework/src/Illuminate/Foundation/Testing/Concerns/MakesHttpRequests.php(368): Illuminate/Foundation/Testing/TestCase->call('GET', '/aulas/loop-for', Array, Array, Array, Array)
#54 D:/projetos/estudo/loop-lab/tests/Feature/LearningFlowTest.php(30): Illuminate/Foundation/Testing/TestCase->get('/aulas/loop-for')
#55 D:/projetos/estudo/loop-lab/vendor/phpunit/phpunit/src/Framework/TestCase.php(1318): Tests/Feature/LearningFlowTest->test_dashboard_and_lesson_are_available_in_portuguese()
#56 D:/projetos/estudo/loop-lab/vendor/phpunit/phpunit/src/Framework/TestCase.php(1355): PHPUnit/Framework/TestCase->invokeTestMethod('test_dashboard_...', Array)
#57 D:/projetos/estudo/loop-lab/vendor/phpunit/phpunit/src/Framework/TestCase.php(521): PHPUnit/Framework/TestCase->runTest()
#58 D:/projetos/estudo/loop-lab/vendor/phpunit/phpunit/src/Framework/TestRunner/TestRunner.php(99): PHPUnit/Framework/TestCase->runBare()
#59 D:/projetos/estudo/loop-lab/vendor/phpunit/phpunit/src/Framework/TestCase.php(361): PHPUnit/Framework/TestRunner->run(Object(Tests/Feature/LearningFlowTest))
#60 D:/projetos/estudo/loop-lab/vendor/phpunit/phpunit/src/Framework/TestSuite.php(374): PHPUnit/Framework/TestCase->run()
#61 D:/projetos/estudo/loop-lab/vendor/phpunit/phpunit/src/Framework/TestSuite.php(374): PHPUnit/Framework/TestSuite->run()
#62 D:/projetos/estudo/loop-lab/vendor/phpunit/phpunit/src/Framework/TestSuite.php(374): PHPUnit/Framework/TestSuite->run()
#63 D:/projetos/estudo/loop-lab/vendor/phpunit/phpunit/src/TextUI/TestRunner.php(64): PHPUnit/Framework/TestSuite->run()
#64 D:/projetos/estudo/loop-lab/vendor/phpunit/phpunit/src/TextUI/Application.php(229): PHPUnit/TextUI/TestRunner->run(Object(PHPUnit/TextUI/Configuration/Configuration), Object(PHPUnit/Runner/ResultCache/DefaultResultCache), Object(PHPUnit/Framework/TestSuite))
#65 D:/projetos/estudo/loop-lab/vendor/phpunit/phpunit/phpunit(104): PHPUnit/TextUI/Application->run(Array)
#66 {main}

[previous exception] [object] (ParseError(code: 0): syntax error, unexpected token \"endif\" at D:/projetos/estudo/loop-lab/storage/framework/views/6da633c87c8abf00aa35729240175b5f.php:65)
[stacktrace]
#0 D:/projetos/estudo/loop-lab/vendor/laravel/framework/src/Illuminate/Filesystem/Filesystem.php(124): Illuminate/Filesystem/Filesystem::Illuminate/Filesystem/{closure}()
#1 D:/projetos/estudo/loop-lab/vendor/laravel/framework/src/Illuminate/View/Engines/PhpEngine.php(57): Illuminate/Filesystem/Filesystem->getRequire('D://projetos//est...', Array)
#2 D:/projetos/estudo/loop-lab/vendor/laravel/framework/src/Illuminate/View/Engines/CompilerEngine.php(76): Illuminate/View/Engines/PhpEngine->evaluatePath('D://projetos//est...', Array)
#3 D:/projetos/estudo/loop-lab/vendor/laravel/framework/src/Illuminate/View/View.php(208): Illuminate/View/Engines/CompilerEngine->get('D://projetos//est...', Array)
#4 D:/projetos/estudo/loop-lab/vendor/laravel/framework/src/Illuminate/View/View.php(191): Illuminate/View/View->getContents()
#5 D:/projetos/estudo/loop-lab/vendor/laravel/framework/src/Illuminate/View/View.php(160): Illuminate/View/View->renderContents()
#6 D:/projetos/estudo/loop-lab/vendor/laravel/framework/src/Illuminate/Http/Response.php(82): Illuminate/View/View->render()
#7 D:/projetos/estudo/loop-lab/vendor/laravel/framework/src/Illuminate/Http/Response.php(40): Illuminate/Http/Response->setContent(Object(Illuminate/View/View))
#8 D:/projetos/estudo/loop-lab/vendor/laravel/framework/src/Illuminate/Routing/Router.php(939): Illuminate/Http/Response->__construct(Object(Illuminate/View/View), 200, Array)
#9 D:/projetos/estudo/loop-lab/vendor/laravel/framework/src/Illuminate/Routing/Router.php(906): Illuminate/Routing/Router::toResponse(Object(Illuminate/Http/Request), Object(Illuminate/View/View))
#10 D:/projetos/estudo/loop-lab/vendor/laravel/framework/src/Illuminate/Routing/Router.php(821): Illuminate/Routing/Router->prepareResponse(Object(Illuminate/Http/Request), Object(Illuminate/View/View))
#11 D:/projetos/estudo/loop-lab/vendor/laravel/framework/src/Illuminate/Pipeline/Pipeline.php(180): Illuminate/Routing/Router->Illuminate/Routing/{closure}(Object(Illuminate/Http/Request))
#12 D:/projetos/estudo/loop-lab/vendor/laravel/framework/src/Illuminate/Routing/Middleware/SubstituteBindings.php(52): Illuminate/Pipeline/Pipeline->Illuminate/Pipeline/{closure}(Object(Illuminate/Http/Request))
#13 D:/projetos/estudo/loop-lab/vendor/laravel/framework/src/Illuminate/Pipeline/Pipeline.php(219): Illuminate/Routing/Middleware/SubstituteBindings->handle(Object(Illuminate/Http/Request), Object(Closure))
#14 D:/projetos/estudo/loop-lab/vendor/laravel/framework/src/Illuminate/Foundation/Http/Middleware/PreventRequestForgery.php(104): Illuminate/Pipeline/Pipeline->Illuminate/Pipeline/{closure}(Object(Illuminate/Http/Request))
#15 D:/projetos/estudo/loop-lab/vendor/laravel/framework/src/Illuminate/Pipeline/Pipeline.php(219): Illuminate/Foundation/Http/Middleware/PreventRequestForgery->handle(Object(Illuminate/Http/Request), Object(Closure))
#16 D:/projetos/estudo/loop-lab/vendor/laravel/framework/src/Illuminate/View/Middleware/ShareErrorsFromSession.php(48): Illuminate/Pipeline/Pipeline->Illuminate/Pipeline/{closure}(Object(Illuminate/Http/Request))
#17 D:/projetos/estudo/loop-lab/vendor/laravel/framework/src/Illuminate/Pipeline/Pipeline.php(219): Illuminate/View/Middleware/ShareErrorsFromSession->handle(Object(Illuminate/Http/Request), Object(Closure))
#18 D:/projetos/estudo/loop-lab/vendor/laravel/framework/src/Illuminate/Session/Middleware/StartSession.php(120): Illuminate/Pipeline/Pipeline->Illuminate/Pipeline/{closure}(Object(Illuminate/Http/Request))
#19 D:/projetos/estudo/loop-lab/vendor/laravel/framework/src/Illuminate/Session/Middleware/StartSession.php(63): Illuminate/Session/Middleware/StartSession->handleStatefulRequest(Object(Illuminate/Http/Request), Object(Illuminate/Session/Store), Object(Closure))
#20 D:/projetos/estudo/loop-lab/vendor/laravel/framework/src/Illuminate/Pipeline/Pipeline.php(219): Illuminate/Session/Middleware/StartSession->handle(Object(Illuminate/Http/Request), Object(Closure))
#21 D:/projetos/estudo/loop-lab/vendor/laravel/framework/src/Illuminate/Cookie/Middleware/AddQueuedCookiesToResponse.php(36): Illuminate/Pipeline/Pipeline->Illuminate/Pipeline/{closure}(Object(Illuminate/Http/Request))
#22 D:/projetos/estudo/loop-lab/vendor/laravel/framework/src/Illuminate/Pipeline/Pipeline.php(219): Illuminate/Cookie/Middleware/AddQueuedCookiesToResponse->handle(Object(Illuminate/Http/Request), Object(Closure))
#23 D:/projetos/estudo/loop-lab/vendor/laravel/framework/src/Illuminate/Cookie/Middleware/EncryptCookies.php(74): Illuminate/Pipeline/Pipeline->Illuminate/Pipeline/{closure}(Object(Illuminate/Http/Request))
#24 D:/projetos/estudo/loop-lab/vendor/laravel/framework/src/Illuminate/Pipeline/Pipeline.php(219): Illuminate/Cookie/Middleware/EncryptCookies->handle(Object(Illuminate/Http/Request), Object(Closure))
#25 D:/projetos/estudo/loop-lab/vendor/laravel/framework/src/Illuminate/Pipeline/Pipeline.php(137): Illuminate/Pipeline/Pipeline->Illuminate/Pipeline/{closure}(Object(Illuminate/Http/Request))
#26 D:/projetos/estudo/loop-lab/vendor/laravel/framework/src/Illuminate/Routing/Router.php(821): Illuminate/Pipeline/Pipeline->then(Object(Closure))
#27 D:/projetos/estudo/loop-lab/vendor/laravel/framework/src/Illuminate/Routing/Router.php(800): Illuminate/Routing/Router->runRouteWithinStack(Object(Illuminate/Routing/Route), Object(Illuminate/Http/Request))
#28 D:/projetos/estudo/loop-lab/vendor/laravel/framework/src/Illuminate/Routing/Router.php(764): Illuminate/Routing/Router->runRoute(Object(Illuminate/Http/Request), Object(Illuminate/Routing/Route))
#29 D:/projetos/estudo/loop-lab/vendor/laravel/framework/src/Illuminate/Routing/Router.php(753): Illuminate/Routing/Router->dispatchToRoute(Object(Illuminate/Http/Request))
#30 D:/projetos/estudo/loop-lab/vendor/laravel/framework/src/Illuminate/Foundation/Http/Kernel.php(200): Illuminate/Routing/Router->dispatch(Object(Illuminate/Http/Request))
#31 D:/projetos/estudo/loop-lab/vendor/laravel/framework/src/Illuminate/Pipeline/Pipeline.php(180): Illuminate/Foundation/Http/Kernel->Illuminate/Foundation/Http/{closure}(Object(Illuminate/Http/Request))
#32 D:/projetos/estudo/loop-lab/vendor/laravel/framework/src/Illuminate/Foundation/Http/Middleware/TransformsRequest.php(21): Illuminate/Pipeline/Pipeline->Illuminate/Pipeline/{closure}(Object(Illuminate/Http/Request))
#33 D:/projetos/estudo/loop-lab/vendor/laravel/framework/src/Illuminate/Foundation/Http/Middleware/ConvertEmptyStringsToNull.php(31): Illuminate/Foundation/Http/Middleware/TransformsRequest->handle(Object(Illuminate/Http/Request), Object(Closure))
#34 D:/projetos/estudo/loop-lab/vendor/laravel/framework/src/Illuminate/Pipeline/Pipeline.php(219): Illuminate/Foundation/Http/Middleware/ConvertEmptyStringsToNull->handle(Object(Illuminate/Http/Request), Object(Closure))
#35 D:/projetos/estudo/loop-lab/vendor/laravel/framework/src/Illuminate/Foundation/Http/Middleware/TransformsRequest.php(21): Illuminate/Pipeline/Pipeline->Illuminate/Pipeline/{closure}(Object(Illuminate/Http/Request))
#36 D:/projetos/estudo/loop-lab/vendor/laravel/framework/src/Illuminate/Foundation/Http/Middleware/TrimStrings.php(51): Illuminate/Foundation/Http/Middleware/TransformsRequest->handle(Object(Illuminate/Http/Request), Object(Closure))
#37 D:/projetos/estudo/loop-lab/vendor/laravel/framework/src/Illuminate/Pipeline/Pipeline.php(219): Illuminate/Foundation/Http/Middleware/TrimStrings->handle(Object(Illuminate/Http/Request), Object(Closure))
#38 D:/projetos/estudo/loop-lab/vendor/laravel/framework/src/Illuminate/Http/Middleware/ValidatePostSize.php(27): Illuminate/Pipeline/Pipeline->Illuminate/Pipeline/{closure}(Object(Illuminate/Http/Request))
#39 D:/projetos/estudo/loop-lab/vendor/laravel/framework/src/Illuminate/Pipeline/Pipeline.php(219): Illuminate/Http/Middleware/ValidatePostSize->handle(Object(Illuminate/Http/Request), Object(Closure))
#40 D:/projetos/estudo/loop-lab/vendor/laravel/framework/src/Illuminate/Foundation/Http/Middleware/PreventRequestsDuringMaintenance.php(109): Illuminate/Pipeline/Pipeline->Illuminate/Pipeline/{closure}(Object(Illuminate/Http/Request))
#41 D:/projetos/estudo/loop-lab/vendor/laravel/framework/src/Illuminate/Pipeline/Pipeline.php(219): Illuminate/Foundation/Http/Middleware/PreventRequestsDuringMaintenance->handle(Object(Illuminate/Http/Request), Object(Closure))
#42 D:/projetos/estudo/loop-lab/vendor/laravel/framework/src/Illuminate/Http/Middleware/HandleCors.php(61): Illuminate/Pipeline/Pipeline->Illuminate/Pipeline/{closure}(Object(Illuminate/Http/Request))
#43 D:/projetos/estudo/loop-lab/vendor/laravel/framework/src/Illuminate/Pipeline/Pipeline.php(219): Illuminate/Http/Middleware/HandleCors->handle(Object(Illuminate/Http/Request), Object(Closure))
#44 D:/projetos/estudo/loop-lab/vendor/laravel/framework/src/Illuminate/Http/Middleware/TrustProxies.php(58): Illuminate/Pipeline/Pipeline->Illuminate/Pipeline/{closure}(Object(Illuminate/Http/Request))
#45 D:/projetos/estudo/loop-lab/vendor/laravel/framework/src/Illuminate/Pipeline/Pipeline.php(219): Illuminate/Http/Middleware/TrustProxies->handle(Object(Illuminate/Http/Request), Object(Closure))
#46 D:/projetos/estudo/loop-lab/vendor/laravel/framework/src/Illuminate/Foundation/Http/Middleware/InvokeDeferredCallbacks.php(22): Illuminate/Pipeline/Pipeline->Illuminate/Pipeline/{closure}(Object(Illuminate/Http/Request))
#47 D:/projetos/estudo/loop-lab/vendor/laravel/framework/src/Illuminate/Pipeline/Pipeline.php(219): Illuminate/Foundation/Http/Middleware/InvokeDeferredCallbacks->handle(Object(Illuminate/Http/Request), Object(Closure))
#48 D:/projetos/estudo/loop-lab/vendor/laravel/framework/src/Illuminate/Http/Middleware/ValidatePathEncoding.php(28): Illuminate/Pipeline/Pipeline->Illuminate/Pipeline/{closure}(Object(Illuminate/Http/Request))
#49 D:/projetos/estudo/loop-lab/vendor/laravel/framework/src/Illuminate/Pipeline/Pipeline.php(219): Illuminate/Http/Middleware/ValidatePathEncoding->handle(Object(Illuminate/Http/Request), Object(Closure))
#50 D:/projetos/estudo/loop-lab/vendor/laravel/framework/src/Illuminate/Pipeline/Pipeline.php(137): Illuminate/Pipeline/Pipeline->Illuminate/Pipeline/{closure}(Object(Illuminate/Http/Request))
#51 D:/projetos/estudo/loop-lab/vendor/laravel/framework/src/Illuminate/Foundation/Http/Kernel.php(175): Illuminate/Pipeline/Pipeline->then(Object(Closure))
#52 D:/projetos/estudo/loop-lab/vendor/laravel/framework/src/Illuminate/Foundation/Http/Kernel.php(144): Illuminate/Foundation/Http/Kernel->sendRequestThroughRouter(Object(Illuminate/Http/Request))
#53 D:/projetos/estudo/loop-lab/vendor/laravel/framework/src/Illuminate/Foundation/Testing/Concerns/MakesHttpRequests.php(638): Illuminate/Foundation/Http/Kernel->handle(Object(Illuminate/Http/Request))
#54 D:/projetos/estudo/loop-lab/vendor/laravel/framework/src/Illuminate/Foundation/Testing/Concerns/MakesHttpRequests.php(368): Illuminate/Foundation/Testing/TestCase->call('GET', '/aulas/loop-for', Array, Array, Array, Array)
#55 D:/projetos/estudo/loop-lab/tests/Feature/LearningFlowTest.php(30): Illuminate/Foundation/Testing/TestCase->get('/aulas/loop-for')
#56 D:/projetos/estudo/loop-lab/vendor/phpunit/phpunit/src/Framework/TestCase.php(1318): Tests/Feature/LearningFlowTest->test_dashboard_and_lesson_are_available_in_portuguese()
#57 D:/projetos/estudo/loop-lab/vendor/phpunit/phpunit/src/Framework/TestCase.php(1355): PHPUnit/Framework/TestCase->invokeTestMethod('test_dashboard_...', Array)
#58 D:/projetos/estudo/loop-lab/vendor/phpunit/phpunit/src/Framework/TestCase.php(521): PHPUnit/Framework/TestCase->runTest()
#59 D:/projetos/estudo/loop-lab/vendor/phpunit/phpunit/src/Framework/TestRunner/TestRunner.php(99): PHPUnit/Framework/TestCase->runBare()
#60 D:/projetos/estudo/loop-lab/vendor/phpunit/phpunit/src/Framework/TestCase.php(361): PHPUnit/Framework/TestRunner->run(Object(Tests/Feature/LearningFlowTest))
#61 D:/projetos/estudo/loop-lab/vendor/phpunit/phpunit/src/Framework/TestSuite.php(374): PHPUnit/Framework/TestCase->run()
#62 D:/projetos/estudo/loop-lab/vendor/phpunit/phpunit/src/Framework/TestSuite.php(374): PHPUnit/Framework/TestSuite->run()
#63 D:/projetos/estudo/loop-lab/vendor/phpunit/phpunit/src/Framework/TestSuite.php(374): PHPUnit/Framework/TestSuite->run()
#64 D:/projetos/estudo/loop-lab/vendor/phpunit/phpunit/src/TextUI/TestRunner.php(64): PHPUnit/Framework/TestSuite->run()
#65 D:/projetos/estudo/loop-lab/vendor/phpunit/phpunit/src/TextUI/Application.php(229): PHPUnit/TextUI/TestRunner->run(Object(PHPUnit/TextUI/Configuration/Configuration), Object(PHPUnit/Runner/ResultCache/DefaultResultCache), Object(PHPUnit/Framework/TestSuite))
#66 D:/projetos/estudo/loop-lab/vendor/phpunit/phpunit/phpunit(104): PHPUnit/TextUI/Application->run(Array)
#67 {main}
"} 
[2026-08-13 19:59:24] testing.ERROR: syntax error, unexpected token "endif" (View: D:\projetos\estudo\loop-lab\resources\views\lesson.blade.php) {"exception":"[object] (Illuminate\\View\\ViewException(code: 0): syntax error, unexpected token \"endif\" (View: D:\\projetos\\estudo\\loop-lab\\resources\\views\\lesson.blade.php) at D:/projetos/estudo/loop-lab/storage/framework/views/6da633c87c8abf00aa35729240175b5f.php:65)
[stacktrace]
#0 D:/projetos/estudo/loop-lab/vendor/laravel/framework/src/Illuminate/View/Engines/PhpEngine.php(59): Illuminate/View/Engines/CompilerEngine->handleViewException(Object(ParseError), 1)
#1 D:/projetos/estudo/loop-lab/vendor/laravel/framework/src/Illuminate/View/Engines/CompilerEngine.php(76): Illuminate/View/Engines/PhpEngine->evaluatePath('D://projetos//est...', Array)
#2 D:/projetos/estudo/loop-lab/vendor/laravel/framework/src/Illuminate/View/View.php(208): Illuminate/View/Engines/CompilerEngine->get('D://projetos//est...', Array)
#3 D:/projetos/estudo/loop-lab/vendor/laravel/framework/src/Illuminate/View/View.php(191): Illuminate/View/View->getContents()
#4 D:/projetos/estudo/loop-lab/vendor/laravel/framework/src/Illuminate/View/View.php(160): Illuminate/View/View->renderContents()
#5 D:/projetos/estudo/loop-lab/vendor/laravel/framework/src/Illuminate/Http/Response.php(82): Illuminate/View/View->render()
#6 D:/projetos/estudo/loop-lab/vendor/laravel/framework/src/Illuminate/Http/Response.php(40): Illuminate/Http/Response->setContent(Object(Illuminate/View/View))
#7 D:/projetos/estudo/loop-lab/vendor/laravel/framework/src/Illuminate/Routing/Router.php(939): Illuminate/Http/Response->__construct(Object(Illuminate/View/View), 200, Array)
#8 D:/projetos/estudo/loop-lab/vendor/laravel/framework/src/Illuminate/Routing/Router.php(906): Illuminate/Routing/Router::toResponse(Object(Illuminate/Http/Request), Object(Illuminate/View/View))
#9 D:/projetos/estudo/loop-lab/vendor/laravel/framework/src/Illuminate/Routing/Router.php(821): Illuminate/Routing/Router->prepareResponse(Object(Illuminate/Http/Request), Object(Illuminate/View/View))
#10 D:/projetos/estudo/loop-lab/vendor/laravel/framework/src/Illuminate/Pipeline/Pipeline.php(180): Illuminate/Routing/Router->Illuminate/Routing/{closure}(Object(Illuminate/Http/Request))
#11 D:/projetos/estudo/loop-lab/vendor/laravel/framework/src/Illuminate/Routing/Middleware/SubstituteBindings.php(52): Illuminate/Pipeline/Pipeline->Illuminate/Pipeline/{closure}(Object(Illuminate/Http/Request))
#12 D:/projetos/estudo/loop-lab/vendor/laravel/framework/src/Illuminate/Pipeline/Pipeline.php(219): Illuminate/Routing/Middleware/SubstituteBindings->handle(Object(Illuminate/Http/Request), Object(Closure))
#13 D:/projetos/estudo/loop-lab/vendor/laravel/framework/src/Illuminate/Foundation/Http/Middleware/PreventRequestForgery.php(104): Illuminate/Pipeline/Pipeline->Illuminate/Pipeline/{closure}(Object(Illuminate/Http/Request))
#14 D:/projetos/estudo/loop-lab/vendor/laravel/framework/src/Illuminate/Pipeline/Pipeline.php(219): Illuminate/Foundation/Http/Middleware/PreventRequestForgery->handle(Object(Illuminate/Http/Request), Object(Closure))
#15 D:/projetos/estudo/loop-lab/vendor/laravel/framework/src/Illuminate/View/Middleware/ShareErrorsFromSession.php(48): Illuminate/Pipeline/Pipeline->Illuminate/Pipeline/{closure}(Object(Illuminate/Http/Request))
#16 D:/projetos/estudo/loop-lab/vendor/laravel/framework/src/Illuminate/Pipeline/Pipeline.php(219): Illuminate/View/Middleware/ShareErrorsFromSession->handle(Object(Illuminate/Http/Request), Object(Closure))
#17 D:/projetos/estudo/loop-lab/vendor/laravel/framework/src/Illuminate/Session/Middleware/StartSession.php(120): Illuminate/Pipeline/Pipeline->Illuminate/Pipeline/{closure}(Object(Illuminate/Http/Request))
#18 D:/projetos/estudo/loop-lab/vendor/laravel/framework/src/Illuminate/Session/Middleware/StartSession.php(63): Illuminate/Session/Middleware/StartSession->handleStatefulRequest(Object(Illuminate/Http/Request), Object(Illuminate/Session/Store), Object(Closure))
#19 D:/projetos/estudo/loop-lab/vendor/laravel/framework/src/Illuminate/Pipeline/Pipeline.php(219): Illuminate/Session/Middleware/StartSession->handle(Object(Illuminate/Http/Request), Object(Closure))
#20 D:/projetos/estudo/loop-lab/vendor/laravel/framework/src/Illuminate/Cookie/Middleware/AddQueuedCookiesToResponse.php(36): Illuminate/Pipeline/Pipeline->Illuminate/Pipeline/{closure}(Object(Illuminate/Http/Request))
#21 D:/projetos/estudo/loop-lab/vendor/laravel/framework/src/Illuminate/Pipeline/Pipeline.php(219): Illuminate/Cookie/Middleware/AddQueuedCookiesToResponse->handle(Object(Illuminate/Http/Request), Object(Closure))
#22 D:/projetos/estudo/loop-lab/vendor/laravel/framework/src/Illuminate/Cookie/Middleware/EncryptCookies.php(74): Illuminate/Pipeline/Pipeline->Illuminate/Pipeline/{closure}(Object(Illuminate/Http/Request))
#23 D:/projetos/estudo/loop-lab/vendor/laravel/framework/src/Illuminate/Pipeline/Pipeline.php(219): Illuminate/Cookie/Middleware/EncryptCookies->handle(Object(Illuminate/Http/Request), Object(Closure))
#24 D:/projetos/estudo/loop-lab/vendor/laravel/framework/src/Illuminate/Pipeline/Pipeline.php(137): Illuminate/Pipeline/Pipeline->Illuminate/Pipeline/{closure}(Object(Illuminate/Http/Request))
#25 D:/projetos/estudo/loop-lab/vendor/laravel/framework/src/Illuminate/Routing/Router.php(821): Illuminate/Pipeline/Pipeline->then(Object(Closure))
#26 D:/projetos/estudo/loop-lab/vendor/laravel/framework/src/Illuminate/Routing/Router.php(800): Illuminate/Routing/Router->runRouteWithinStack(Object(Illuminate/Routing/Route), Object(Illuminate/Http/Request))
#27 D:/projetos/estudo/loop-lab/vendor/laravel/framework/src/Illuminate/Routing/Router.php(764): Illuminate/Routing/Router->runRoute(Object(Illuminate/Http/Request), Object(Illuminate/Routing/Route))
#28 D:/projetos/estudo/loop-lab/vendor/laravel/framework/src/Illuminate/Routing/Router.php(753): Illuminate/Routing/Router->dispatchToRoute(Object(Illuminate/Http/Request))
#29 D:/projetos/estudo/loop-lab/vendor/laravel/framework/src/Illuminate/Foundation/Http/Kernel.php(200): Illuminate/Routing/Router->dispatch(Object(Illuminate/Http/Request))
#30 D:/projetos/estudo/loop-lab/vendor/laravel/framework/src/Illuminate/Pipeline/Pipeline.php(180): Illuminate/Foundation/Http/Kernel->Illuminate/Foundation/Http/{closure}(Object(Illuminate/Http/Request))
#31 D:/projetos/estudo/loop-lab/vendor/laravel/framework/src/Illuminate/Foundation/Http/Middleware/TransformsRequest.php(21): Illuminate/Pipeline/Pipeline->Illuminate/Pipeline/{closure}(Object(Illuminate/Http/Request))
#32 D:/projetos/estudo/loop-lab/vendor/laravel/framework/src/Illuminate/Foundation/Http/Middleware/ConvertEmptyStringsToNull.php(31): Illuminate/Foundation/Http/Middleware/TransformsRequest->handle(Object(Illuminate/Http/Request), Object(Closure))
#33 D:/projetos/estudo/loop-lab/vendor/laravel/framework/src/Illuminate/Pipeline/Pipeline.php(219): Illuminate/Foundation/Http/Middleware/ConvertEmptyStringsToNull->handle(Object(Illuminate/Http/Request), Object(Closure))
#34 D:/projetos/estudo/loop-lab/vendor/laravel/framework/src/Illuminate/Foundation/Http/Middleware/TransformsRequest.php(21): Illuminate/Pipeline/Pipeline->Illuminate/Pipeline/{closure}(Object(Illuminate/Http/Request))
#35 D:/projetos/estudo/loop-lab/vendor/laravel/framework/src/Illuminate/Foundation/Http/Middleware/TrimStrings.php(51): Illuminate/Foundation/Http/Middleware/TransformsRequest->handle(Object(Illuminate/Http/Request), Object(Closure))
#36 D:/projetos/estudo/loop-lab/vendor/laravel/framework/src/Illuminate/Pipeline/Pipeline.php(219): Illuminate/Foundation/Http/Middleware/TrimStrings->handle(Object(Illuminate/Http/Request), Object(Closure))
#37 D:/projetos/estudo/loop-lab/vendor/laravel/framework/src/Illuminate/Http/Middleware/ValidatePostSize.php(27): Illuminate/Pipeline/Pipeline->Illuminate/Pipeline/{closure}(Object(Illuminate/Http/Request))
#38 D:/projetos/estudo/loop-lab/vendor/laravel/framework/src/Illuminate/Pipeline/Pipeline.php(219): Illuminate/Http/Middleware/ValidatePostSize->handle(Object(Illuminate/Http/Request), Object(Closure))
#39 D:/projetos/estudo/loop-lab/vendor/laravel/framework/src/Illuminate/Foundation/Http/Middleware/PreventRequestsDuringMaintenance.php(109): Illuminate/Pipeline/Pipeline->Illuminate/Pipeline/{closure}(Object(Illuminate/Http/Request))
#40 D:/projetos/estudo/loop-lab/vendor/laravel/framework/src/Illuminate/Pipeline/Pipeline.php(219): Illuminate/Foundation/Http/Middleware/PreventRequestsDuringMaintenance->handle(Object(Illuminate/Http/Request), Object(Closure))
#41 D:/projetos/estudo/loop-lab/vendor/laravel/framework/src/Illuminate/Http/Middleware/HandleCors.php(61): Illuminate/Pipeline/Pipeline->Illuminate/Pipeline/{closure}(Object(Illuminate/Http/Request))
#42 D:/projetos/estudo/loop-lab/vendor/laravel/framework/src/Illuminate/Pipeline/Pipeline.php(219): Illuminate/Http/Middleware/HandleCors->handle(Object(Illuminate/Http/Request), Object(Closure))
#43 D:/projetos/estudo/loop-lab/vendor/laravel/framework/src/Illuminate/Http/Middleware/TrustProxies.php(58): Illuminate/Pipeline/Pipeline->Illuminate/Pipeline/{closure}(Object(Illuminate/Http/Request))
#44 D:/projetos/estudo/loop-lab/vendor/laravel/framework/src/Illuminate/Pipeline/Pipeline.php(219): Illuminate/Http/Middleware/TrustProxies->handle(Object(Illuminate/Http/Request), Object(Closure))
#45 D:/projetos/estudo/loop-lab/vendor/laravel/framework/src/Illuminate/Foundation/Http/Middleware/InvokeDeferredCallbacks.php(22): Illuminate/Pipeline/Pipeline->Illuminate/Pipeline/{closure}(Object(Illuminate/Http/Request))
#46 D:/projetos/estudo/loop-lab/vendor/laravel/framework/src/Illuminate/Pipeline/Pipeline.php(219): Illuminate/Foundation/Http/Middleware/InvokeDeferredCallbacks->handle(Object(Illuminate/Http/Request), Object(Closure))
#47 D:/projetos/estudo/loop-lab/vendor/laravel/framework/src/Illuminate/Http/Middleware/ValidatePathEncoding.php(28): Illuminate/Pipeline/Pipeline->Illuminate/Pipeline/{closure}(Object(Illuminate/Http/Request))
#48 D:/projetos/estudo/loop-lab/vendor/laravel/framework/src/Illuminate/Pipeline/Pipeline.php(219): Illuminate/Http/Middleware/ValidatePathEncoding->handle(Object(Illuminate/Http/Request), Object(Closure))
#49 D:/projetos/estudo/loop-lab/vendor/laravel/framework/src/Illuminate/Pipeline/Pipeline.php(137): Illuminate/Pipeline/Pipeline->Illuminate/Pipeline/{closure}(Object(Illuminate/Http/Request))
#50 D:/projetos/estudo/loop-lab/vendor/laravel/framework/src/Illuminate/Foundation/Http/Kernel.php(175): Illuminate/Pipeline/Pipeline->then(Object(Closure))
#51 D:/projetos/estudo/loop-lab/vendor/laravel/framework/src/Illuminate/Foundation/Http/Kernel.php(144): Illuminate/Foundation/Http/Kernel->sendRequestThroughRouter(Object(Illuminate/Http/Request))
#52 D:/projetos/estudo/loop-lab/vendor/laravel/framework/src/Illuminate/Foundation/Testing/Concerns/MakesHttpRequests.php(638): Illuminate/Foundation/Http/Kernel->handle(Object(Illuminate/Http/Request))
#53 D:/projetos/estudo/loop-lab/vendor/laravel/framework/src/Illuminate/Foundation/Testing/Concerns/MakesHttpRequests.php(368): Illuminate/Foundation/Testing/TestCase->call('GET', '/aulas/operador...', Array, Array, Array, Array)
#54 D:/projetos/estudo/loop-lab/tests/Feature/LearningFlowTest.php(122): Illuminate/Foundation/Testing/TestCase->get('/aulas/operador...')
#55 D:/projetos/estudo/loop-lab/vendor/phpunit/phpunit/src/Framework/TestCase.php(1318): Tests/Feature/LearningFlowTest->test_operator_lesson_contains_the_three_requested_exercises()
#56 D:/projetos/estudo/loop-lab/vendor/phpunit/phpunit/src/Framework/TestCase.php(1355): PHPUnit/Framework/TestCase->invokeTestMethod('test_operator_l...', Array)
#57 D:/projetos/estudo/loop-lab/vendor/phpunit/phpunit/src/Framework/TestCase.php(521): PHPUnit/Framework/TestCase->runTest()
#58 D:/projetos/estudo/loop-lab/vendor/phpunit/phpunit/src/Framework/TestRunner/TestRunner.php(99): PHPUnit/Framework/TestCase->runBare()
#59 D:/projetos/estudo/loop-lab/vendor/phpunit/phpunit/src/Framework/TestCase.php(361): PHPUnit/Framework/TestRunner->run(Object(Tests/Feature/LearningFlowTest))
#60 D:/projetos/estudo/loop-lab/vendor/phpunit/phpunit/src/Framework/TestSuite.php(374): PHPUnit/Framework/TestCase->run()
#61 D:/projetos/estudo/loop-lab/vendor/phpunit/phpunit/src/Framework/TestSuite.php(374): PHPUnit/Framework/TestSuite->run()
#62 D:/projetos/estudo/loop-lab/vendor/phpunit/phpunit/src/Framework/TestSuite.php(374): PHPUnit/Framework/TestSuite->run()
#63 D:/projetos/estudo/loop-lab/vendor/phpunit/phpunit/src/TextUI/TestRunner.php(64): PHPUnit/Framework/TestSuite->run()
#64 D:/projetos/estudo/loop-lab/vendor/phpunit/phpunit/src/TextUI/Application.php(229): PHPUnit/TextUI/TestRunner->run(Object(PHPUnit/TextUI/Configuration/Configuration), Object(PHPUnit/Runner/ResultCache/DefaultResultCache), Object(PHPUnit/Framework/TestSuite))
#65 D:/projetos/estudo/loop-lab/vendor/phpunit/phpunit/phpunit(104): PHPUnit/TextUI/Application->run(Array)
#66 {main}

[previous exception] [object] (ParseError(code: 0): syntax error, unexpected token \"endif\" at D:/projetos/estudo/loop-lab/storage/framework/views/6da633c87c8abf00aa35729240175b5f.php:65)
[stacktrace]
#0 D:/projetos/estudo/loop-lab/vendor/laravel/framework/src/Illuminate/Filesystem/Filesystem.php(124): Illuminate/Filesystem/Filesystem::Illuminate/Filesystem/{closure}()
#1 D:/projetos/estudo/loop-lab/vendor/laravel/framework/src/Illuminate/View/Engines/PhpEngine.php(57): Illuminate/Filesystem/Filesystem->getRequire('D://projetos//est...', Array)
#2 D:/projetos/estudo/loop-lab/vendor/laravel/framework/src/Illuminate/View/Engines/CompilerEngine.php(76): Illuminate/View/Engines/PhpEngine->evaluatePath('D://projetos//est...', Array)
#3 D:/projetos/estudo/loop-lab/vendor/laravel/framework/src/Illuminate/View/View.php(208): Illuminate/View/Engines/CompilerEngine->get('D://projetos//est...', Array)
#4 D:/projetos/estudo/loop-lab/vendor/laravel/framework/src/Illuminate/View/View.php(191): Illuminate/View/View->getContents()
#5 D:/projetos/estudo/loop-lab/vendor/laravel/framework/src/Illuminate/View/View.php(160): Illuminate/View/View->renderContents()
#6 D:/projetos/estudo/loop-lab/vendor/laravel/framework/src/Illuminate/Http/Response.php(82): Illuminate/View/View->render()
#7 D:/projetos/estudo/loop-lab/vendor/laravel/framework/src/Illuminate/Http/Response.php(40): Illuminate/Http/Response->setContent(Object(Illuminate/View/View))
#8 D:/projetos/estudo/loop-lab/vendor/laravel/framework/src/Illuminate/Routing/Router.php(939): Illuminate/Http/Response->__construct(Object(Illuminate/View/View), 200, Array)
#9 D:/projetos/estudo/loop-lab/vendor/laravel/framework/src/Illuminate/Routing/Router.php(906): Illuminate/Routing/Router::toResponse(Object(Illuminate/Http/Request), Object(Illuminate/View/View))
#10 D:/projetos/estudo/loop-lab/vendor/laravel/framework/src/Illuminate/Routing/Router.php(821): Illuminate/Routing/Router->prepareResponse(Object(Illuminate/Http/Request), Object(Illuminate/View/View))
#11 D:/projetos/estudo/loop-lab/vendor/laravel/framework/src/Illuminate/Pipeline/Pipeline.php(180): Illuminate/Routing/Router->Illuminate/Routing/{closure}(Object(Illuminate/Http/Request))
#12 D:/projetos/estudo/loop-lab/vendor/laravel/framework/src/Illuminate/Routing/Middleware/SubstituteBindings.php(52): Illuminate/Pipeline/Pipeline->Illuminate/Pipeline/{closure}(Object(Illuminate/Http/Request))
#13 D:/projetos/estudo/loop-lab/vendor/laravel/framework/src/Illuminate/Pipeline/Pipeline.php(219): Illuminate/Routing/Middleware/SubstituteBindings->handle(Object(Illuminate/Http/Request), Object(Closure))
#14 D:/projetos/estudo/loop-lab/vendor/laravel/framework/src/Illuminate/Foundation/Http/Middleware/PreventRequestForgery.php(104): Illuminate/Pipeline/Pipeline->Illuminate/Pipeline/{closure}(Object(Illuminate/Http/Request))
#15 D:/projetos/estudo/loop-lab/vendor/laravel/framework/src/Illuminate/Pipeline/Pipeline.php(219): Illuminate/Foundation/Http/Middleware/PreventRequestForgery->handle(Object(Illuminate/Http/Request), Object(Closure))
#16 D:/projetos/estudo/loop-lab/vendor/laravel/framework/src/Illuminate/View/Middleware/ShareErrorsFromSession.php(48): Illuminate/Pipeline/Pipeline->Illuminate/Pipeline/{closure}(Object(Illuminate/Http/Request))
#17 D:/projetos/estudo/loop-lab/vendor/laravel/framework/src/Illuminate/Pipeline/Pipeline.php(219): Illuminate/View/Middleware/ShareErrorsFromSession->handle(Object(Illuminate/Http/Request), Object(Closure))
#18 D:/projetos/estudo/loop-lab/vendor/laravel/framework/src/Illuminate/Session/Middleware/StartSession.php(120): Illuminate/Pipeline/Pipeline->Illuminate/Pipeline/{closure}(Object(Illuminate/Http/Request))
#19 D:/projetos/estudo/loop-lab/vendor/laravel/framework/src/Illuminate/Session/Middleware/StartSession.php(63): Illuminate/Session/Middleware/StartSession->handleStatefulRequest(Object(Illuminate/Http/Request), Object(Illuminate/Session/Store), Object(Closure))
#20 D:/projetos/estudo/loop-lab/vendor/laravel/framework/src/Illuminate/Pipeline/Pipeline.php(219): Illuminate/Session/Middleware/StartSession->handle(Object(Illuminate/Http/Request), Object(Closure))
#21 D:/projetos/estudo/loop-lab/vendor/laravel/framework/src/Illuminate/Cookie/Middleware/AddQueuedCookiesToResponse.php(36): Illuminate/Pipeline/Pipeline->Illuminate/Pipeline/{closure}(Object(Illuminate/Http/Request))
#22 D:/projetos/estudo/loop-lab/vendor/laravel/framework/src/Illuminate/Pipeline/Pipeline.php(219): Illuminate/Cookie/Middleware/AddQueuedCookiesToResponse->handle(Object(Illuminate/Http/Request), Object(Closure))
#23 D:/projetos/estudo/loop-lab/vendor/laravel/framework/src/Illuminate/Cookie/Middleware/EncryptCookies.php(74): Illuminate/Pipeline/Pipeline->Illuminate/Pipeline/{closure}(Object(Illuminate/Http/Request))
#24 D:/projetos/estudo/loop-lab/vendor/laravel/framework/src/Illuminate/Pipeline/Pipeline.php(219): Illuminate/Cookie/Middleware/EncryptCookies->handle(Object(Illuminate/Http/Request), Object(Closure))
#25 D:/projetos/estudo/loop-lab/vendor/laravel/framework/src/Illuminate/Pipeline/Pipeline.php(137): Illuminate/Pipeline/Pipeline->Illuminate/Pipeline/{closure}(Object(Illuminate/Http/Request))
#26 D:/projetos/estudo/loop-lab/vendor/laravel/framework/src/Illuminate/Routing/Router.php(821): Illuminate/Pipeline/Pipeline->then(Object(Closure))
#27 D:/projetos/estudo/loop-lab/vendor/laravel/framework/src/Illuminate/Routing/Router.php(800): Illuminate/Routing/Router->runRouteWithinStack(Object(Illuminate/Routing/Route), Object(Illuminate/Http/Request))
#28 D:/projetos/estudo/loop-lab/vendor/laravel/framework/src/Illuminate/Routing/Router.php(764): Illuminate/Routing/Router->runRoute(Object(Illuminate/Http/Request), Object(Illuminate/Routing/Route))
#29 D:/projetos/estudo/loop-lab/vendor/laravel/framework/src/Illuminate/Routing/Router.php(753): Illuminate/Routing/Router->dispatchToRoute(Object(Illuminate/Http/Request))
#30 D:/projetos/estudo/loop-lab/vendor/laravel/framework/src/Illuminate/Foundation/Http/Kernel.php(200): Illuminate/Routing/Router->dispatch(Object(Illuminate/Http/Request))
#31 D:/projetos/estudo/loop-lab/vendor/laravel/framework/src/Illuminate/Pipeline/Pipeline.php(180): Illuminate/Foundation/Http/Kernel->Illuminate/Foundation/Http/{closure}(Object(Illuminate/Http/Request))
#32 D:/projetos/estudo/loop-lab/vendor/laravel/framework/src/Illuminate/Foundation/Http/Middleware/TransformsRequest.php(21): Illuminate/Pipeline/Pipeline->Illuminate/Pipeline/{closure}(Object(Illuminate/Http/Request))
#33 D:/projetos/estudo/loop-lab/vendor/laravel/framework/src/Illuminate/Foundation/Http/Middleware/ConvertEmptyStringsToNull.php(31): Illuminate/Foundation/Http/Middleware/TransformsRequest->handle(Object(Illuminate/Http/Request), Object(Closure))
#34 D:/projetos/estudo/loop-lab/vendor/laravel/framework/src/Illuminate/Pipeline/Pipeline.php(219): Illuminate/Foundation/Http/Middleware/ConvertEmptyStringsToNull->handle(Object(Illuminate/Http/Request), Object(Closure))
#35 D:/projetos/estudo/loop-lab/vendor/laravel/framework/src/Illuminate/Foundation/Http/Middleware/TransformsRequest.php(21): Illuminate/Pipeline/Pipeline->Illuminate/Pipeline/{closure}(Object(Illuminate/Http/Request))
#36 D:/projetos/estudo/loop-lab/vendor/laravel/framework/src/Illuminate/Foundation/Http/Middleware/TrimStrings.php(51): Illuminate/Foundation/Http/Middleware/TransformsRequest->handle(Object(Illuminate/Http/Request), Object(Closure))
#37 D:/projetos/estudo/loop-lab/vendor/laravel/framework/src/Illuminate/Pipeline/Pipeline.php(219): Illuminate/Foundation/Http/Middleware/TrimStrings->handle(Object(Illuminate/Http/Request), Object(Closure))
#38 D:/projetos/estudo/loop-lab/vendor/laravel/framework/src/Illuminate/Http/Middleware/ValidatePostSize.php(27): Illuminate/Pipeline/Pipeline->Illuminate/Pipeline/{closure}(Object(Illuminate/Http/Request))
#39 D:/projetos/estudo/loop-lab/vendor/laravel/framework/src/Illuminate/Pipeline/Pipeline.php(219): Illuminate/Http/Middleware/ValidatePostSize->handle(Object(Illuminate/Http/Request), Object(Closure))
#40 D:/projetos/estudo/loop-lab/vendor/laravel/framework/src/Illuminate/Foundation/Http/Middleware/PreventRequestsDuringMaintenance.php(109): Illuminate/Pipeline/Pipeline->Illuminate/Pipeline/{closure}(Object(Illuminate/Http/Request))
#41 D:/projetos/estudo/loop-lab/vendor/laravel/framework/src/Illuminate/Pipeline/Pipeline.php(219): Illuminate/Foundation/Http/Middleware/PreventRequestsDuringMaintenance->handle(Object(Illuminate/Http/Request), Object(Closure))
#42 D:/projetos/estudo/loop-lab/vendor/laravel/framework/src/Illuminate/Http/Middleware/HandleCors.php(61): Illuminate/Pipeline/Pipeline->Illuminate/Pipeline/{closure}(Object(Illuminate/Http/Request))
#43 D:/projetos/estudo/loop-lab/vendor/laravel/framework/src/Illuminate/Pipeline/Pipeline.php(219): Illuminate/Http/Middleware/HandleCors->handle(Object(Illuminate/Http/Request), Object(Closure))
#44 D:/projetos/estudo/loop-lab/vendor/laravel/framework/src/Illuminate/Http/Middleware/TrustProxies.php(58): Illuminate/Pipeline/Pipeline->Illuminate/Pipeline/{closure}(Object(Illuminate/Http/Request))
#45 D:/projetos/estudo/loop-lab/vendor/laravel/framework/src/Illuminate/Pipeline/Pipeline.php(219): Illuminate/Http/Middleware/TrustProxies->handle(Object(Illuminate/Http/Request), Object(Closure))
#46 D:/projetos/estudo/loop-lab/vendor/laravel/framework/src/Illuminate/Foundation/Http/Middleware/InvokeDeferredCallbacks.php(22): Illuminate/Pipeline/Pipeline->Illuminate/Pipeline/{closure}(Object(Illuminate/Http/Request))
#47 D:/projetos/estudo/loop-lab/vendor/laravel/framework/src/Illuminate/Pipeline/Pipeline.php(219): Illuminate/Foundation/Http/Middleware/InvokeDeferredCallbacks->handle(Object(Illuminate/Http/Request), Object(Closure))
#48 D:/projetos/estudo/loop-lab/vendor/laravel/framework/src/Illuminate/Http/Middleware/ValidatePathEncoding.php(28): Illuminate/Pipeline/Pipeline->Illuminate/Pipeline/{closure}(Object(Illuminate/Http/Request))
#49 D:/projetos/estudo/loop-lab/vendor/laravel/framework/src/Illuminate/Pipeline/Pipeline.php(219): Illuminate/Http/Middleware/ValidatePathEncoding->handle(Object(Illuminate/Http/Request), Object(Closure))
#50 D:/projetos/estudo/loop-lab/vendor/laravel/framework/src/Illuminate/Pipeline/Pipeline.php(137): Illuminate/Pipeline/Pipeline->Illuminate/Pipeline/{closure}(Object(Illuminate/Http/Request))
#51 D:/projetos/estudo/loop-lab/vendor/laravel/framework/src/Illuminate/Foundation/Http/Kernel.php(175): Illuminate/Pipeline/Pipeline->then(Object(Closure))
#52 D:/projetos/estudo/loop-lab/vendor/laravel/framework/src/Illuminate/Foundation/Http/Kernel.php(144): Illuminate/Foundation/Http/Kernel->sendRequestThroughRouter(Object(Illuminate/Http/Request))
#53 D:/projetos/estudo/loop-lab/vendor/laravel/framework/src/Illuminate/Foundation/Testing/Concerns/MakesHttpRequests.php(638): Illuminate/Foundation/Http/Kernel->handle(Object(Illuminate/Http/Request))
#54 D:/projetos/estudo/loop-lab/vendor/laravel/framework/src/Illuminate/Foundation/Testing/Concerns/MakesHttpRequests.php(368): Illuminate/Foundation/Testing/TestCase->call('GET', '/aulas/operador...', Array, Array, Array, Array)
#55 D:/projetos/estudo/loop-lab/tests/Feature/LearningFlowTest.php(122): Illuminate/Foundation/Testing/TestCase->get('/aulas/operador...')
#56 D:/projetos/estudo/loop-lab/vendor/phpunit/phpunit/src/Framework/TestCase.php(1318): Tests/Feature/LearningFlowTest->test_operator_lesson_contains_the_three_requested_exercises()
#57 D:/projetos/estudo/loop-lab/vendor/phpunit/phpunit/src/Framework/TestCase.php(1355): PHPUnit/Framework/TestCase->invokeTestMethod('test_operator_l...', Array)
#58 D:/projetos/estudo/loop-lab/vendor/phpunit/phpunit/src/Framework/TestCase.php(521): PHPUnit/Framework/TestCase->runTest()
#59 D:/projetos/estudo/loop-lab/vendor/phpunit/phpunit/src/Framework/TestRunner/TestRunner.php(99): PHPUnit/Framework/TestCase->runBare()
#60 D:/projetos/estudo/loop-lab/vendor/phpunit/phpunit/src/Framework/TestCase.php(361): PHPUnit/Framework/TestRunner->run(Object(Tests/Feature/LearningFlowTest))
#61 D:/projetos/estudo/loop-lab/vendor/phpunit/phpunit/src/Framework/TestSuite.php(374): PHPUnit/Framework/TestCase->run()
#62 D:/projetos/estudo/loop-lab/vendor/phpunit/phpunit/src/Framework/TestSuite.php(374): PHPUnit/Framework/TestSuite->run()
#63 D:/projetos/estudo/loop-lab/vendor/phpunit/phpunit/src/Framework/TestSuite.php(374): PHPUnit/Framework/TestSuite->run()
#64 D:/projetos/estudo/loop-lab/vendor/phpunit/phpunit/src/TextUI/TestRunner.php(64): PHPUnit/Framework/TestSuite->run()
#65 D:/projetos/estudo/loop-lab/vendor/phpunit/phpunit/src/TextUI/Application.php(229): PHPUnit/TextUI/TestRunner->run(Object(PHPUnit/TextUI/Configuration/Configuration), Object(PHPUnit/Runner/ResultCache/DefaultResultCache), Object(PHPUnit/Framework/TestSuite))
#66 D:/projetos/estudo/loop-lab/vendor/phpunit/phpunit/phpunit(104): PHPUnit/TextUI/Application->run(Array)
#67 {main}
"} 
[2026-08-13 19:59:26] testing.ERROR: SQLSTATE[HY000]: General error: 1 ambiguous column name: position (Connection: sqlite, Database: :memory:, SQL: select "lessons".* from "lessons" inner join "modules" on "modules"."id" = "lessons"."module_id" where "is_published" = 1 and (exists (select * from "modules" where "lessons"."module_id" = "modules"."id" and "position" > 4) or ("module_id" = 4 and "position" > 2)) order by "modules"."position" asc, "lessons"."position" asc limit 1) {"exception":"[object] (Illuminate\\Database\\QueryException(code: HY000): SQLSTATE[HY000]: General error: 1 ambiguous column name: position (Connection: sqlite, Database: :memory:, SQL: select \"lessons\".* from \"lessons\" inner join \"modules\" on \"modules\".\"id\" = \"lessons\".\"module_id\" where \"is_published\" = 1 and (exists (select * from \"modules\" where \"lessons\".\"module_id\" = \"modules\".\"id\" and \"position\" > 4) or (\"module_id\" = 4 and \"position\" > 2)) order by \"modules\".\"position\" asc, \"lessons\".\"position\" asc limit 1) at D:/projetos/estudo/loop-lab/vendor/laravel/framework/src/Illuminate/Database/Connection.php:857)
[stacktrace]
#0 D:/projetos/estudo/loop-lab/vendor/laravel/framework/src/Illuminate/Database/Connection.php(813): Illuminate/Database/Connection->runQueryCallback('select \"lessons...', Array, Object(Closure))
#1 D:/projetos/estudo/loop-lab/vendor/laravel/framework/src/Illuminate/Database/Connection.php(426): Illuminate/Database/Connection->run('select \"lessons...', Array, Object(Closure))
#2 D:/projetos/estudo/loop-lab/vendor/laravel/framework/src/Illuminate/Database/Query/Builder.php(3573): Illuminate/Database/Connection->select('select \"lessons...', Array, true, Array)
#3 D:/projetos/estudo/loop-lab/vendor/laravel/framework/src/Illuminate/Database/Query/Builder.php(3557): Illuminate/Database/Query/Builder->runSelect()
#4 D:/projetos/estudo/loop-lab/vendor/laravel/framework/src/Illuminate/Database/Eloquent/Builder.php(908): Illuminate/Database/Query/Builder->get(Array)
#5 D:/projetos/estudo/loop-lab/vendor/laravel/framework/src/Illuminate/Database/Eloquent/Builder.php(890): Illuminate/Database/Eloquent/Builder->getModels(Array)
#6 D:/projetos/estudo/loop-lab/vendor/laravel/framework/src/Illuminate/Database/Concerns/BuildsQueries.php(366): Illuminate/Database/Eloquent/Builder->get(Array)
#7 D:/projetos/estudo/loop-lab/app/Services/LearningPathService.php(32): Illuminate/Database/Eloquent/Builder->first()
#8 D:/projetos/estudo/loop-lab/app/Http/Controllers/LearningController.php(71): App/Services/LearningPathService->next(Object(App/Models/Exercise))
#9 D:/projetos/estudo/loop-lab/vendor/laravel/framework/src/Illuminate/Routing/ControllerDispatcher.php(46): App/Http/Controllers/LearningController->validateAnswer(Object(App/Http/Requests/RunCodeRequest), Object(App/Models/Exercise), Object(App/Services/ExerciseValidator), Object(App/Services/LearningPathService))
#10 D:/projetos/estudo/loop-lab/vendor/laravel/framework/src/Illuminate/Routing/Route.php(276): Illuminate/Routing/ControllerDispatcher->dispatch(Object(Illuminate/Routing/Route), Object(App/Http/Controllers/LearningController), 'validateAnswer')
#11 D:/projetos/estudo/loop-lab/vendor/laravel/framework/src/Illuminate/Routing/Route.php(216): Illuminate/Routing/Route->runController()
#12 D:/projetos/estudo/loop-lab/vendor/laravel/framework/src/Illuminate/Routing/Router.php(822): Illuminate/Routing/Route->run()
#13 D:/projetos/estudo/loop-lab/vendor/laravel/framework/src/Illuminate/Pipeline/Pipeline.php(180): Illuminate/Routing/Router->Illuminate/Routing/{closure}(Object(Illuminate/Http/Request))
#14 D:/projetos/estudo/loop-lab/vendor/laravel/framework/src/Illuminate/Routing/Middleware/SubstituteBindings.php(52): Illuminate/Pipeline/Pipeline->Illuminate/Pipeline/{closure}(Object(Illuminate/Http/Request))
#15 D:/projetos/estudo/loop-lab/vendor/laravel/framework/src/Illuminate/Pipeline/Pipeline.php(219): Illuminate/Routing/Middleware/SubstituteBindings->handle(Object(Illuminate/Http/Request), Object(Closure))
#16 D:/projetos/estudo/loop-lab/vendor/laravel/framework/src/Illuminate/Routing/Middleware/ThrottleRequests.php(168): Illuminate/Pipeline/Pipeline->Illuminate/Pipeline/{closure}(Object(Illuminate/Http/Request))
#17 D:/projetos/estudo/loop-lab/vendor/laravel/framework/src/Illuminate/Routing/Middleware/ThrottleRequests.php(93): Illuminate/Routing/Middleware/ThrottleRequests->handleRequest(Object(Illuminate/Http/Request), Object(Closure), Array)
#18 D:/projetos/estudo/loop-lab/vendor/laravel/framework/src/Illuminate/Pipeline/Pipeline.php(219): Illuminate/Routing/Middleware/ThrottleRequests->handle(Object(Illuminate/Http/Request), Object(Closure), '20', '1')
#19 D:/projetos/estudo/loop-lab/vendor/laravel/framework/src/Illuminate/Foundation/Http/Middleware/PreventRequestForgery.php(104): Illuminate/Pipeline/Pipeline->Illuminate/Pipeline/{closure}(Object(Illuminate/Http/Request))
#20 D:/projetos/estudo/loop-lab/vendor/laravel/framework/src/Illuminate/Pipeline/Pipeline.php(219): Illuminate/Foundation/Http/Middleware/PreventRequestForgery->handle(Object(Illuminate/Http/Request), Object(Closure))
#21 D:/projetos/estudo/loop-lab/vendor/laravel/framework/src/Illuminate/View/Middleware/ShareErrorsFromSession.php(48): Illuminate/Pipeline/Pipeline->Illuminate/Pipeline/{closure}(Object(Illuminate/Http/Request))
#22 D:/projetos/estudo/loop-lab/vendor/laravel/framework/src/Illuminate/Pipeline/Pipeline.php(219): Illuminate/View/Middleware/ShareErrorsFromSession->handle(Object(Illuminate/Http/Request), Object(Closure))
#23 D:/projetos/estudo/loop-lab/vendor/laravel/framework/src/Illuminate/Session/Middleware/StartSession.php(120): Illuminate/Pipeline/Pipeline->Illuminate/Pipeline/{closure}(Object(Illuminate/Http/Request))
#24 D:/projetos/estudo/loop-lab/vendor/laravel/framework/src/Illuminate/Session/Middleware/StartSession.php(63): Illuminate/Session/Middleware/StartSession->handleStatefulRequest(Object(Illuminate/Http/Request), Object(Illuminate/Session/Store), Object(Closure))
#25 D:/projetos/estudo/loop-lab/vendor/laravel/framework/src/Illuminate/Pipeline/Pipeline.php(219): Illuminate/Session/Middleware/StartSession->handle(Object(Illuminate/Http/Request), Object(Closure))
#26 D:/projetos/estudo/loop-lab/vendor/laravel/framework/src/Illuminate/Cookie/Middleware/AddQueuedCookiesToResponse.php(36): Illuminate/Pipeline/Pipeline->Illuminate/Pipeline/{closure}(Object(Illuminate/Http/Request))
#27 D:/projetos/estudo/loop-lab/vendor/laravel/framework/src/Illuminate/Pipeline/Pipeline.php(219): Illuminate/Cookie/Middleware/AddQueuedCookiesToResponse->handle(Object(Illuminate/Http/Request), Object(Closure))
#28 D:/projetos/estudo/loop-lab/vendor/laravel/framework/src/Illuminate/Cookie/Middleware/EncryptCookies.php(74): Illuminate/Pipeline/Pipeline->Illuminate/Pipeline/{closure}(Object(Illuminate/Http/Request))
#29 D:/projetos/estudo/loop-lab/vendor/laravel/framework/src/Illuminate/Pipeline/Pipeline.php(219): Illuminate/Cookie/Middleware/EncryptCookies->handle(Object(Illuminate/Http/Request), Object(Closure))
#30 D:/projetos/estudo/loop-lab/vendor/laravel/framework/src/Illuminate/Pipeline/Pipeline.php(137): Illuminate/Pipeline/Pipeline->Illuminate/Pipeline/{closure}(Object(Illuminate/Http/Request))
#31 D:/projetos/estudo/loop-lab/vendor/laravel/framework/src/Illuminate/Routing/Router.php(821): Illuminate/Pipeline/Pipeline->then(Object(Closure))
#32 D:/projetos/estudo/loop-lab/vendor/laravel/framework/src/Illuminate/Routing/Router.php(800): Illuminate/Routing/Router->runRouteWithinStack(Object(Illuminate/Routing/Route), Object(Illuminate/Http/Request))
#33 D:/projetos/estudo/loop-lab/vendor/laravel/framework/src/Illuminate/Routing/Router.php(764): Illuminate/Routing/Router->runRoute(Object(Illuminate/Http/Request), Object(Illuminate/Routing/Route))
#34 D:/projetos/estudo/loop-lab/vendor/laravel/framework/src/Illuminate/Routing/Router.php(753): Illuminate/Routing/Router->dispatchToRoute(Object(Illuminate/Http/Request))
#35 D:/projetos/estudo/loop-lab/vendor/laravel/framework/src/Illuminate/Foundation/Http/Kernel.php(200): Illuminate/Routing/Router->dispatch(Object(Illuminate/Http/Request))
#36 D:/projetos/estudo/loop-lab/vendor/laravel/framework/src/Illuminate/Pipeline/Pipeline.php(180): Illuminate/Foundation/Http/Kernel->Illuminate/Foundation/Http/{closure}(Object(Illuminate/Http/Request))
#37 D:/projetos/estudo/loop-lab/vendor/laravel/framework/src/Illuminate/Foundation/Http/Middleware/TransformsRequest.php(21): Illuminate/Pipeline/Pipeline->Illuminate/Pipeline/{closure}(Object(Illuminate/Http/Request))
#38 D:/projetos/estudo/loop-lab/vendor/laravel/framework/src/Illuminate/Foundation/Http/Middleware/ConvertEmptyStringsToNull.php(31): Illuminate/Foundation/Http/Middleware/TransformsRequest->handle(Object(Illuminate/Http/Request), Object(Closure))
#39 D:/projetos/estudo/loop-lab/vendor/laravel/framework/src/Illuminate/Pipeline/Pipeline.php(219): Illuminate/Foundation/Http/Middleware/ConvertEmptyStringsToNull->handle(Object(Illuminate/Http/Request), Object(Closure))
#40 D:/projetos/estudo/loop-lab/vendor/laravel/framework/src/Illuminate/Foundation/Http/Middleware/TransformsRequest.php(21): Illuminate/Pipeline/Pipeline->Illuminate/Pipeline/{closure}(Object(Illuminate/Http/Request))
#41 D:/projetos/estudo/loop-lab/vendor/laravel/framework/src/Illuminate/Foundation/Http/Middleware/TrimStrings.php(51): Illuminate/Foundation/Http/Middleware/TransformsRequest->handle(Object(Illuminate/Http/Request), Object(Closure))
#42 D:/projetos/estudo/loop-lab/vendor/laravel/framework/src/Illuminate/Pipeline/Pipeline.php(219): Illuminate/Foundation/Http/Middleware/TrimStrings->handle(Object(Illuminate/Http/Request), Object(Closure))
#43 D:/projetos/estudo/loop-lab/vendor/laravel/framework/src/Illuminate/Http/Middleware/ValidatePostSize.php(27): Illuminate/Pipeline/Pipeline->Illuminate/Pipeline/{closure}(Object(Illuminate/Http/Request))
#44 D:/projetos/estudo/loop-lab/vendor/laravel/framework/src/Illuminate/Pipeline/Pipeline.php(219): Illuminate/Http/Middleware/ValidatePostSize->handle(Object(Illuminate/Http/Request), Object(Closure))
#45 D:/projetos/estudo/loop-lab/vendor/laravel/framework/src/Illuminate/Foundation/Http/Middleware/PreventRequestsDuringMaintenance.php(109): Illuminate/Pipeline/Pipeline->Illuminate/Pipeline/{closure}(Object(Illuminate/Http/Request))
#46 D:/projetos/estudo/loop-lab/vendor/laravel/framework/src/Illuminate/Pipeline/Pipeline.php(219): Illuminate/Foundation/Http/Middleware/PreventRequestsDuringMaintenance->handle(Object(Illuminate/Http/Request), Object(Closure))
#47 D:/projetos/estudo/loop-lab/vendor/laravel/framework/src/Illuminate/Http/Middleware/HandleCors.php(61): Illuminate/Pipeline/Pipeline->Illuminate/Pipeline/{closure}(Object(Illuminate/Http/Request))
#48 D:/projetos/estudo/loop-lab/vendor/laravel/framework/src/Illuminate/Pipeline/Pipeline.php(219): Illuminate/Http/Middleware/HandleCors->handle(Object(Illuminate/Http/Request), Object(Closure))
#49 D:/projetos/estudo/loop-lab/vendor/laravel/framework/src/Illuminate/Http/Middleware/TrustProxies.php(58): Illuminate/Pipeline/Pipeline->Illuminate/Pipeline/{closure}(Object(Illuminate/Http/Request))
#50 D:/projetos/estudo/loop-lab/vendor/laravel/framework/src/Illuminate/Pipeline/Pipeline.php(219): Illuminate/Http/Middleware/TrustProxies->handle(Object(Illuminate/Http/Request), Object(Closure))
#51 D:/projetos/estudo/loop-lab/vendor/laravel/framework/src/Illuminate/Foundation/Http/Middleware/InvokeDeferredCallbacks.php(22): Illuminate/Pipeline/Pipeline->Illuminate/Pipeline/{closure}(Object(Illuminate/Http/Request))
#52 D:/projetos/estudo/loop-lab/vendor/laravel/framework/src/Illuminate/Pipeline/Pipeline.php(219): Illuminate/Foundation/Http/Middleware/InvokeDeferredCallbacks->handle(Object(Illuminate/Http/Request), Object(Closure))
#53 D:/projetos/estudo/loop-lab/vendor/laravel/framework/src/Illuminate/Http/Middleware/ValidatePathEncoding.php(28): Illuminate/Pipeline/Pipeline->Illuminate/Pipeline/{closure}(Object(Illuminate/Http/Request))
#54 D:/projetos/estudo/loop-lab/vendor/laravel/framework/src/Illuminate/Pipeline/Pipeline.php(219): Illuminate/Http/Middleware/ValidatePathEncoding->handle(Object(Illuminate/Http/Request), Object(Closure))
#55 D:/projetos/estudo/loop-lab/vendor/laravel/framework/src/Illuminate/Pipeline/Pipeline.php(137): Illuminate/Pipeline/Pipeline->Illuminate/Pipeline/{closure}(Object(Illuminate/Http/Request))
#56 D:/projetos/estudo/loop-lab/vendor/laravel/framework/src/Illuminate/Foundation/Http/Kernel.php(175): Illuminate/Pipeline/Pipeline->then(Object(Closure))
#57 D:/projetos/estudo/loop-lab/vendor/laravel/framework/src/Illuminate/Foundation/Http/Kernel.php(144): Illuminate/Foundation/Http/Kernel->sendRequestThroughRouter(Object(Illuminate/Http/Request))
#58 D:/projetos/estudo/loop-lab/vendor/laravel/framework/src/Illuminate/Foundation/Testing/Concerns/MakesHttpRequests.php(638): Illuminate/Foundation/Http/Kernel->handle(Object(Illuminate/Http/Request))
#59 D:/projetos/estudo/loop-lab/vendor/laravel/framework/src/Illuminate/Foundation/Testing/Concerns/MakesHttpRequests.php(604): Illuminate/Foundation/Testing/TestCase->call('POST', 'http://localhos...', Array, Array, Array, Array, '{\"code\":\"<?php ...')
#60 D:/projetos/estudo/loop-lab/vendor/laravel/framework/src/Illuminate/Foundation/Testing/Concerns/MakesHttpRequests.php(411): Illuminate/Foundation/Testing/TestCase->json('POST', 'http://localhos...', Array, Array, 0)
#61 D:/projetos/estudo/loop-lab/tests/Feature/LearningFlowTest.php(133): Illuminate/Foundation/Testing/TestCase->postJson('http://localhos...', Array)
#62 D:/projetos/estudo/loop-lab/vendor/phpunit/phpunit/src/Framework/TestCase.php(1318): Tests/Feature/LearningFlowTest->test_hidden_inputs_reject_a_hardcoded_answer()
#63 D:/projetos/estudo/loop-lab/vendor/phpunit/phpunit/src/Framework/TestCase.php(1355): PHPUnit/Framework/TestCase->invokeTestMethod('test_hidden_inp...', Array)
#64 D:/projetos/estudo/loop-lab/vendor/phpunit/phpunit/src/Framework/TestCase.php(521): PHPUnit/Framework/TestCase->runTest()
#65 D:/projetos/estudo/loop-lab/vendor/phpunit/phpunit/src/Framework/TestRunner/TestRunner.php(99): PHPUnit/Framework/TestCase->runBare()
#66 D:/projetos/estudo/loop-lab/vendor/phpunit/phpunit/src/Framework/TestCase.php(361): PHPUnit/Framework/TestRunner->run(Object(Tests/Feature/LearningFlowTest))
#67 D:/projetos/estudo/loop-lab/vendor/phpunit/phpunit/src/Framework/TestSuite.php(374): PHPUnit/Framework/TestCase->run()
#68 D:/projetos/estudo/loop-lab/vendor/phpunit/phpunit/src/Framework/TestSuite.php(374): PHPUnit/Framework/TestSuite->run()
#69 D:/projetos/estudo/loop-lab/vendor/phpunit/phpunit/src/Framework/TestSuite.php(374): PHPUnit/Framework/TestSuite->run()
#70 D:/projetos/estudo/loop-lab/vendor/phpunit/phpunit/src/TextUI/TestRunner.php(64): PHPUnit/Framework/TestSuite->run()
#71 D:/projetos/estudo/loop-lab/vendor/phpunit/phpunit/src/TextUI/Application.php(229): PHPUnit/TextUI/TestRunner->run(Object(PHPUnit/TextUI/Configuration/Configuration), Object(PHPUnit/Runner/ResultCache/DefaultResultCache), Object(PHPUnit/Framework/TestSuite))
#72 D:/projetos/estudo/loop-lab/vendor/phpunit/phpunit/phpunit(104): PHPUnit/TextUI/Application->run(Array)
#73 {main}

[previous exception] [object] (PDOException(code: HY000): SQLSTATE[HY000]: General error: 1 ambiguous column name: position at D:/projetos/estudo/loop-lab/vendor/laravel/framework/src/Illuminate/Database/Connection.php:435)
[stacktrace]
#0 D:/projetos/estudo/loop-lab/vendor/laravel/framework/src/Illuminate/Database/Connection.php(435): PDO->prepare('select \"lessons...')
#1 D:/projetos/estudo/loop-lab/vendor/laravel/framework/src/Illuminate/Database/Connection.php(846): Illuminate/Database/Connection->Illuminate/Database/{closure}('select \"lessons...', Array)
#2 D:/projetos/estudo/loop-lab/vendor/laravel/framework/src/Illuminate/Database/Connection.php(813): Illuminate/Database/Connection->runQueryCallback('select \"lessons...', Array, Object(Closure))
#3 D:/projetos/estudo/loop-lab/vendor/laravel/framework/src/Illuminate/Database/Connection.php(426): Illuminate/Database/Connection->run('select \"lessons...', Array, Object(Closure))
#4 D:/projetos/estudo/loop-lab/vendor/laravel/framework/src/Illuminate/Database/Query/Builder.php(3573): Illuminate/Database/Connection->select('select \"lessons...', Array, true, Array)
#5 D:/projetos/estudo/loop-lab/vendor/laravel/framework/src/Illuminate/Database/Query/Builder.php(3557): Illuminate/Database/Query/Builder->runSelect()
#6 D:/projetos/estudo/loop-lab/vendor/laravel/framework/src/Illuminate/Database/Eloquent/Builder.php(908): Illuminate/Database/Query/Builder->get(Array)
#7 D:/projetos/estudo/loop-lab/vendor/laravel/framework/src/Illuminate/Database/Eloquent/Builder.php(890): Illuminate/Database/Eloquent/Builder->getModels(Array)
#8 D:/projetos/estudo/loop-lab/vendor/laravel/framework/src/Illuminate/Database/Concerns/BuildsQueries.php(366): Illuminate/Database/Eloquent/Builder->get(Array)
#9 D:/projetos/estudo/loop-lab/app/Services/LearningPathService.php(32): Illuminate/Database/Eloquent/Builder->first()
#10 D:/projetos/estudo/loop-lab/app/Http/Controllers/LearningController.php(71): App/Services/LearningPathService->next(Object(App/Models/Exercise))
#11 D:/projetos/estudo/loop-lab/vendor/laravel/framework/src/Illuminate/Routing/ControllerDispatcher.php(46): App/Http/Controllers/LearningController->validateAnswer(Object(App/Http/Requests/RunCodeRequest), Object(App/Models/Exercise), Object(App/Services/ExerciseValidator), Object(App/Services/LearningPathService))
#12 D:/projetos/estudo/loop-lab/vendor/laravel/framework/src/Illuminate/Routing/Route.php(276): Illuminate/Routing/ControllerDispatcher->dispatch(Object(Illuminate/Routing/Route), Object(App/Http/Controllers/LearningController), 'validateAnswer')
#13 D:/projetos/estudo/loop-lab/vendor/laravel/framework/src/Illuminate/Routing/Route.php(216): Illuminate/Routing/Route->runController()
#14 D:/projetos/estudo/loop-lab/vendor/laravel/framework/src/Illuminate/Routing/Router.php(822): Illuminate/Routing/Route->run()
#15 D:/projetos/estudo/loop-lab/vendor/laravel/framework/src/Illuminate/Pipeline/Pipeline.php(180): Illuminate/Routing/Router->Illuminate/Routing/{closure}(Object(Illuminate/Http/Request))
#16 D:/projetos/estudo/loop-lab/vendor/laravel/framework/src/Illuminate/Routing/Middleware/SubstituteBindings.php(52): Illuminate/Pipeline/Pipeline->Illuminate/Pipeline/{closure}(Object(Illuminate/Http/Request))
#17 D:/projetos/estudo/loop-lab/vendor/laravel/framework/src/Illuminate/Pipeline/Pipeline.php(219): Illuminate/Routing/Middleware/SubstituteBindings->handle(Object(Illuminate/Http/Request), Object(Closure))
#18 D:/projetos/estudo/loop-lab/vendor/laravel/framework/src/Illuminate/Routing/Middleware/ThrottleRequests.php(168): Illuminate/Pipeline/Pipeline->Illuminate/Pipeline/{closure}(Object(Illuminate/Http/Request))
#19 D:/projetos/estudo/loop-lab/vendor/laravel/framework/src/Illuminate/Routing/Middleware/ThrottleRequests.php(93): Illuminate/Routing/Middleware/ThrottleRequests->handleRequest(Object(Illuminate/Http/Request), Object(Closure), Array)
#20 D:/projetos/estudo/loop-lab/vendor/laravel/framework/src/Illuminate/Pipeline/Pipeline.php(219): Illuminate/Routing/Middleware/ThrottleRequests->handle(Object(Illuminate/Http/Request), Object(Closure), '20', '1')
#21 D:/projetos/estudo/loop-lab/vendor/laravel/framework/src/Illuminate/Foundation/Http/Middleware/PreventRequestForgery.php(104): Illuminate/Pipeline/Pipeline->Illuminate/Pipeline/{closure}(Object(Illuminate/Http/Request))
#22 D:/projetos/estudo/loop-lab/vendor/laravel/framework/src/Illuminate/Pipeline/Pipeline.php(219): Illuminate/Foundation/Http/Middleware/PreventRequestForgery->handle(Object(Illuminate/Http/Request), Object(Closure))
#23 D:/projetos/estudo/loop-lab/vendor/laravel/framework/src/Illuminate/View/Middleware/ShareErrorsFromSession.php(48): Illuminate/Pipeline/Pipeline->Illuminate/Pipeline/{closure}(Object(Illuminate/Http/Request))
#24 D:/projetos/estudo/loop-lab/vendor/laravel/framework/src/Illuminate/Pipeline/Pipeline.php(219): Illuminate/View/Middleware/ShareErrorsFromSession->handle(Object(Illuminate/Http/Request), Object(Closure))
#25 D:/projetos/estudo/loop-lab/vendor/laravel/framework/src/Illuminate/Session/Middleware/StartSession.php(120): Illuminate/Pipeline/Pipeline->Illuminate/Pipeline/{closure}(Object(Illuminate/Http/Request))
#26 D:/projetos/estudo/loop-lab/vendor/laravel/framework/src/Illuminate/Session/Middleware/StartSession.php(63): Illuminate/Session/Middleware/StartSession->handleStatefulRequest(Object(Illuminate/Http/Request), Object(Illuminate/Session/Store), Object(Closure))
#27 D:/projetos/estudo/loop-lab/vendor/laravel/framework/src/Illuminate/Pipeline/Pipeline.php(219): Illuminate/Session/Middleware/StartSession->handle(Object(Illuminate/Http/Request), Object(Closure))
#28 D:/projetos/estudo/loop-lab/vendor/laravel/framework/src/Illuminate/Cookie/Middleware/AddQueuedCookiesToResponse.php(36): Illuminate/Pipeline/Pipeline->Illuminate/Pipeline/{closure}(Object(Illuminate/Http/Request))
#29 D:/projetos/estudo/loop-lab/vendor/laravel/framework/src/Illuminate/Pipeline/Pipeline.php(219): Illuminate/Cookie/Middleware/AddQueuedCookiesToResponse->handle(Object(Illuminate/Http/Request), Object(Closure))
#30 D:/projetos/estudo/loop-lab/vendor/laravel/framework/src/Illuminate/Cookie/Middleware/EncryptCookies.php(74): Illuminate/Pipeline/Pipeline->Illuminate/Pipeline/{closure}(Object(Illuminate/Http/Request))
#31 D:/projetos/estudo/loop-lab/vendor/laravel/framework/src/Illuminate/Pipeline/Pipeline.php(219): Illuminate/Cookie/Middleware/EncryptCookies->handle(Object(Illuminate/Http/Request), Object(Closure))
#32 D:/projetos/estudo/loop-lab/vendor/laravel/framework/src/Illuminate/Pipeline/Pipeline.php(137): Illuminate/Pipeline/Pipeline->Illuminate/Pipeline/{closure}(Object(Illuminate/Http/Request))
#33 D:/projetos/estudo/loop-lab/vendor/laravel/framework/src/Illuminate/Routing/Router.php(821): Illuminate/Pipeline/Pipeline->then(Object(Closure))
#34 D:/projetos/estudo/loop-lab/vendor/laravel/framework/src/Illuminate/Routing/Router.php(800): Illuminate/Routing/Router->runRouteWithinStack(Object(Illuminate/Routing/Route), Object(Illuminate/Http/Request))
#35 D:/projetos/estudo/loop-lab/vendor/laravel/framework/src/Illuminate/Routing/Router.php(764): Illuminate/Routing/Router->runRoute(Object(Illuminate/Http/Request), Object(Illuminate/Routing/Route))
#36 D:/projetos/estudo/loop-lab/vendor/laravel/framework/src/Illuminate/Routing/Router.php(753): Illuminate/Routing/Router->dispatchToRoute(Object(Illuminate/Http/Request))
#37 D:/projetos/estudo/loop-lab/vendor/laravel/framework/src/Illuminate/Foundation/Http/Kernel.php(200): Illuminate/Routing/Router->dispatch(Object(Illuminate/Http/Request))
#38 D:/projetos/estudo/loop-lab/vendor/laravel/framework/src/Illuminate/Pipeline/Pipeline.php(180): Illuminate/Foundation/Http/Kernel->Illuminate/Foundation/Http/{closure}(Object(Illuminate/Http/Request))
#39 D:/projetos/estudo/loop-lab/vendor/laravel/framework/src/Illuminate/Foundation/Http/Middleware/TransformsRequest.php(21): Illuminate/Pipeline/Pipeline->Illuminate/Pipeline/{closure}(Object(Illuminate/Http/Request))
#40 D:/projetos/estudo/loop-lab/vendor/laravel/framework/src/Illuminate/Foundation/Http/Middleware/ConvertEmptyStringsToNull.php(31): Illuminate/Foundation/Http/Middleware/TransformsRequest->handle(Object(Illuminate/Http/Request), Object(Closure))
#41 D:/projetos/estudo/loop-lab/vendor/laravel/framework/src/Illuminate/Pipeline/Pipeline.php(219): Illuminate/Foundation/Http/Middleware/ConvertEmptyStringsToNull->handle(Object(Illuminate/Http/Request), Object(Closure))
#42 D:/projetos/estudo/loop-lab/vendor/laravel/framework/src/Illuminate/Foundation/Http/Middleware/TransformsRequest.php(21): Illuminate/Pipeline/Pipeline->Illuminate/Pipeline/{closure}(Object(Illuminate/Http/Request))
#43 D:/projetos/estudo/loop-lab/vendor/laravel/framework/src/Illuminate/Foundation/Http/Middleware/TrimStrings.php(51): Illuminate/Foundation/Http/Middleware/TransformsRequest->handle(Object(Illuminate/Http/Request), Object(Closure))
#44 D:/projetos/estudo/loop-lab/vendor/laravel/framework/src/Illuminate/Pipeline/Pipeline.php(219): Illuminate/Foundation/Http/Middleware/TrimStrings->handle(Object(Illuminate/Http/Request), Object(Closure))
#45 D:/projetos/estudo/loop-lab/vendor/laravel/framework/src/Illuminate/Http/Middleware/ValidatePostSize.php(27): Illuminate/Pipeline/Pipeline->Illuminate/Pipeline/{closure}(Object(Illuminate/Http/Request))
#46 D:/projetos/estudo/loop-lab/vendor/laravel/framework/src/Illuminate/Pipeline/Pipeline.php(219): Illuminate/Http/Middleware/ValidatePostSize->handle(Object(Illuminate/Http/Request), Object(Closure))
#47 D:/projetos/estudo/loop-lab/vendor/laravel/framework/src/Illuminate/Foundation/Http/Middleware/PreventRequestsDuringMaintenance.php(109): Illuminate/Pipeline/Pipeline->Illuminate/Pipeline/{closure}(Object(Illuminate/Http/Request))
#48 D:/projetos/estudo/loop-lab/vendor/laravel/framework/src/Illuminate/Pipeline/Pipeline.php(219): Illuminate/Foundation/Http/Middleware/PreventRequestsDuringMaintenance->handle(Object(Illuminate/Http/Request), Object(Closure))
#49 D:/projetos/estudo/loop-lab/vendor/laravel/framework/src/Illuminate/Http/Middleware/HandleCors.php(61): Illuminate/Pipeline/Pipeline->Illuminate/Pipeline/{closure}(Object(Illuminate/Http/Request))
#50 D:/projetos/estudo/loop-lab/vendor/laravel/framework/src/Illuminate/Pipeline/Pipeline.php(219): Illuminate/Http/Middleware/HandleCors->handle(Object(Illuminate/Http/Request), Object(Closure))
#51 D:/projetos/estudo/loop-lab/vendor/laravel/framework/src/Illuminate/Http/Middleware/TrustProxies.php(58): Illuminate/Pipeline/Pipeline->Illuminate/Pipeline/{closure}(Object(Illuminate/Http/Request))
#52 D:/projetos/estudo/loop-lab/vendor/laravel/framework/src/Illuminate/Pipeline/Pipeline.php(219): Illuminate/Http/Middleware/TrustProxies->handle(Object(Illuminate/Http/Request), Object(Closure))
#53 D:/projetos/estudo/loop-lab/vendor/laravel/framework/src/Illuminate/Foundation/Http/Middleware/InvokeDeferredCallbacks.php(22): Illuminate/Pipeline/Pipeline->Illuminate/Pipeline/{closure}(Object(Illuminate/Http/Request))
#54 D:/projetos/estudo/loop-lab/vendor/laravel/framework/src/Illuminate/Pipeline/Pipeline.php(219): Illuminate/Foundation/Http/Middleware/InvokeDeferredCallbacks->handle(Object(Illuminate/Http/Request), Object(Closure))
#55 D:/projetos/estudo/loop-lab/vendor/laravel/framework/src/Illuminate/Http/Middleware/ValidatePathEncoding.php(28): Illuminate/Pipeline/Pipeline->Illuminate/Pipeline/{closure}(Object(Illuminate/Http/Request))
#56 D:/projetos/estudo/loop-lab/vendor/laravel/framework/src/Illuminate/Pipeline/Pipeline.php(219): Illuminate/Http/Middleware/ValidatePathEncoding->handle(Object(Illuminate/Http/Request), Object(Closure))
#57 D:/projetos/estudo/loop-lab/vendor/laravel/framework/src/Illuminate/Pipeline/Pipeline.php(137): Illuminate/Pipeline/Pipeline->Illuminate/Pipeline/{closure}(Object(Illuminate/Http/Request))
#58 D:/projetos/estudo/loop-lab/vendor/laravel/framework/src/Illuminate/Foundation/Http/Kernel.php(175): Illuminate/Pipeline/Pipeline->then(Object(Closure))
#59 D:/projetos/estudo/loop-lab/vendor/laravel/framework/src/Illuminate/Foundation/Http/Kernel.php(144): Illuminate/Foundation/Http/Kernel->sendRequestThroughRouter(Object(Illuminate/Http/Request))
#60 D:/projetos/estudo/loop-lab/vendor/laravel/framework/src/Illuminate/Foundation/Testing/Concerns/MakesHttpRequests.php(638): Illuminate/Foundation/Http/Kernel->handle(Object(Illuminate/Http/Request))
#61 D:/projetos/estudo/loop-lab/vendor/laravel/framework/src/Illuminate/Foundation/Testing/Concerns/MakesHttpRequests.php(604): Illuminate/Foundation/Testing/TestCase->call('POST', 'http://localhos...', Array, Array, Array, Array, '{\"code\":\"<?php ...')
#62 D:/projetos/estudo/loop-lab/vendor/laravel/framework/src/Illuminate/Foundation/Testing/Concerns/MakesHttpRequests.php(411): Illuminate/Foundation/Testing/TestCase->json('POST', 'http://localhos...', Array, Array, 0)
#63 D:/projetos/estudo/loop-lab/tests/Feature/LearningFlowTest.php(133): Illuminate/Foundation/Testing/TestCase->postJson('http://localhos...', Array)
#64 D:/projetos/estudo/loop-lab/vendor/phpunit/phpunit/src/Framework/TestCase.php(1318): Tests/Feature/LearningFlowTest->test_hidden_inputs_reject_a_hardcoded_answer()
#65 D:/projetos/estudo/loop-lab/vendor/phpunit/phpunit/src/Framework/TestCase.php(1355): PHPUnit/Framework/TestCase->invokeTestMethod('test_hidden_inp...', Array)
#66 D:/projetos/estudo/loop-lab/vendor/phpunit/phpunit/src/Framework/TestCase.php(521): PHPUnit/Framework/TestCase->runTest()
#67 D:/projetos/estudo/loop-lab/vendor/phpunit/phpunit/src/Framework/TestRunner/TestRunner.php(99): PHPUnit/Framework/TestCase->runBare()
#68 D:/projetos/estudo/loop-lab/vendor/phpunit/phpunit/src/Framework/TestCase.php(361): PHPUnit/Framework/TestRunner->run(Object(Tests/Feature/LearningFlowTest))
#69 D:/projetos/estudo/loop-lab/vendor/phpunit/phpunit/src/Framework/TestSuite.php(374): PHPUnit/Framework/TestCase->run()
#70 D:/projetos/estudo/loop-lab/vendor/phpunit/phpunit/src/Framework/TestSuite.php(374): PHPUnit/Framework/TestSuite->run()
#71 D:/projetos/estudo/loop-lab/vendor/phpunit/phpunit/src/Framework/TestSuite.php(374): PHPUnit/Framework/TestSuite->run()
#72 D:/projetos/estudo/loop-lab/vendor/phpunit/phpunit/src/TextUI/TestRunner.php(64): PHPUnit/Framework/TestSuite->run()
#73 D:/projetos/estudo/loop-lab/vendor/phpunit/phpunit/src/TextUI/Application.php(229): PHPUnit/TextUI/TestRunner->run(Object(PHPUnit/TextUI/Configuration/Configuration), Object(PHPUnit/Runner/ResultCache/DefaultResultCache), Object(PHPUnit/Framework/TestSuite))
#74 D:/projetos/estudo/loop-lab/vendor/phpunit/phpunit/phpunit(104): PHPUnit/TextUI/Application->run(Array)
#75 {main}
"} 
[2026-08-13 19:59:29] testing.ERROR: SQLSTATE[HY000]: General error: 1 ambiguous column name: position (Connection: sqlite, Database: :memory:, SQL: select "lessons".* from "lessons" inner join "modules" on "modules"."id" = "lessons"."module_id" where "is_published" = 1 and (exists (select * from "modules" where "lessons"."module_id" = "modules"."id" and "position" > 3) or ("module_id" = 3 and "position" > 1)) order by "modules"."position" asc, "lessons"."position" asc limit 1) {"exception":"[object] (Illuminate\\Database\\QueryException(code: HY000): SQLSTATE[HY000]: General error: 1 ambiguous column name: position (Connection: sqlite, Database: :memory:, SQL: select \"lessons\".* from \"lessons\" inner join \"modules\" on \"modules\".\"id\" = \"lessons\".\"module_id\" where \"is_published\" = 1 and (exists (select * from \"modules\" where \"lessons\".\"module_id\" = \"modules\".\"id\" and \"position\" > 3) or (\"module_id\" = 3 and \"position\" > 1)) order by \"modules\".\"position\" asc, \"lessons\".\"position\" asc limit 1) at D:/projetos/estudo/loop-lab/vendor/laravel/framework/src/Illuminate/Database/Connection.php:857)
[stacktrace]
#0 D:/projetos/estudo/loop-lab/vendor/laravel/framework/src/Illuminate/Database/Connection.php(813): Illuminate/Database/Connection->runQueryCallback('select \"lessons...', Array, Object(Closure))
#1 D:/projetos/estudo/loop-lab/vendor/laravel/framework/src/Illuminate/Database/Connection.php(426): Illuminate/Database/Connection->run('select \"lessons...', Array, Object(Closure))
#2 D:/projetos/estudo/loop-lab/vendor/laravel/framework/src/Illuminate/Database/Query/Builder.php(3573): Illuminate/Database/Connection->select('select \"lessons...', Array, true, Array)
#3 D:/projetos/estudo/loop-lab/vendor/laravel/framework/src/Illuminate/Database/Query/Builder.php(3557): Illuminate/Database/Query/Builder->runSelect()
#4 D:/projetos/estudo/loop-lab/vendor/laravel/framework/src/Illuminate/Database/Eloquent/Builder.php(908): Illuminate/Database/Query/Builder->get(Array)
#5 D:/projetos/estudo/loop-lab/vendor/laravel/framework/src/Illuminate/Database/Eloquent/Builder.php(890): Illuminate/Database/Eloquent/Builder->getModels(Array)
#6 D:/projetos/estudo/loop-lab/vendor/laravel/framework/src/Illuminate/Database/Concerns/BuildsQueries.php(366): Illuminate/Database/Eloquent/Builder->get(Array)
#7 D:/projetos/estudo/loop-lab/app/Services/LearningPathService.php(32): Illuminate/Database/Eloquent/Builder->first()
#8 D:/projetos/estudo/loop-lab/app/Http/Controllers/LearningController.php(71): App/Services/LearningPathService->next(Object(App/Models/Exercise))
#9 D:/projetos/estudo/loop-lab/vendor/laravel/framework/src/Illuminate/Routing/ControllerDispatcher.php(46): App/Http/Controllers/LearningController->validateAnswer(Object(App/Http/Requests/RunCodeRequest), Object(App/Models/Exercise), Object(App/Services/ExerciseValidator), Object(App/Services/LearningPathService))
#10 D:/projetos/estudo/loop-lab/vendor/laravel/framework/src/Illuminate/Routing/Route.php(276): Illuminate/Routing/ControllerDispatcher->dispatch(Object(Illuminate/Routing/Route), Object(App/Http/Controllers/LearningController), 'validateAnswer')
#11 D:/projetos/estudo/loop-lab/vendor/laravel/framework/src/Illuminate/Routing/Route.php(216): Illuminate/Routing/Route->runController()
#12 D:/projetos/estudo/loop-lab/vendor/laravel/framework/src/Illuminate/Routing/Router.php(822): Illuminate/Routing/Route->run()
#13 D:/projetos/estudo/loop-lab/vendor/laravel/framework/src/Illuminate/Pipeline/Pipeline.php(180): Illuminate/Routing/Router->Illuminate/Routing/{closure}(Object(Illuminate/Http/Request))
#14 D:/projetos/estudo/loop-lab/vendor/laravel/framework/src/Illuminate/Routing/Middleware/SubstituteBindings.php(52): Illuminate/Pipeline/Pipeline->Illuminate/Pipeline/{closure}(Object(Illuminate/Http/Request))
#15 D:/projetos/estudo/loop-lab/vendor/laravel/framework/src/Illuminate/Pipeline/Pipeline.php(219): Illuminate/Routing/Middleware/SubstituteBindings->handle(Object(Illuminate/Http/Request), Object(Closure))
#16 D:/projetos/estudo/loop-lab/vendor/laravel/framework/src/Illuminate/Routing/Middleware/ThrottleRequests.php(168): Illuminate/Pipeline/Pipeline->Illuminate/Pipeline/{closure}(Object(Illuminate/Http/Request))
#17 D:/projetos/estudo/loop-lab/vendor/laravel/framework/src/Illuminate/Routing/Middleware/ThrottleRequests.php(93): Illuminate/Routing/Middleware/ThrottleRequests->handleRequest(Object(Illuminate/Http/Request), Object(Closure), Array)
#18 D:/projetos/estudo/loop-lab/vendor/laravel/framework/src/Illuminate/Pipeline/Pipeline.php(219): Illuminate/Routing/Middleware/ThrottleRequests->handle(Object(Illuminate/Http/Request), Object(Closure), '20', '1')
#19 D:/projetos/estudo/loop-lab/vendor/laravel/framework/src/Illuminate/Foundation/Http/Middleware/PreventRequestForgery.php(104): Illuminate/Pipeline/Pipeline->Illuminate/Pipeline/{closure}(Object(Illuminate/Http/Request))
#20 D:/projetos/estudo/loop-lab/vendor/laravel/framework/src/Illuminate/Pipeline/Pipeline.php(219): Illuminate/Foundation/Http/Middleware/PreventRequestForgery->handle(Object(Illuminate/Http/Request), Object(Closure))
#21 D:/projetos/estudo/loop-lab/vendor/laravel/framework/src/Illuminate/View/Middleware/ShareErrorsFromSession.php(48): Illuminate/Pipeline/Pipeline->Illuminate/Pipeline/{closure}(Object(Illuminate/Http/Request))
#22 D:/projetos/estudo/loop-lab/vendor/laravel/framework/src/Illuminate/Pipeline/Pipeline.php(219): Illuminate/View/Middleware/ShareErrorsFromSession->handle(Object(Illuminate/Http/Request), Object(Closure))
#23 D:/projetos/estudo/loop-lab/vendor/laravel/framework/src/Illuminate/Session/Middleware/StartSession.php(120): Illuminate/Pipeline/Pipeline->Illuminate/Pipeline/{closure}(Object(Illuminate/Http/Request))
#24 D:/projetos/estudo/loop-lab/vendor/laravel/framework/src/Illuminate/Session/Middleware/StartSession.php(63): Illuminate/Session/Middleware/StartSession->handleStatefulRequest(Object(Illuminate/Http/Request), Object(Illuminate/Session/Store), Object(Closure))
#25 D:/projetos/estudo/loop-lab/vendor/laravel/framework/src/Illuminate/Pipeline/Pipeline.php(219): Illuminate/Session/Middleware/StartSession->handle(Object(Illuminate/Http/Request), Object(Closure))
#26 D:/projetos/estudo/loop-lab/vendor/laravel/framework/src/Illuminate/Cookie/Middleware/AddQueuedCookiesToResponse.php(36): Illuminate/Pipeline/Pipeline->Illuminate/Pipeline/{closure}(Object(Illuminate/Http/Request))
#27 D:/projetos/estudo/loop-lab/vendor/laravel/framework/src/Illuminate/Pipeline/Pipeline.php(219): Illuminate/Cookie/Middleware/AddQueuedCookiesToResponse->handle(Object(Illuminate/Http/Request), Object(Closure))
#28 D:/projetos/estudo/loop-lab/vendor/laravel/framework/src/Illuminate/Cookie/Middleware/EncryptCookies.php(74): Illuminate/Pipeline/Pipeline->Illuminate/Pipeline/{closure}(Object(Illuminate/Http/Request))
#29 D:/projetos/estudo/loop-lab/vendor/laravel/framework/src/Illuminate/Pipeline/Pipeline.php(219): Illuminate/Cookie/Middleware/EncryptCookies->handle(Object(Illuminate/Http/Request), Object(Closure))
#30 D:/projetos/estudo/loop-lab/vendor/laravel/framework/src/Illuminate/Pipeline/Pipeline.php(137): Illuminate/Pipeline/Pipeline->Illuminate/Pipeline/{closure}(Object(Illuminate/Http/Request))
#31 D:/projetos/estudo/loop-lab/vendor/laravel/framework/src/Illuminate/Routing/Router.php(821): Illuminate/Pipeline/Pipeline->then(Object(Closure))
#32 D:/projetos/estudo/loop-lab/vendor/laravel/framework/src/Illuminate/Routing/Router.php(800): Illuminate/Routing/Router->runRouteWithinStack(Object(Illuminate/Routing/Route), Object(Illuminate/Http/Request))
#33 D:/projetos/estudo/loop-lab/vendor/laravel/framework/src/Illuminate/Routing/Router.php(764): Illuminate/Routing/Router->runRoute(Object(Illuminate/Http/Request), Object(Illuminate/Routing/Route))
#34 D:/projetos/estudo/loop-lab/vendor/laravel/framework/src/Illuminate/Routing/Router.php(753): Illuminate/Routing/Router->dispatchToRoute(Object(Illuminate/Http/Request))
#35 D:/projetos/estudo/loop-lab/vendor/laravel/framework/src/Illuminate/Foundation/Http/Kernel.php(200): Illuminate/Routing/Router->dispatch(Object(Illuminate/Http/Request))
#36 D:/projetos/estudo/loop-lab/vendor/laravel/framework/src/Illuminate/Pipeline/Pipeline.php(180): Illuminate/Foundation/Http/Kernel->Illuminate/Foundation/Http/{closure}(Object(Illuminate/Http/Request))
#37 D:/projetos/estudo/loop-lab/vendor/laravel/framework/src/Illuminate/Foundation/Http/Middleware/TransformsRequest.php(21): Illuminate/Pipeline/Pipeline->Illuminate/Pipeline/{closure}(Object(Illuminate/Http/Request))
#38 D:/projetos/estudo/loop-lab/vendor/laravel/framework/src/Illuminate/Foundation/Http/Middleware/ConvertEmptyStringsToNull.php(31): Illuminate/Foundation/Http/Middleware/TransformsRequest->handle(Object(Illuminate/Http/Request), Object(Closure))
#39 D:/projetos/estudo/loop-lab/vendor/laravel/framework/src/Illuminate/Pipeline/Pipeline.php(219): Illuminate/Foundation/Http/Middleware/ConvertEmptyStringsToNull->handle(Object(Illuminate/Http/Request), Object(Closure))
#40 D:/projetos/estudo/loop-lab/vendor/laravel/framework/src/Illuminate/Foundation/Http/Middleware/TransformsRequest.php(21): Illuminate/Pipeline/Pipeline->Illuminate/Pipeline/{closure}(Object(Illuminate/Http/Request))
#41 D:/projetos/estudo/loop-lab/vendor/laravel/framework/src/Illuminate/Foundation/Http/Middleware/TrimStrings.php(51): Illuminate/Foundation/Http/Middleware/TransformsRequest->handle(Object(Illuminate/Http/Request), Object(Closure))
#42 D:/projetos/estudo/loop-lab/vendor/laravel/framework/src/Illuminate/Pipeline/Pipeline.php(219): Illuminate/Foundation/Http/Middleware/TrimStrings->handle(Object(Illuminate/Http/Request), Object(Closure))
#43 D:/projetos/estudo/loop-lab/vendor/laravel/framework/src/Illuminate/Http/Middleware/ValidatePostSize.php(27): Illuminate/Pipeline/Pipeline->Illuminate/Pipeline/{closure}(Object(Illuminate/Http/Request))
#44 D:/projetos/estudo/loop-lab/vendor/laravel/framework/src/Illuminate/Pipeline/Pipeline.php(219): Illuminate/Http/Middleware/ValidatePostSize->handle(Object(Illuminate/Http/Request), Object(Closure))
#45 D:/projetos/estudo/loop-lab/vendor/laravel/framework/src/Illuminate/Foundation/Http/Middleware/PreventRequestsDuringMaintenance.php(109): Illuminate/Pipeline/Pipeline->Illuminate/Pipeline/{closure}(Object(Illuminate/Http/Request))
#46 D:/projetos/estudo/loop-lab/vendor/laravel/framework/src/Illuminate/Pipeline/Pipeline.php(219): Illuminate/Foundation/Http/Middleware/PreventRequestsDuringMaintenance->handle(Object(Illuminate/Http/Request), Object(Closure))
#47 D:/projetos/estudo/loop-lab/vendor/laravel/framework/src/Illuminate/Http/Middleware/HandleCors.php(61): Illuminate/Pipeline/Pipeline->Illuminate/Pipeline/{closure}(Object(Illuminate/Http/Request))
#48 D:/projetos/estudo/loop-lab/vendor/laravel/framework/src/Illuminate/Pipeline/Pipeline.php(219): Illuminate/Http/Middleware/HandleCors->handle(Object(Illuminate/Http/Request), Object(Closure))
#49 D:/projetos/estudo/loop-lab/vendor/laravel/framework/src/Illuminate/Http/Middleware/TrustProxies.php(58): Illuminate/Pipeline/Pipeline->Illuminate/Pipeline/{closure}(Object(Illuminate/Http/Request))
#50 D:/projetos/estudo/loop-lab/vendor/laravel/framework/src/Illuminate/Pipeline/Pipeline.php(219): Illuminate/Http/Middleware/TrustProxies->handle(Object(Illuminate/Http/Request), Object(Closure))
#51 D:/projetos/estudo/loop-lab/vendor/laravel/framework/src/Illuminate/Foundation/Http/Middleware/InvokeDeferredCallbacks.php(22): Illuminate/Pipeline/Pipeline->Illuminate/Pipeline/{closure}(Object(Illuminate/Http/Request))
#52 D:/projetos/estudo/loop-lab/vendor/laravel/framework/src/Illuminate/Pipeline/Pipeline.php(219): Illuminate/Foundation/Http/Middleware/InvokeDeferredCallbacks->handle(Object(Illuminate/Http/Request), Object(Closure))
#53 D:/projetos/estudo/loop-lab/vendor/laravel/framework/src/Illuminate/Http/Middleware/ValidatePathEncoding.php(28): Illuminate/Pipeline/Pipeline->Illuminate/Pipeline/{closure}(Object(Illuminate/Http/Request))
#54 D:/projetos/estudo/loop-lab/vendor/laravel/framework/src/Illuminate/Pipeline/Pipeline.php(219): Illuminate/Http/Middleware/ValidatePathEncoding->handle(Object(Illuminate/Http/Request), Object(Closure))
#55 D:/projetos/estudo/loop-lab/vendor/laravel/framework/src/Illuminate/Pipeline/Pipeline.php(137): Illuminate/Pipeline/Pipeline->Illuminate/Pipeline/{closure}(Object(Illuminate/Http/Request))
#56 D:/projetos/estudo/loop-lab/vendor/laravel/framework/src/Illuminate/Foundation/Http/Kernel.php(175): Illuminate/Pipeline/Pipeline->then(Object(Closure))
#57 D:/projetos/estudo/loop-lab/vendor/laravel/framework/src/Illuminate/Foundation/Http/Kernel.php(144): Illuminate/Foundation/Http/Kernel->sendRequestThroughRouter(Object(Illuminate/Http/Request))
#58 D:/projetos/estudo/loop-lab/vendor/laravel/framework/src/Illuminate/Foundation/Testing/Concerns/MakesHttpRequests.php(638): Illuminate/Foundation/Http/Kernel->handle(Object(Illuminate/Http/Request))
#59 D:/projetos/estudo/loop-lab/vendor/laravel/framework/src/Illuminate/Foundation/Testing/Concerns/MakesHttpRequests.php(604): Illuminate/Foundation/Testing/TestCase->call('POST', 'http://localhos...', Array, Array, Array, Array, '{\"code\":\"B\"}')
#60 D:/projetos/estudo/loop-lab/vendor/laravel/framework/src/Illuminate/Foundation/Testing/Concerns/MakesHttpRequests.php(411): Illuminate/Foundation/Testing/TestCase->json('POST', 'http://localhos...', Array, Array, 0)
#61 D:/projetos/estudo/loop-lab/tests/Feature/LearningFlowTest.php(150): Illuminate/Foundation/Testing/TestCase->postJson('http://localhos...', Array)
#62 D:/projetos/estudo/loop-lab/vendor/phpunit/phpunit/src/Framework/TestCase.php(1318): Tests/Feature/LearningFlowTest->test_prediction_exercise_can_be_answered()
#63 D:/projetos/estudo/loop-lab/vendor/phpunit/phpunit/src/Framework/TestCase.php(1355): PHPUnit/Framework/TestCase->invokeTestMethod('test_prediction...', Array)
#64 D:/projetos/estudo/loop-lab/vendor/phpunit/phpunit/src/Framework/TestCase.php(521): PHPUnit/Framework/TestCase->runTest()
#65 D:/projetos/estudo/loop-lab/vendor/phpunit/phpunit/src/Framework/TestRunner/TestRunner.php(99): PHPUnit/Framework/TestCase->runBare()
#66 D:/projetos/estudo/loop-lab/vendor/phpunit/phpunit/src/Framework/TestCase.php(361): PHPUnit/Framework/TestRunner->run(Object(Tests/Feature/LearningFlowTest))
#67 D:/projetos/estudo/loop-lab/vendor/phpunit/phpunit/src/Framework/TestSuite.php(374): PHPUnit/Framework/TestCase->run()
#68 D:/projetos/estudo/loop-lab/vendor/phpunit/phpunit/src/Framework/TestSuite.php(374): PHPUnit/Framework/TestSuite->run()
#69 D:/projetos/estudo/loop-lab/vendor/phpunit/phpunit/src/Framework/TestSuite.php(374): PHPUnit/Framework/TestSuite->run()
#70 D:/projetos/estudo/loop-lab/vendor/phpunit/phpunit/src/TextUI/TestRunner.php(64): PHPUnit/Framework/TestSuite->run()
#71 D:/projetos/estudo/loop-lab/vendor/phpunit/phpunit/src/TextUI/Application.php(229): PHPUnit/TextUI/TestRunner->run(Object(PHPUnit/TextUI/Configuration/Configuration), Object(PHPUnit/Runner/ResultCache/DefaultResultCache), Object(PHPUnit/Framework/TestSuite))
#72 D:/projetos/estudo/loop-lab/vendor/phpunit/phpunit/phpunit(104): PHPUnit/TextUI/Application->run(Array)
#73 {main}

[previous exception] [object] (PDOException(code: HY000): SQLSTATE[HY000]: General error: 1 ambiguous column name: position at D:/projetos/estudo/loop-lab/vendor/laravel/framework/src/Illuminate/Database/Connection.php:435)
[stacktrace]
#0 D:/projetos/estudo/loop-lab/vendor/laravel/framework/src/Illuminate/Database/Connection.php(435): PDO->prepare('select \"lessons...')
#1 D:/projetos/estudo/loop-lab/vendor/laravel/framework/src/Illuminate/Database/Connection.php(846): Illuminate/Database/Connection->Illuminate/Database/{closure}('select \"lessons...', Array)
#2 D:/projetos/estudo/loop-lab/vendor/laravel/framework/src/Illuminate/Database/Connection.php(813): Illuminate/Database/Connection->runQueryCallback('select \"lessons...', Array, Object(Closure))
#3 D:/projetos/estudo/loop-lab/vendor/laravel/framework/src/Illuminate/Database/Connection.php(426): Illuminate/Database/Connection->run('select \"lessons...', Array, Object(Closure))
#4 D:/projetos/estudo/loop-lab/vendor/laravel/framework/src/Illuminate/Database/Query/Builder.php(3573): Illuminate/Database/Connection->select('select \"lessons...', Array, true, Array)
#5 D:/projetos/estudo/loop-lab/vendor/laravel/framework/src/Illuminate/Database/Query/Builder.php(3557): Illuminate/Database/Query/Builder->runSelect()
#6 D:/projetos/estudo/loop-lab/vendor/laravel/framework/src/Illuminate/Database/Eloquent/Builder.php(908): Illuminate/Database/Query/Builder->get(Array)
#7 D:/projetos/estudo/loop-lab/vendor/laravel/framework/src/Illuminate/Database/Eloquent/Builder.php(890): Illuminate/Database/Eloquent/Builder->getModels(Array)
#8 D:/projetos/estudo/loop-lab/vendor/laravel/framework/src/Illuminate/Database/Concerns/BuildsQueries.php(366): Illuminate/Database/Eloquent/Builder->get(Array)
#9 D:/projetos/estudo/loop-lab/app/Services/LearningPathService.php(32): Illuminate/Database/Eloquent/Builder->first()
#10 D:/projetos/estudo/loop-lab/app/Http/Controllers/LearningController.php(71): App/Services/LearningPathService->next(Object(App/Models/Exercise))
#11 D:/projetos/estudo/loop-lab/vendor/laravel/framework/src/Illuminate/Routing/ControllerDispatcher.php(46): App/Http/Controllers/LearningController->validateAnswer(Object(App/Http/Requests/RunCodeRequest), Object(App/Models/Exercise), Object(App/Services/ExerciseValidator), Object(App/Services/LearningPathService))
#12 D:/projetos/estudo/loop-lab/vendor/laravel/framework/src/Illuminate/Routing/Route.php(276): Illuminate/Routing/ControllerDispatcher->dispatch(Object(Illuminate/Routing/Route), Object(App/Http/Controllers/LearningController), 'validateAnswer')
#13 D:/projetos/estudo/loop-lab/vendor/laravel/framework/src/Illuminate/Routing/Route.php(216): Illuminate/Routing/Route->runController()
#14 D:/projetos/estudo/loop-lab/vendor/laravel/framework/src/Illuminate/Routing/Router.php(822): Illuminate/Routing/Route->run()
#15 D:/projetos/estudo/loop-lab/vendor/laravel/framework/src/Illuminate/Pipeline/Pipeline.php(180): Illuminate/Routing/Router->Illuminate/Routing/{closure}(Object(Illuminate/Http/Request))
#16 D:/projetos/estudo/loop-lab/vendor/laravel/framework/src/Illuminate/Routing/Middleware/SubstituteBindings.php(52): Illuminate/Pipeline/Pipeline->Illuminate/Pipeline/{closure}(Object(Illuminate/Http/Request))
#17 D:/projetos/estudo/loop-lab/vendor/laravel/framework/src/Illuminate/Pipeline/Pipeline.php(219): Illuminate/Routing/Middleware/SubstituteBindings->handle(Object(Illuminate/Http/Request), Object(Closure))
#18 D:/projetos/estudo/loop-lab/vendor/laravel/framework/src/Illuminate/Routing/Middleware/ThrottleRequests.php(168): Illuminate/Pipeline/Pipeline->Illuminate/Pipeline/{closure}(Object(Illuminate/Http/Request))
#19 D:/projetos/estudo/loop-lab/vendor/laravel/framework/src/Illuminate/Routing/Middleware/ThrottleRequests.php(93): Illuminate/Routing/Middleware/ThrottleRequests->handleRequest(Object(Illuminate/Http/Request), Object(Closure), Array)
#20 D:/projetos/estudo/loop-lab/vendor/laravel/framework/src/Illuminate/Pipeline/Pipeline.php(219): Illuminate/Routing/Middleware/ThrottleRequests->handle(Object(Illuminate/Http/Request), Object(Closure), '20', '1')
#21 D:/projetos/estudo/loop-lab/vendor/laravel/framework/src/Illuminate/Foundation/Http/Middleware/PreventRequestForgery.php(104): Illuminate/Pipeline/Pipeline->Illuminate/Pipeline/{closure}(Object(Illuminate/Http/Request))
#22 D:/projetos/estudo/loop-lab/vendor/laravel/framework/src/Illuminate/Pipeline/Pipeline.php(219): Illuminate/Foundation/Http/Middleware/PreventRequestForgery->handle(Object(Illuminate/Http/Request), Object(Closure))
#23 D:/projetos/estudo/loop-lab/vendor/laravel/framework/src/Illuminate/View/Middleware/ShareErrorsFromSession.php(48): Illuminate/Pipeline/Pipeline->Illuminate/Pipeline/{closure}(Object(Illuminate/Http/Request))
#24 D:/projetos/estudo/loop-lab/vendor/laravel/framework/src/Illuminate/Pipeline/Pipeline.php(219): Illuminate/View/Middleware/ShareErrorsFromSession->handle(Object(Illuminate/Http/Request), Object(Closure))
#25 D:/projetos/estudo/loop-lab/vendor/laravel/framework/src/Illuminate/Session/Middleware/StartSession.php(120): Illuminate/Pipeline/Pipeline->Illuminate/Pipeline/{closure}(Object(Illuminate/Http/Request))
#26 D:/projetos/estudo/loop-lab/vendor/laravel/framework/src/Illuminate/Session/Middleware/StartSession.php(63): Illuminate/Session/Middleware/StartSession->handleStatefulRequest(Object(Illuminate/Http/Request), Object(Illuminate/Session/Store), Object(Closure))
#27 D:/projetos/estudo/loop-lab/vendor/laravel/framework/src/Illuminate/Pipeline/Pipeline.php(219): Illuminate/Session/Middleware/StartSession->handle(Object(Illuminate/Http/Request), Object(Closure))
#28 D:/projetos/estudo/loop-lab/vendor/laravel/framework/src/Illuminate/Cookie/Middleware/AddQueuedCookiesToResponse.php(36): Illuminate/Pipeline/Pipeline->Illuminate/Pipeline/{closure}(Object(Illuminate/Http/Request))
#29 D:/projetos/estudo/loop-lab/vendor/laravel/framework/src/Illuminate/Pipeline/Pipeline.php(219): Illuminate/Cookie/Middleware/AddQueuedCookiesToResponse->handle(Object(Illuminate/Http/Request), Object(Closure))
#30 D:/projetos/estudo/loop-lab/vendor/laravel/framework/src/Illuminate/Cookie/Middleware/EncryptCookies.php(74): Illuminate/Pipeline/Pipeline->Illuminate/Pipeline/{closure}(Object(Illuminate/Http/Request))
#31 D:/projetos/estudo/loop-lab/vendor/laravel/framework/src/Illuminate/Pipeline/Pipeline.php(219): Illuminate/Cookie/Middleware/EncryptCookies->handle(Object(Illuminate/Http/Request), Object(Closure))
#32 D:/projetos/estudo/loop-lab/vendor/laravel/framework/src/Illuminate/Pipeline/Pipeline.php(137): Illuminate/Pipeline/Pipeline->Illuminate/Pipeline/{closure}(Object(Illuminate/Http/Request))
#33 D:/projetos/estudo/loop-lab/vendor/laravel/framework/src/Illuminate/Routing/Router.php(821): Illuminate/Pipeline/Pipeline->then(Object(Closure))
#34 D:/projetos/estudo/loop-lab/vendor/laravel/framework/src/Illuminate/Routing/Router.php(800): Illuminate/Routing/Router->runRouteWithinStack(Object(Illuminate/Routing/Route), Object(Illuminate/Http/Request))
#35 D:/projetos/estudo/loop-lab/vendor/laravel/framework/src/Illuminate/Routing/Router.php(764): Illuminate/Routing/Router->runRoute(Object(Illuminate/Http/Request), Object(Illuminate/Routing/Route))
#36 D:/projetos/estudo/loop-lab/vendor/laravel/framework/src/Illuminate/Routing/Router.php(753): Illuminate/Routing/Router->dispatchToRoute(Object(Illuminate/Http/Request))
#37 D:/projetos/estudo/loop-lab/vendor/laravel/framework/src/Illuminate/Foundation/Http/Kernel.php(200): Illuminate/Routing/Router->dispatch(Object(Illuminate/Http/Request))
#38 D:/projetos/estudo/loop-lab/vendor/laravel/framework/src/Illuminate/Pipeline/Pipeline.php(180): Illuminate/Foundation/Http/Kernel->Illuminate/Foundation/Http/{closure}(Object(Illuminate/Http/Request))
#39 D:/projetos/estudo/loop-lab/vendor/laravel/framework/src/Illuminate/Foundation/Http/Middleware/TransformsRequest.php(21): Illuminate/Pipeline/Pipeline->Illuminate/Pipeline/{closure}(Object(Illuminate/Http/Request))
#40 D:/projetos/estudo/loop-lab/vendor/laravel/framework/src/Illuminate/Foundation/Http/Middleware/ConvertEmptyStringsToNull.php(31): Illuminate/Foundation/Http/Middleware/TransformsRequest->handle(Object(Illuminate/Http/Request), Object(Closure))
#41 D:/projetos/estudo/loop-lab/vendor/laravel/framework/src/Illuminate/Pipeline/Pipeline.php(219): Illuminate/Foundation/Http/Middleware/ConvertEmptyStringsToNull->handle(Object(Illuminate/Http/Request), Object(Closure))
#42 D:/projetos/estudo/loop-lab/vendor/laravel/framework/src/Illuminate/Foundation/Http/Middleware/TransformsRequest.php(21): Illuminate/Pipeline/Pipeline->Illuminate/Pipeline/{closure}(Object(Illuminate/Http/Request))
#43 D:/projetos/estudo/loop-lab/vendor/laravel/framework/src/Illuminate/Foundation/Http/Middleware/TrimStrings.php(51): Illuminate/Foundation/Http/Middleware/TransformsRequest->handle(Object(Illuminate/Http/Request), Object(Closure))
#44 D:/projetos/estudo/loop-lab/vendor/laravel/framework/src/Illuminate/Pipeline/Pipeline.php(219): Illuminate/Foundation/Http/Middleware/TrimStrings->handle(Object(Illuminate/Http/Request), Object(Closure))
#45 D:/projetos/estudo/loop-lab/vendor/laravel/framework/src/Illuminate/Http/Middleware/ValidatePostSize.php(27): Illuminate/Pipeline/Pipeline->Illuminate/Pipeline/{closure}(Object(Illuminate/Http/Request))
#46 D:/projetos/estudo/loop-lab/vendor/laravel/framework/src/Illuminate/Pipeline/Pipeline.php(219): Illuminate/Http/Middleware/ValidatePostSize->handle(Object(Illuminate/Http/Request), Object(Closure))
#47 D:/projetos/estudo/loop-lab/vendor/laravel/framework/src/Illuminate/Foundation/Http/Middleware/PreventRequestsDuringMaintenance.php(109): Illuminate/Pipeline/Pipeline->Illuminate/Pipeline/{closure}(Object(Illuminate/Http/Request))
#48 D:/projetos/estudo/loop-lab/vendor/laravel/framework/src/Illuminate/Pipeline/Pipeline.php(219): Illuminate/Foundation/Http/Middleware/PreventRequestsDuringMaintenance->handle(Object(Illuminate/Http/Request), Object(Closure))
#49 D:/projetos/estudo/loop-lab/vendor/laravel/framework/src/Illuminate/Http/Middleware/HandleCors.php(61): Illuminate/Pipeline/Pipeline->Illuminate/Pipeline/{closure}(Object(Illuminate/Http/Request))
#50 D:/projetos/estudo/loop-lab/vendor/laravel/framework/src/Illuminate/Pipeline/Pipeline.php(219): Illuminate/Http/Middleware/HandleCors->handle(Object(Illuminate/Http/Request), Object(Closure))
#51 D:/projetos/estudo/loop-lab/vendor/laravel/framework/src/Illuminate/Http/Middleware/TrustProxies.php(58): Illuminate/Pipeline/Pipeline->Illuminate/Pipeline/{closure}(Object(Illuminate/Http/Request))
#52 D:/projetos/estudo/loop-lab/vendor/laravel/framework/src/Illuminate/Pipeline/Pipeline.php(219): Illuminate/Http/Middleware/TrustProxies->handle(Object(Illuminate/Http/Request), Object(Closure))
#53 D:/projetos/estudo/loop-lab/vendor/laravel/framework/src/Illuminate/Foundation/Http/Middleware/InvokeDeferredCallbacks.php(22): Illuminate/Pipeline/Pipeline->Illuminate/Pipeline/{closure}(Object(Illuminate/Http/Request))
#54 D:/projetos/estudo/loop-lab/vendor/laravel/framework/src/Illuminate/Pipeline/Pipeline.php(219): Illuminate/Foundation/Http/Middleware/InvokeDeferredCallbacks->handle(Object(Illuminate/Http/Request), Object(Closure))
#55 D:/projetos/estudo/loop-lab/vendor/laravel/framework/src/Illuminate/Http/Middleware/ValidatePathEncoding.php(28): Illuminate/Pipeline/Pipeline->Illuminate/Pipeline/{closure}(Object(Illuminate/Http/Request))
#56 D:/projetos/estudo/loop-lab/vendor/laravel/framework/src/Illuminate/Pipeline/Pipeline.php(219): Illuminate/Http/Middleware/ValidatePathEncoding->handle(Object(Illuminate/Http/Request), Object(Closure))
#57 D:/projetos/estudo/loop-lab/vendor/laravel/framework/src/Illuminate/Pipeline/Pipeline.php(137): Illuminate/Pipeline/Pipeline->Illuminate/Pipeline/{closure}(Object(Illuminate/Http/Request))
#58 D:/projetos/estudo/loop-lab/vendor/laravel/framework/src/Illuminate/Foundation/Http/Kernel.php(175): Illuminate/Pipeline/Pipeline->then(Object(Closure))
#59 D:/projetos/estudo/loop-lab/vendor/laravel/framework/src/Illuminate/Foundation/Http/Kernel.php(144): Illuminate/Foundation/Http/Kernel->sendRequestThroughRouter(Object(Illuminate/Http/Request))
#60 D:/projetos/estudo/loop-lab/vendor/laravel/framework/src/Illuminate/Foundation/Testing/Concerns/MakesHttpRequests.php(638): Illuminate/Foundation/Http/Kernel->handle(Object(Illuminate/Http/Request))
#61 D:/projetos/estudo/loop-lab/vendor/laravel/framework/src/Illuminate/Foundation/Testing/Concerns/MakesHttpRequests.php(604): Illuminate/Foundation/Testing/TestCase->call('POST', 'http://localhos...', Array, Array, Array, Array, '{\"code\":\"B\"}')
#62 D:/projetos/estudo/loop-lab/vendor/laravel/framework/src/Illuminate/Foundation/Testing/Concerns/MakesHttpRequests.php(411): Illuminate/Foundation/Testing/TestCase->json('POST', 'http://localhos...', Array, Array, 0)
#63 D:/projetos/estudo/loop-lab/tests/Feature/LearningFlowTest.php(150): Illuminate/Foundation/Testing/TestCase->postJson('http://localhos...', Array)
#64 D:/projetos/estudo/loop-lab/vendor/phpunit/phpunit/src/Framework/TestCase.php(1318): Tests/Feature/LearningFlowTest->test_prediction_exercise_can_be_answered()
#65 D:/projetos/estudo/loop-lab/vendor/phpunit/phpunit/src/Framework/TestCase.php(1355): PHPUnit/Framework/TestCase->invokeTestMethod('test_prediction...', Array)
#66 D:/projetos/estudo/loop-lab/vendor/phpunit/phpunit/src/Framework/TestCase.php(521): PHPUnit/Framework/TestCase->runTest()
#67 D:/projetos/estudo/loop-lab/vendor/phpunit/phpunit/src/Framework/TestRunner/TestRunner.php(99): PHPUnit/Framework/TestCase->runBare()
#68 D:/projetos/estudo/loop-lab/vendor/phpunit/phpunit/src/Framework/TestCase.php(361): PHPUnit/Framework/TestRunner->run(Object(Tests/Feature/LearningFlowTest))
#69 D:/projetos/estudo/loop-lab/vendor/phpunit/phpunit/src/Framework/TestSuite.php(374): PHPUnit/Framework/TestCase->run()
#70 D:/projetos/estudo/loop-lab/vendor/phpunit/phpunit/src/Framework/TestSuite.php(374): PHPUnit/Framework/TestSuite->run()
#71 D:/projetos/estudo/loop-lab/vendor/phpunit/phpunit/src/Framework/TestSuite.php(374): PHPUnit/Framework/TestSuite->run()
#72 D:/projetos/estudo/loop-lab/vendor/phpunit/phpunit/src/TextUI/TestRunner.php(64): PHPUnit/Framework/TestSuite->run()
#73 D:/projetos/estudo/loop-lab/vendor/phpunit/phpunit/src/TextUI/Application.php(229): PHPUnit/TextUI/TestRunner->run(Object(PHPUnit/TextUI/Configuration/Configuration), Object(PHPUnit/Runner/ResultCache/DefaultResultCache), Object(PHPUnit/Framework/TestSuite))
#74 D:/projetos/estudo/loop-lab/vendor/phpunit/phpunit/phpunit(104): PHPUnit/TextUI/Application->run(Array)
#75 {main}
"} 
[2026-08-13 19:59:32] testing.ERROR: syntax error, unexpected token "endif" (View: D:\projetos\estudo\loop-lab\resources\views\lesson.blade.php) {"exception":"[object] (Illuminate\\View\\ViewException(code: 0): syntax error, unexpected token \"endif\" (View: D:\\projetos\\estudo\\loop-lab\\resources\\views\\lesson.blade.php) at D:/projetos/estudo/loop-lab/storage/framework/views/6da633c87c8abf00aa35729240175b5f.php:65)
[stacktrace]
#0 D:/projetos/estudo/loop-lab/vendor/laravel/framework/src/Illuminate/View/Engines/PhpEngine.php(59): Illuminate/View/Engines/CompilerEngine->handleViewException(Object(ParseError), 1)
#1 D:/projetos/estudo/loop-lab/vendor/laravel/framework/src/Illuminate/View/Engines/CompilerEngine.php(76): Illuminate/View/Engines/PhpEngine->evaluatePath('D://projetos//est...', Array)
#2 D:/projetos/estudo/loop-lab/vendor/laravel/framework/src/Illuminate/View/View.php(208): Illuminate/View/Engines/CompilerEngine->get('D://projetos//est...', Array)
#3 D:/projetos/estudo/loop-lab/vendor/laravel/framework/src/Illuminate/View/View.php(191): Illuminate/View/View->getContents()
#4 D:/projetos/estudo/loop-lab/vendor/laravel/framework/src/Illuminate/View/View.php(160): Illuminate/View/View->renderContents()
#5 D:/projetos/estudo/loop-lab/vendor/laravel/framework/src/Illuminate/Http/Response.php(82): Illuminate/View/View->render()
#6 D:/projetos/estudo/loop-lab/vendor/laravel/framework/src/Illuminate/Http/Response.php(40): Illuminate/Http/Response->setContent(Object(Illuminate/View/View))
#7 D:/projetos/estudo/loop-lab/vendor/laravel/framework/src/Illuminate/Routing/Router.php(939): Illuminate/Http/Response->__construct(Object(Illuminate/View/View), 200, Array)
#8 D:/projetos/estudo/loop-lab/vendor/laravel/framework/src/Illuminate/Routing/Router.php(906): Illuminate/Routing/Router::toResponse(Object(Illuminate/Http/Request), Object(Illuminate/View/View))
#9 D:/projetos/estudo/loop-lab/vendor/laravel/framework/src/Illuminate/Routing/Router.php(821): Illuminate/Routing/Router->prepareResponse(Object(Illuminate/Http/Request), Object(Illuminate/View/View))
#10 D:/projetos/estudo/loop-lab/vendor/laravel/framework/src/Illuminate/Pipeline/Pipeline.php(180): Illuminate/Routing/Router->Illuminate/Routing/{closure}(Object(Illuminate/Http/Request))
#11 D:/projetos/estudo/loop-lab/vendor/laravel/framework/src/Illuminate/Routing/Middleware/SubstituteBindings.php(52): Illuminate/Pipeline/Pipeline->Illuminate/Pipeline/{closure}(Object(Illuminate/Http/Request))
#12 D:/projetos/estudo/loop-lab/vendor/laravel/framework/src/Illuminate/Pipeline/Pipeline.php(219): Illuminate/Routing/Middleware/SubstituteBindings->handle(Object(Illuminate/Http/Request), Object(Closure))
#13 D:/projetos/estudo/loop-lab/vendor/laravel/framework/src/Illuminate/Foundation/Http/Middleware/PreventRequestForgery.php(104): Illuminate/Pipeline/Pipeline->Illuminate/Pipeline/{closure}(Object(Illuminate/Http/Request))
#14 D:/projetos/estudo/loop-lab/vendor/laravel/framework/src/Illuminate/Pipeline/Pipeline.php(219): Illuminate/Foundation/Http/Middleware/PreventRequestForgery->handle(Object(Illuminate/Http/Request), Object(Closure))
#15 D:/projetos/estudo/loop-lab/vendor/laravel/framework/src/Illuminate/View/Middleware/ShareErrorsFromSession.php(48): Illuminate/Pipeline/Pipeline->Illuminate/Pipeline/{closure}(Object(Illuminate/Http/Request))
#16 D:/projetos/estudo/loop-lab/vendor/laravel/framework/src/Illuminate/Pipeline/Pipeline.php(219): Illuminate/View/Middleware/ShareErrorsFromSession->handle(Object(Illuminate/Http/Request), Object(Closure))
#17 D:/projetos/estudo/loop-lab/vendor/laravel/framework/src/Illuminate/Session/Middleware/StartSession.php(120): Illuminate/Pipeline/Pipeline->Illuminate/Pipeline/{closure}(Object(Illuminate/Http/Request))
#18 D:/projetos/estudo/loop-lab/vendor/laravel/framework/src/Illuminate/Session/Middleware/StartSession.php(63): Illuminate/Session/Middleware/StartSession->handleStatefulRequest(Object(Illuminate/Http/Request), Object(Illuminate/Session/Store), Object(Closure))
#19 D:/projetos/estudo/loop-lab/vendor/laravel/framework/src/Illuminate/Pipeline/Pipeline.php(219): Illuminate/Session/Middleware/StartSession->handle(Object(Illuminate/Http/Request), Object(Closure))
#20 D:/projetos/estudo/loop-lab/vendor/laravel/framework/src/Illuminate/Cookie/Middleware/AddQueuedCookiesToResponse.php(36): Illuminate/Pipeline/Pipeline->Illuminate/Pipeline/{closure}(Object(Illuminate/Http/Request))
#21 D:/projetos/estudo/loop-lab/vendor/laravel/framework/src/Illuminate/Pipeline/Pipeline.php(219): Illuminate/Cookie/Middleware/AddQueuedCookiesToResponse->handle(Object(Illuminate/Http/Request), Object(Closure))
#22 D:/projetos/estudo/loop-lab/vendor/laravel/framework/src/Illuminate/Cookie/Middleware/EncryptCookies.php(74): Illuminate/Pipeline/Pipeline->Illuminate/Pipeline/{closure}(Object(Illuminate/Http/Request))
#23 D:/projetos/estudo/loop-lab/vendor/laravel/framework/src/Illuminate/Pipeline/Pipeline.php(219): Illuminate/Cookie/Middleware/EncryptCookies->handle(Object(Illuminate/Http/Request), Object(Closure))
#24 D:/projetos/estudo/loop-lab/vendor/laravel/framework/src/Illuminate/Pipeline/Pipeline.php(137): Illuminate/Pipeline/Pipeline->Illuminate/Pipeline/{closure}(Object(Illuminate/Http/Request))
#25 D:/projetos/estudo/loop-lab/vendor/laravel/framework/src/Illuminate/Routing/Router.php(821): Illuminate/Pipeline/Pipeline->then(Object(Closure))
#26 D:/projetos/estudo/loop-lab/vendor/laravel/framework/src/Illuminate/Routing/Router.php(800): Illuminate/Routing/Router->runRouteWithinStack(Object(Illuminate/Routing/Route), Object(Illuminate/Http/Request))
#27 D:/projetos/estudo/loop-lab/vendor/laravel/framework/src/Illuminate/Routing/Router.php(764): Illuminate/Routing/Router->runRoute(Object(Illuminate/Http/Request), Object(Illuminate/Routing/Route))
#28 D:/projetos/estudo/loop-lab/vendor/laravel/framework/src/Illuminate/Routing/Router.php(753): Illuminate/Routing/Router->dispatchToRoute(Object(Illuminate/Http/Request))
#29 D:/projetos/estudo/loop-lab/vendor/laravel/framework/src/Illuminate/Foundation/Http/Kernel.php(200): Illuminate/Routing/Router->dispatch(Object(Illuminate/Http/Request))
#30 D:/projetos/estudo/loop-lab/vendor/laravel/framework/src/Illuminate/Pipeline/Pipeline.php(180): Illuminate/Foundation/Http/Kernel->Illuminate/Foundation/Http/{closure}(Object(Illuminate/Http/Request))
#31 D:/projetos/estudo/loop-lab/vendor/laravel/framework/src/Illuminate/Foundation/Http/Middleware/TransformsRequest.php(21): Illuminate/Pipeline/Pipeline->Illuminate/Pipeline/{closure}(Object(Illuminate/Http/Request))
#32 D:/projetos/estudo/loop-lab/vendor/laravel/framework/src/Illuminate/Foundation/Http/Middleware/ConvertEmptyStringsToNull.php(31): Illuminate/Foundation/Http/Middleware/TransformsRequest->handle(Object(Illuminate/Http/Request), Object(Closure))
#33 D:/projetos/estudo/loop-lab/vendor/laravel/framework/src/Illuminate/Pipeline/Pipeline.php(219): Illuminate/Foundation/Http/Middleware/ConvertEmptyStringsToNull->handle(Object(Illuminate/Http/Request), Object(Closure))
#34 D:/projetos/estudo/loop-lab/vendor/laravel/framework/src/Illuminate/Foundation/Http/Middleware/TransformsRequest.php(21): Illuminate/Pipeline/Pipeline->Illuminate/Pipeline/{closure}(Object(Illuminate/Http/Request))
#35 D:/projetos/estudo/loop-lab/vendor/laravel/framework/src/Illuminate/Foundation/Http/Middleware/TrimStrings.php(51): Illuminate/Foundation/Http/Middleware/TransformsRequest->handle(Object(Illuminate/Http/Request), Object(Closure))
#36 D:/projetos/estudo/loop-lab/vendor/laravel/framework/src/Illuminate/Pipeline/Pipeline.php(219): Illuminate/Foundation/Http/Middleware/TrimStrings->handle(Object(Illuminate/Http/Request), Object(Closure))
#37 D:/projetos/estudo/loop-lab/vendor/laravel/framework/src/Illuminate/Http/Middleware/ValidatePostSize.php(27): Illuminate/Pipeline/Pipeline->Illuminate/Pipeline/{closure}(Object(Illuminate/Http/Request))
#38 D:/projetos/estudo/loop-lab/vendor/laravel/framework/src/Illuminate/Pipeline/Pipeline.php(219): Illuminate/Http/Middleware/ValidatePostSize->handle(Object(Illuminate/Http/Request), Object(Closure))
#39 D:/projetos/estudo/loop-lab/vendor/laravel/framework/src/Illuminate/Foundation/Http/Middleware/PreventRequestsDuringMaintenance.php(109): Illuminate/Pipeline/Pipeline->Illuminate/Pipeline/{closure}(Object(Illuminate/Http/Request))
#40 D:/projetos/estudo/loop-lab/vendor/laravel/framework/src/Illuminate/Pipeline/Pipeline.php(219): Illuminate/Foundation/Http/Middleware/PreventRequestsDuringMaintenance->handle(Object(Illuminate/Http/Request), Object(Closure))
#41 D:/projetos/estudo/loop-lab/vendor/laravel/framework/src/Illuminate/Http/Middleware/HandleCors.php(61): Illuminate/Pipeline/Pipeline->Illuminate/Pipeline/{closure}(Object(Illuminate/Http/Request))
#42 D:/projetos/estudo/loop-lab/vendor/laravel/framework/src/Illuminate/Pipeline/Pipeline.php(219): Illuminate/Http/Middleware/HandleCors->handle(Object(Illuminate/Http/Request), Object(Closure))
#43 D:/projetos/estudo/loop-lab/vendor/laravel/framework/src/Illuminate/Http/Middleware/TrustProxies.php(58): Illuminate/Pipeline/Pipeline->Illuminate/Pipeline/{closure}(Object(Illuminate/Http/Request))
#44 D:/projetos/estudo/loop-lab/vendor/laravel/framework/src/Illuminate/Pipeline/Pipeline.php(219): Illuminate/Http/Middleware/TrustProxies->handle(Object(Illuminate/Http/Request), Object(Closure))
#45 D:/projetos/estudo/loop-lab/vendor/laravel/framework/src/Illuminate/Foundation/Http/Middleware/InvokeDeferredCallbacks.php(22): Illuminate/Pipeline/Pipeline->Illuminate/Pipeline/{closure}(Object(Illuminate/Http/Request))
#46 D:/projetos/estudo/loop-lab/vendor/laravel/framework/src/Illuminate/Pipeline/Pipeline.php(219): Illuminate/Foundation/Http/Middleware/InvokeDeferredCallbacks->handle(Object(Illuminate/Http/Request), Object(Closure))
#47 D:/projetos/estudo/loop-lab/vendor/laravel/framework/src/Illuminate/Http/Middleware/ValidatePathEncoding.php(28): Illuminate/Pipeline/Pipeline->Illuminate/Pipeline/{closure}(Object(Illuminate/Http/Request))
#48 D:/projetos/estudo/loop-lab/vendor/laravel/framework/src/Illuminate/Pipeline/Pipeline.php(219): Illuminate/Http/Middleware/ValidatePathEncoding->handle(Object(Illuminate/Http/Request), Object(Closure))
#49 D:/projetos/estudo/loop-lab/vendor/laravel/framework/src/Illuminate/Pipeline/Pipeline.php(137): Illuminate/Pipeline/Pipeline->Illuminate/Pipeline/{closure}(Object(Illuminate/Http/Request))
#50 D:/projetos/estudo/loop-lab/vendor/laravel/framework/src/Illuminate/Foundation/Http/Kernel.php(175): Illuminate/Pipeline/Pipeline->then(Object(Closure))
#51 D:/projetos/estudo/loop-lab/vendor/laravel/framework/src/Illuminate/Foundation/Http/Kernel.php(144): Illuminate/Foundation/Http/Kernel->sendRequestThroughRouter(Object(Illuminate/Http/Request))
#52 D:/projetos/estudo/loop-lab/vendor/laravel/framework/src/Illuminate/Foundation/Testing/Concerns/MakesHttpRequests.php(638): Illuminate/Foundation/Http/Kernel->handle(Object(Illuminate/Http/Request))
#53 D:/projetos/estudo/loop-lab/vendor/laravel/framework/src/Illuminate/Foundation/Testing/Concerns/MakesHttpRequests.php(368): Illuminate/Foundation/Testing/TestCase->call('GET', '/aulas/loop-for', Array, Array, Array, Array)
#54 D:/projetos/estudo/loop-lab/tests/Feature/LearningFlowTest.php(187): Illuminate/Foundation/Testing/TestCase->get('/aulas/loop-for')
#55 D:/projetos/estudo/loop-lab/vendor/phpunit/phpunit/src/Framework/TestCase.php(1318): Tests/Feature/LearningFlowTest->test_editor_supports_tab_shift_tab_and_single_delegated_handler()
#56 D:/projetos/estudo/loop-lab/vendor/phpunit/phpunit/src/Framework/TestCase.php(1355): PHPUnit/Framework/TestCase->invokeTestMethod('test_editor_sup...', Array)
#57 D:/projetos/estudo/loop-lab/vendor/phpunit/phpunit/src/Framework/TestCase.php(521): PHPUnit/Framework/TestCase->runTest()
#58 D:/projetos/estudo/loop-lab/vendor/phpunit/phpunit/src/Framework/TestRunner/TestRunner.php(99): PHPUnit/Framework/TestCase->runBare()
#59 D:/projetos/estudo/loop-lab/vendor/phpunit/phpunit/src/Framework/TestCase.php(361): PHPUnit/Framework/TestRunner->run(Object(Tests/Feature/LearningFlowTest))
#60 D:/projetos/estudo/loop-lab/vendor/phpunit/phpunit/src/Framework/TestSuite.php(374): PHPUnit/Framework/TestCase->run()
#61 D:/projetos/estudo/loop-lab/vendor/phpunit/phpunit/src/Framework/TestSuite.php(374): PHPUnit/Framework/TestSuite->run()
#62 D:/projetos/estudo/loop-lab/vendor/phpunit/phpunit/src/Framework/TestSuite.php(374): PHPUnit/Framework/TestSuite->run()
#63 D:/projetos/estudo/loop-lab/vendor/phpunit/phpunit/src/TextUI/TestRunner.php(64): PHPUnit/Framework/TestSuite->run()
#64 D:/projetos/estudo/loop-lab/vendor/phpunit/phpunit/src/TextUI/Application.php(229): PHPUnit/TextUI/TestRunner->run(Object(PHPUnit/TextUI/Configuration/Configuration), Object(PHPUnit/Runner/ResultCache/DefaultResultCache), Object(PHPUnit/Framework/TestSuite))
#65 D:/projetos/estudo/loop-lab/vendor/phpunit/phpunit/phpunit(104): PHPUnit/TextUI/Application->run(Array)
#66 {main}

[previous exception] [object] (ParseError(code: 0): syntax error, unexpected token \"endif\" at D:/projetos/estudo/loop-lab/storage/framework/views/6da633c87c8abf00aa35729240175b5f.php:65)
[stacktrace]
#0 D:/projetos/estudo/loop-lab/vendor/laravel/framework/src/Illuminate/Filesystem/Filesystem.php(124): Illuminate/Filesystem/Filesystem::Illuminate/Filesystem/{closure}()
#1 D:/projetos/estudo/loop-lab/vendor/laravel/framework/src/Illuminate/View/Engines/PhpEngine.php(57): Illuminate/Filesystem/Filesystem->getRequire('D://projetos//est...', Array)
#2 D:/projetos/estudo/loop-lab/vendor/laravel/framework/src/Illuminate/View/Engines/CompilerEngine.php(76): Illuminate/View/Engines/PhpEngine->evaluatePath('D://projetos//est...', Array)
#3 D:/projetos/estudo/loop-lab/vendor/laravel/framework/src/Illuminate/View/View.php(208): Illuminate/View/Engines/CompilerEngine->get('D://projetos//est...', Array)
#4 D:/projetos/estudo/loop-lab/vendor/laravel/framework/src/Illuminate/View/View.php(191): Illuminate/View/View->getContents()
#5 D:/projetos/estudo/loop-lab/vendor/laravel/framework/src/Illuminate/View/View.php(160): Illuminate/View/View->renderContents()
#6 D:/projetos/estudo/loop-lab/vendor/laravel/framework/src/Illuminate/Http/Response.php(82): Illuminate/View/View->render()
#7 D:/projetos/estudo/loop-lab/vendor/laravel/framework/src/Illuminate/Http/Response.php(40): Illuminate/Http/Response->setContent(Object(Illuminate/View/View))
#8 D:/projetos/estudo/loop-lab/vendor/laravel/framework/src/Illuminate/Routing/Router.php(939): Illuminate/Http/Response->__construct(Object(Illuminate/View/View), 200, Array)
#9 D:/projetos/estudo/loop-lab/vendor/laravel/framework/src/Illuminate/Routing/Router.php(906): Illuminate/Routing/Router::toResponse(Object(Illuminate/Http/Request), Object(Illuminate/View/View))
#10 D:/projetos/estudo/loop-lab/vendor/laravel/framework/src/Illuminate/Routing/Router.php(821): Illuminate/Routing/Router->prepareResponse(Object(Illuminate/Http/Request), Object(Illuminate/View/View))
#11 D:/projetos/estudo/loop-lab/vendor/laravel/framework/src/Illuminate/Pipeline/Pipeline.php(180): Illuminate/Routing/Router->Illuminate/Routing/{closure}(Object(Illuminate/Http/Request))
#12 D:/projetos/estudo/loop-lab/vendor/laravel/framework/src/Illuminate/Routing/Middleware/SubstituteBindings.php(52): Illuminate/Pipeline/Pipeline->Illuminate/Pipeline/{closure}(Object(Illuminate/Http/Request))
#13 D:/projetos/estudo/loop-lab/vendor/laravel/framework/src/Illuminate/Pipeline/Pipeline.php(219): Illuminate/Routing/Middleware/SubstituteBindings->handle(Object(Illuminate/Http/Request), Object(Closure))
#14 D:/projetos/estudo/loop-lab/vendor/laravel/framework/src/Illuminate/Foundation/Http/Middleware/PreventRequestForgery.php(104): Illuminate/Pipeline/Pipeline->Illuminate/Pipeline/{closure}(Object(Illuminate/Http/Request))
#15 D:/projetos/estudo/loop-lab/vendor/laravel/framework/src/Illuminate/Pipeline/Pipeline.php(219): Illuminate/Foundation/Http/Middleware/PreventRequestForgery->handle(Object(Illuminate/Http/Request), Object(Closure))
#16 D:/projetos/estudo/loop-lab/vendor/laravel/framework/src/Illuminate/View/Middleware/ShareErrorsFromSession.php(48): Illuminate/Pipeline/Pipeline->Illuminate/Pipeline/{closure}(Object(Illuminate/Http/Request))
#17 D:/projetos/estudo/loop-lab/vendor/laravel/framework/src/Illuminate/Pipeline/Pipeline.php(219): Illuminate/View/Middleware/ShareErrorsFromSession->handle(Object(Illuminate/Http/Request), Object(Closure))
#18 D:/projetos/estudo/loop-lab/vendor/laravel/framework/src/Illuminate/Session/Middleware/StartSession.php(120): Illuminate/Pipeline/Pipeline->Illuminate/Pipeline/{closure}(Object(Illuminate/Http/Request))
#19 D:/projetos/estudo/loop-lab/vendor/laravel/framework/src/Illuminate/Session/Middleware/StartSession.php(63): Illuminate/Session/Middleware/StartSession->handleStatefulRequest(Object(Illuminate/Http/Request), Object(Illuminate/Session/Store), Object(Closure))
#20 D:/projetos/estudo/loop-lab/vendor/laravel/framework/src/Illuminate/Pipeline/Pipeline.php(219): Illuminate/Session/Middleware/StartSession->handle(Object(Illuminate/Http/Request), Object(Closure))
#21 D:/projetos/estudo/loop-lab/vendor/laravel/framework/src/Illuminate/Cookie/Middleware/AddQueuedCookiesToResponse.php(36): Illuminate/Pipeline/Pipeline->Illuminate/Pipeline/{closure}(Object(Illuminate/Http/Request))
#22 D:/projetos/estudo/loop-lab/vendor/laravel/framework/src/Illuminate/Pipeline/Pipeline.php(219): Illuminate/Cookie/Middleware/AddQueuedCookiesToResponse->handle(Object(Illuminate/Http/Request), Object(Closure))
#23 D:/projetos/estudo/loop-lab/vendor/laravel/framework/src/Illuminate/Cookie/Middleware/EncryptCookies.php(74): Illuminate/Pipeline/Pipeline->Illuminate/Pipeline/{closure}(Object(Illuminate/Http/Request))
#24 D:/projetos/estudo/loop-lab/vendor/laravel/framework/src/Illuminate/Pipeline/Pipeline.php(219): Illuminate/Cookie/Middleware/EncryptCookies->handle(Object(Illuminate/Http/Request), Object(Closure))
#25 D:/projetos/estudo/loop-lab/vendor/laravel/framework/src/Illuminate/Pipeline/Pipeline.php(137): Illuminate/Pipeline/Pipeline->Illuminate/Pipeline/{closure}(Object(Illuminate/Http/Request))
#26 D:/projetos/estudo/loop-lab/vendor/laravel/framework/src/Illuminate/Routing/Router.php(821): Illuminate/Pipeline/Pipeline->then(Object(Closure))
#27 D:/projetos/estudo/loop-lab/vendor/laravel/framework/src/Illuminate/Routing/Router.php(800): Illuminate/Routing/Router->runRouteWithinStack(Object(Illuminate/Routing/Route), Object(Illuminate/Http/Request))
#28 D:/projetos/estudo/loop-lab/vendor/laravel/framework/src/Illuminate/Routing/Router.php(764): Illuminate/Routing/Router->runRoute(Object(Illuminate/Http/Request), Object(Illuminate/Routing/Route))
#29 D:/projetos/estudo/loop-lab/vendor/laravel/framework/src/Illuminate/Routing/Router.php(753): Illuminate/Routing/Router->dispatchToRoute(Object(Illuminate/Http/Request))
#30 D:/projetos/estudo/loop-lab/vendor/laravel/framework/src/Illuminate/Foundation/Http/Kernel.php(200): Illuminate/Routing/Router->dispatch(Object(Illuminate/Http/Request))
#31 D:/projetos/estudo/loop-lab/vendor/laravel/framework/src/Illuminate/Pipeline/Pipeline.php(180): Illuminate/Foundation/Http/Kernel->Illuminate/Foundation/Http/{closure}(Object(Illuminate/Http/Request))
#32 D:/projetos/estudo/loop-lab/vendor/laravel/framework/src/Illuminate/Foundation/Http/Middleware/TransformsRequest.php(21): Illuminate/Pipeline/Pipeline->Illuminate/Pipeline/{closure}(Object(Illuminate/Http/Request))
#33 D:/projetos/estudo/loop-lab/vendor/laravel/framework/src/Illuminate/Foundation/Http/Middleware/ConvertEmptyStringsToNull.php(31): Illuminate/Foundation/Http/Middleware/TransformsRequest->handle(Object(Illuminate/Http/Request), Object(Closure))
#34 D:/projetos/estudo/loop-lab/vendor/laravel/framework/src/Illuminate/Pipeline/Pipeline.php(219): Illuminate/Foundation/Http/Middleware/ConvertEmptyStringsToNull->handle(Object(Illuminate/Http/Request), Object(Closure))
#35 D:/projetos/estudo/loop-lab/vendor/laravel/framework/src/Illuminate/Foundation/Http/Middleware/TransformsRequest.php(21): Illuminate/Pipeline/Pipeline->Illuminate/Pipeline/{closure}(Object(Illuminate/Http/Request))
#36 D:/projetos/estudo/loop-lab/vendor/laravel/framework/src/Illuminate/Foundation/Http/Middleware/TrimStrings.php(51): Illuminate/Foundation/Http/Middleware/TransformsRequest->handle(Object(Illuminate/Http/Request), Object(Closure))
#37 D:/projetos/estudo/loop-lab/vendor/laravel/framework/src/Illuminate/Pipeline/Pipeline.php(219): Illuminate/Foundation/Http/Middleware/TrimStrings->handle(Object(Illuminate/Http/Request), Object(Closure))
#38 D:/projetos/estudo/loop-lab/vendor/laravel/framework/src/Illuminate/Http/Middleware/ValidatePostSize.php(27): Illuminate/Pipeline/Pipeline->Illuminate/Pipeline/{closure}(Object(Illuminate/Http/Request))
#39 D:/projetos/estudo/loop-lab/vendor/laravel/framework/src/Illuminate/Pipeline/Pipeline.php(219): Illuminate/Http/Middleware/ValidatePostSize->handle(Object(Illuminate/Http/Request), Object(Closure))
#40 D:/projetos/estudo/loop-lab/vendor/laravel/framework/src/Illuminate/Foundation/Http/Middleware/PreventRequestsDuringMaintenance.php(109): Illuminate/Pipeline/Pipeline->Illuminate/Pipeline/{closure}(Object(Illuminate/Http/Request))
#41 D:/projetos/estudo/loop-lab/vendor/laravel/framework/src/Illuminate/Pipeline/Pipeline.php(219): Illuminate/Foundation/Http/Middleware/PreventRequestsDuringMaintenance->handle(Object(Illuminate/Http/Request), Object(Closure))
#42 D:/projetos/estudo/loop-lab/vendor/laravel/framework/src/Illuminate/Http/Middleware/HandleCors.php(61): Illuminate/Pipeline/Pipeline->Illuminate/Pipeline/{closure}(Object(Illuminate/Http/Request))
#43 D:/projetos/estudo/loop-lab/vendor/laravel/framework/src/Illuminate/Pipeline/Pipeline.php(219): Illuminate/Http/Middleware/HandleCors->handle(Object(Illuminate/Http/Request), Object(Closure))
#44 D:/projetos/estudo/loop-lab/vendor/laravel/framework/src/Illuminate/Http/Middleware/TrustProxies.php(58): Illuminate/Pipeline/Pipeline->Illuminate/Pipeline/{closure}(Object(Illuminate/Http/Request))
#45 D:/projetos/estudo/loop-lab/vendor/laravel/framework/src/Illuminate/Pipeline/Pipeline.php(219): Illuminate/Http/Middleware/TrustProxies->handle(Object(Illuminate/Http/Request), Object(Closure))
#46 D:/projetos/estudo/loop-lab/vendor/laravel/framework/src/Illuminate/Foundation/Http/Middleware/InvokeDeferredCallbacks.php(22): Illuminate/Pipeline/Pipeline->Illuminate/Pipeline/{closure}(Object(Illuminate/Http/Request))
#47 D:/projetos/estudo/loop-lab/vendor/laravel/framework/src/Illuminate/Pipeline/Pipeline.php(219): Illuminate/Foundation/Http/Middleware/InvokeDeferredCallbacks->handle(Object(Illuminate/Http/Request), Object(Closure))
#48 D:/projetos/estudo/loop-lab/vendor/laravel/framework/src/Illuminate/Http/Middleware/ValidatePathEncoding.php(28): Illuminate/Pipeline/Pipeline->Illuminate/Pipeline/{closure}(Object(Illuminate/Http/Request))
#49 D:/projetos/estudo/loop-lab/vendor/laravel/framework/src/Illuminate/Pipeline/Pipeline.php(219): Illuminate/Http/Middleware/ValidatePathEncoding->handle(Object(Illuminate/Http/Request), Object(Closure))
#50 D:/projetos/estudo/loop-lab/vendor/laravel/framework/src/Illuminate/Pipeline/Pipeline.php(137): Illuminate/Pipeline/Pipeline->Illuminate/Pipeline/{closure}(Object(Illuminate/Http/Request))
#51 D:/projetos/estudo/loop-lab/vendor/laravel/framework/src/Illuminate/Foundation/Http/Kernel.php(175): Illuminate/Pipeline/Pipeline->then(Object(Closure))
#52 D:/projetos/estudo/loop-lab/vendor/laravel/framework/src/Illuminate/Foundation/Http/Kernel.php(144): Illuminate/Foundation/Http/Kernel->sendRequestThroughRouter(Object(Illuminate/Http/Request))
#53 D:/projetos/estudo/loop-lab/vendor/laravel/framework/src/Illuminate/Foundation/Testing/Concerns/MakesHttpRequests.php(638): Illuminate/Foundation/Http/Kernel->handle(Object(Illuminate/Http/Request))
#54 D:/projetos/estudo/loop-lab/vendor/laravel/framework/src/Illuminate/Foundation/Testing/Concerns/MakesHttpRequests.php(368): Illuminate/Foundation/Testing/TestCase->call('GET', '/aulas/loop-for', Array, Array, Array, Array)
#55 D:/projetos/estudo/loop-lab/tests/Feature/LearningFlowTest.php(187): Illuminate/Foundation/Testing/TestCase->get('/aulas/loop-for')
#56 D:/projetos/estudo/loop-lab/vendor/phpunit/phpunit/src/Framework/TestCase.php(1318): Tests/Feature/LearningFlowTest->test_editor_supports_tab_shift_tab_and_single_delegated_handler()
#57 D:/projetos/estudo/loop-lab/vendor/phpunit/phpunit/src/Framework/TestCase.php(1355): PHPUnit/Framework/TestCase->invokeTestMethod('test_editor_sup...', Array)
#58 D:/projetos/estudo/loop-lab/vendor/phpunit/phpunit/src/Framework/TestCase.php(521): PHPUnit/Framework/TestCase->runTest()
#59 D:/projetos/estudo/loop-lab/vendor/phpunit/phpunit/src/Framework/TestRunner/TestRunner.php(99): PHPUnit/Framework/TestCase->runBare()
#60 D:/projetos/estudo/loop-lab/vendor/phpunit/phpunit/src/Framework/TestCase.php(361): PHPUnit/Framework/TestRunner->run(Object(Tests/Feature/LearningFlowTest))
#61 D:/projetos/estudo/loop-lab/vendor/phpunit/phpunit/src/Framework/TestSuite.php(374): PHPUnit/Framework/TestCase->run()
#62 D:/projetos/estudo/loop-lab/vendor/phpunit/phpunit/src/Framework/TestSuite.php(374): PHPUnit/Framework/TestSuite->run()
#63 D:/projetos/estudo/loop-lab/vendor/phpunit/phpunit/src/Framework/TestSuite.php(374): PHPUnit/Framework/TestSuite->run()
#64 D:/projetos/estudo/loop-lab/vendor/phpunit/phpunit/src/TextUI/TestRunner.php(64): PHPUnit/Framework/TestSuite->run()
#65 D:/projetos/estudo/loop-lab/vendor/phpunit/phpunit/src/TextUI/Application.php(229): PHPUnit/TextUI/TestRunner->run(Object(PHPUnit/TextUI/Configuration/Configuration), Object(PHPUnit/Runner/ResultCache/DefaultResultCache), Object(PHPUnit/Framework/TestSuite))
#66 D:/projetos/estudo/loop-lab/vendor/phpunit/phpunit/phpunit(104): PHPUnit/TextUI/Application->run(Array)
#67 {main}
"} 
[2026-08-13 19:59:36] testing.ERROR: syntax error, unexpected token "endif" (View: D:\projetos\estudo\loop-lab\resources\views\lesson.blade.php) {"exception":"[object] (Illuminate\\View\\ViewException(code: 0): syntax error, unexpected token \"endif\" (View: D:\\projetos\\estudo\\loop-lab\\resources\\views\\lesson.blade.php) at D:/projetos/estudo/loop-lab/storage/framework/views/6da633c87c8abf00aa35729240175b5f.php:65)
[stacktrace]
#0 D:/projetos/estudo/loop-lab/vendor/laravel/framework/src/Illuminate/View/Engines/PhpEngine.php(59): Illuminate/View/Engines/CompilerEngine->handleViewException(Object(ParseError), 1)
#1 D:/projetos/estudo/loop-lab/vendor/laravel/framework/src/Illuminate/View/Engines/CompilerEngine.php(76): Illuminate/View/Engines/PhpEngine->evaluatePath('D://projetos//est...', Array)
#2 D:/projetos/estudo/loop-lab/vendor/laravel/framework/src/Illuminate/View/View.php(208): Illuminate/View/Engines/CompilerEngine->get('D://projetos//est...', Array)
#3 D:/projetos/estudo/loop-lab/vendor/laravel/framework/src/Illuminate/View/View.php(191): Illuminate/View/View->getContents()
#4 D:/projetos/estudo/loop-lab/vendor/laravel/framework/src/Illuminate/View/View.php(160): Illuminate/View/View->renderContents()
#5 D:/projetos/estudo/loop-lab/vendor/laravel/framework/src/Illuminate/Http/Response.php(82): Illuminate/View/View->render()
#6 D:/projetos/estudo/loop-lab/vendor/laravel/framework/src/Illuminate/Http/Response.php(40): Illuminate/Http/Response->setContent(Object(Illuminate/View/View))
#7 D:/projetos/estudo/loop-lab/vendor/laravel/framework/src/Illuminate/Routing/Router.php(939): Illuminate/Http/Response->__construct(Object(Illuminate/View/View), 200, Array)
#8 D:/projetos/estudo/loop-lab/vendor/laravel/framework/src/Illuminate/Routing/Router.php(906): Illuminate/Routing/Router::toResponse(Object(Illuminate/Http/Request), Object(Illuminate/View/View))
#9 D:/projetos/estudo/loop-lab/vendor/laravel/framework/src/Illuminate/Routing/Router.php(821): Illuminate/Routing/Router->prepareResponse(Object(Illuminate/Http/Request), Object(Illuminate/View/View))
#10 D:/projetos/estudo/loop-lab/vendor/laravel/framework/src/Illuminate/Pipeline/Pipeline.php(180): Illuminate/Routing/Router->Illuminate/Routing/{closure}(Object(Illuminate/Http/Request))
#11 D:/projetos/estudo/loop-lab/vendor/laravel/framework/src/Illuminate/Routing/Middleware/SubstituteBindings.php(52): Illuminate/Pipeline/Pipeline->Illuminate/Pipeline/{closure}(Object(Illuminate/Http/Request))
#12 D:/projetos/estudo/loop-lab/vendor/laravel/framework/src/Illuminate/Pipeline/Pipeline.php(219): Illuminate/Routing/Middleware/SubstituteBindings->handle(Object(Illuminate/Http/Request), Object(Closure))
#13 D:/projetos/estudo/loop-lab/vendor/laravel/framework/src/Illuminate/Foundation/Http/Middleware/PreventRequestForgery.php(104): Illuminate/Pipeline/Pipeline->Illuminate/Pipeline/{closure}(Object(Illuminate/Http/Request))
#14 D:/projetos/estudo/loop-lab/vendor/laravel/framework/src/Illuminate/Pipeline/Pipeline.php(219): Illuminate/Foundation/Http/Middleware/PreventRequestForgery->handle(Object(Illuminate/Http/Request), Object(Closure))
#15 D:/projetos/estudo/loop-lab/vendor/laravel/framework/src/Illuminate/View/Middleware/ShareErrorsFromSession.php(48): Illuminate/Pipeline/Pipeline->Illuminate/Pipeline/{closure}(Object(Illuminate/Http/Request))
#16 D:/projetos/estudo/loop-lab/vendor/laravel/framework/src/Illuminate/Pipeline/Pipeline.php(219): Illuminate/View/Middleware/ShareErrorsFromSession->handle(Object(Illuminate/Http/Request), Object(Closure))
#17 D:/projetos/estudo/loop-lab/vendor/laravel/framework/src/Illuminate/Session/Middleware/StartSession.php(120): Illuminate/Pipeline/Pipeline->Illuminate/Pipeline/{closure}(Object(Illuminate/Http/Request))
#18 D:/projetos/estudo/loop-lab/vendor/laravel/framework/src/Illuminate/Session/Middleware/StartSession.php(63): Illuminate/Session/Middleware/StartSession->handleStatefulRequest(Object(Illuminate/Http/Request), Object(Illuminate/Session/Store), Object(Closure))
#19 D:/projetos/estudo/loop-lab/vendor/laravel/framework/src/Illuminate/Pipeline/Pipeline.php(219): Illuminate/Session/Middleware/StartSession->handle(Object(Illuminate/Http/Request), Object(Closure))
#20 D:/projetos/estudo/loop-lab/vendor/laravel/framework/src/Illuminate/Cookie/Middleware/AddQueuedCookiesToResponse.php(36): Illuminate/Pipeline/Pipeline->Illuminate/Pipeline/{closure}(Object(Illuminate/Http/Request))
#21 D:/projetos/estudo/loop-lab/vendor/laravel/framework/src/Illuminate/Pipeline/Pipeline.php(219): Illuminate/Cookie/Middleware/AddQueuedCookiesToResponse->handle(Object(Illuminate/Http/Request), Object(Closure))
#22 D:/projetos/estudo/loop-lab/vendor/laravel/framework/src/Illuminate/Cookie/Middleware/EncryptCookies.php(74): Illuminate/Pipeline/Pipeline->Illuminate/Pipeline/{closure}(Object(Illuminate/Http/Request))
#23 D:/projetos/estudo/loop-lab/vendor/laravel/framework/src/Illuminate/Pipeline/Pipeline.php(219): Illuminate/Cookie/Middleware/EncryptCookies->handle(Object(Illuminate/Http/Request), Object(Closure))
#24 D:/projetos/estudo/loop-lab/vendor/laravel/framework/src/Illuminate/Pipeline/Pipeline.php(137): Illuminate/Pipeline/Pipeline->Illuminate/Pipeline/{closure}(Object(Illuminate/Http/Request))
#25 D:/projetos/estudo/loop-lab/vendor/laravel/framework/src/Illuminate/Routing/Router.php(821): Illuminate/Pipeline/Pipeline->then(Object(Closure))
#26 D:/projetos/estudo/loop-lab/vendor/laravel/framework/src/Illuminate/Routing/Router.php(800): Illuminate/Routing/Router->runRouteWithinStack(Object(Illuminate/Routing/Route), Object(Illuminate/Http/Request))
#27 D:/projetos/estudo/loop-lab/vendor/laravel/framework/src/Illuminate/Routing/Router.php(764): Illuminate/Routing/Router->runRoute(Object(Illuminate/Http/Request), Object(Illuminate/Routing/Route))
#28 D:/projetos/estudo/loop-lab/vendor/laravel/framework/src/Illuminate/Routing/Router.php(753): Illuminate/Routing/Router->dispatchToRoute(Object(Illuminate/Http/Request))
#29 D:/projetos/estudo/loop-lab/vendor/laravel/framework/src/Illuminate/Foundation/Http/Kernel.php(200): Illuminate/Routing/Router->dispatch(Object(Illuminate/Http/Request))
#30 D:/projetos/estudo/loop-lab/vendor/laravel/framework/src/Illuminate/Pipeline/Pipeline.php(180): Illuminate/Foundation/Http/Kernel->Illuminate/Foundation/Http/{closure}(Object(Illuminate/Http/Request))
#31 D:/projetos/estudo/loop-lab/vendor/laravel/framework/src/Illuminate/Foundation/Http/Middleware/TransformsRequest.php(21): Illuminate/Pipeline/Pipeline->Illuminate/Pipeline/{closure}(Object(Illuminate/Http/Request))
#32 D:/projetos/estudo/loop-lab/vendor/laravel/framework/src/Illuminate/Foundation/Http/Middleware/ConvertEmptyStringsToNull.php(31): Illuminate/Foundation/Http/Middleware/TransformsRequest->handle(Object(Illuminate/Http/Request), Object(Closure))
#33 D:/projetos/estudo/loop-lab/vendor/laravel/framework/src/Illuminate/Pipeline/Pipeline.php(219): Illuminate/Foundation/Http/Middleware/ConvertEmptyStringsToNull->handle(Object(Illuminate/Http/Request), Object(Closure))
#34 D:/projetos/estudo/loop-lab/vendor/laravel/framework/src/Illuminate/Foundation/Http/Middleware/TransformsRequest.php(21): Illuminate/Pipeline/Pipeline->Illuminate/Pipeline/{closure}(Object(Illuminate/Http/Request))
#35 D:/projetos/estudo/loop-lab/vendor/laravel/framework/src/Illuminate/Foundation/Http/Middleware/TrimStrings.php(51): Illuminate/Foundation/Http/Middleware/TransformsRequest->handle(Object(Illuminate/Http/Request), Object(Closure))
#36 D:/projetos/estudo/loop-lab/vendor/laravel/framework/src/Illuminate/Pipeline/Pipeline.php(219): Illuminate/Foundation/Http/Middleware/TrimStrings->handle(Object(Illuminate/Http/Request), Object(Closure))
#37 D:/projetos/estudo/loop-lab/vendor/laravel/framework/src/Illuminate/Http/Middleware/ValidatePostSize.php(27): Illuminate/Pipeline/Pipeline->Illuminate/Pipeline/{closure}(Object(Illuminate/Http/Request))
#38 D:/projetos/estudo/loop-lab/vendor/laravel/framework/src/Illuminate/Pipeline/Pipeline.php(219): Illuminate/Http/Middleware/ValidatePostSize->handle(Object(Illuminate/Http/Request), Object(Closure))
#39 D:/projetos/estudo/loop-lab/vendor/laravel/framework/src/Illuminate/Foundation/Http/Middleware/PreventRequestsDuringMaintenance.php(109): Illuminate/Pipeline/Pipeline->Illuminate/Pipeline/{closure}(Object(Illuminate/Http/Request))
#40 D:/projetos/estudo/loop-lab/vendor/laravel/framework/src/Illuminate/Pipeline/Pipeline.php(219): Illuminate/Foundation/Http/Middleware/PreventRequestsDuringMaintenance->handle(Object(Illuminate/Http/Request), Object(Closure))
#41 D:/projetos/estudo/loop-lab/vendor/laravel/framework/src/Illuminate/Http/Middleware/HandleCors.php(61): Illuminate/Pipeline/Pipeline->Illuminate/Pipeline/{closure}(Object(Illuminate/Http/Request))
#42 D:/projetos/estudo/loop-lab/vendor/laravel/framework/src/Illuminate/Pipeline/Pipeline.php(219): Illuminate/Http/Middleware/HandleCors->handle(Object(Illuminate/Http/Request), Object(Closure))
#43 D:/projetos/estudo/loop-lab/vendor/laravel/framework/src/Illuminate/Http/Middleware/TrustProxies.php(58): Illuminate/Pipeline/Pipeline->Illuminate/Pipeline/{closure}(Object(Illuminate/Http/Request))
#44 D:/projetos/estudo/loop-lab/vendor/laravel/framework/src/Illuminate/Pipeline/Pipeline.php(219): Illuminate/Http/Middleware/TrustProxies->handle(Object(Illuminate/Http/Request), Object(Closure))
#45 D:/projetos/estudo/loop-lab/vendor/laravel/framework/src/Illuminate/Foundation/Http/Middleware/InvokeDeferredCallbacks.php(22): Illuminate/Pipeline/Pipeline->Illuminate/Pipeline/{closure}(Object(Illuminate/Http/Request))
#46 D:/projetos/estudo/loop-lab/vendor/laravel/framework/src/Illuminate/Pipeline/Pipeline.php(219): Illuminate/Foundation/Http/Middleware/InvokeDeferredCallbacks->handle(Object(Illuminate/Http/Request), Object(Closure))
#47 D:/projetos/estudo/loop-lab/vendor/laravel/framework/src/Illuminate/Http/Middleware/ValidatePathEncoding.php(28): Illuminate/Pipeline/Pipeline->Illuminate/Pipeline/{closure}(Object(Illuminate/Http/Request))
#48 D:/projetos/estudo/loop-lab/vendor/laravel/framework/src/Illuminate/Pipeline/Pipeline.php(219): Illuminate/Http/Middleware/ValidatePathEncoding->handle(Object(Illuminate/Http/Request), Object(Closure))
#49 D:/projetos/estudo/loop-lab/vendor/laravel/framework/src/Illuminate/Pipeline/Pipeline.php(137): Illuminate/Pipeline/Pipeline->Illuminate/Pipeline/{closure}(Object(Illuminate/Http/Request))
#50 D:/projetos/estudo/loop-lab/vendor/laravel/framework/src/Illuminate/Foundation/Http/Kernel.php(175): Illuminate/Pipeline/Pipeline->then(Object(Closure))
#51 D:/projetos/estudo/loop-lab/vendor/laravel/framework/src/Illuminate/Foundation/Http/Kernel.php(144): Illuminate/Foundation/Http/Kernel->sendRequestThroughRouter(Object(Illuminate/Http/Request))
#52 D:/projetos/estudo/loop-lab/vendor/laravel/framework/src/Illuminate/Foundation/Testing/Concerns/MakesHttpRequests.php(638): Illuminate/Foundation/Http/Kernel->handle(Object(Illuminate/Http/Request))
#53 D:/projetos/estudo/loop-lab/vendor/laravel/framework/src/Illuminate/Foundation/Testing/Concerns/MakesHttpRequests.php(368): Illuminate/Foundation/Testing/TestCase->call('GET', '/aulas/operador...', Array, Array, Array, Array)
#54 D:/projetos/estudo/loop-lab/tests/Feature/LearningFlowTest.php(122): Illuminate/Foundation/Testing/TestCase->get('/aulas/operador...')
#55 D:/projetos/estudo/loop-lab/vendor/phpunit/phpunit/src/Framework/TestCase.php(1318): Tests/Feature/LearningFlowTest->test_operator_lesson_contains_the_three_requested_exercises()
#56 D:/projetos/estudo/loop-lab/vendor/phpunit/phpunit/src/Framework/TestCase.php(1355): PHPUnit/Framework/TestCase->invokeTestMethod('test_operator_l...', Array)
#57 D:/projetos/estudo/loop-lab/vendor/phpunit/phpunit/src/Framework/TestCase.php(521): PHPUnit/Framework/TestCase->runTest()
#58 D:/projetos/estudo/loop-lab/vendor/phpunit/phpunit/src/Framework/TestRunner/TestRunner.php(99): PHPUnit/Framework/TestCase->runBare()
#59 D:/projetos/estudo/loop-lab/vendor/phpunit/phpunit/src/Framework/TestCase.php(361): PHPUnit/Framework/TestRunner->run(Object(Tests/Feature/LearningFlowTest))
#60 D:/projetos/estudo/loop-lab/vendor/phpunit/phpunit/src/Framework/TestSuite.php(374): PHPUnit/Framework/TestCase->run()
#61 D:/projetos/estudo/loop-lab/vendor/phpunit/phpunit/src/Framework/TestSuite.php(374): PHPUnit/Framework/TestSuite->run()
#62 D:/projetos/estudo/loop-lab/vendor/phpunit/phpunit/src/Framework/TestSuite.php(374): PHPUnit/Framework/TestSuite->run()
#63 D:/projetos/estudo/loop-lab/vendor/phpunit/phpunit/src/TextUI/TestRunner.php(64): PHPUnit/Framework/TestSuite->run()
#64 D:/projetos/estudo/loop-lab/vendor/phpunit/phpunit/src/TextUI/Application.php(229): PHPUnit/TextUI/TestRunner->run(Object(PHPUnit/TextUI/Configuration/Configuration), Object(PHPUnit/Runner/ResultCache/DefaultResultCache), Object(PHPUnit/Framework/TestSuite))
#65 D:/projetos/estudo/loop-lab/vendor/phpunit/phpunit/phpunit(104): PHPUnit/TextUI/Application->run(Array)
#66 {main}

[previous exception] [object] (ParseError(code: 0): syntax error, unexpected token \"endif\" at D:/projetos/estudo/loop-lab/storage/framework/views/6da633c87c8abf00aa35729240175b5f.php:65)
[stacktrace]
#0 D:/projetos/estudo/loop-lab/vendor/laravel/framework/src/Illuminate/Filesystem/Filesystem.php(124): Illuminate/Filesystem/Filesystem::Illuminate/Filesystem/{closure}()
#1 D:/projetos/estudo/loop-lab/vendor/laravel/framework/src/Illuminate/View/Engines/PhpEngine.php(57): Illuminate/Filesystem/Filesystem->getRequire('D://projetos//est...', Array)
#2 D:/projetos/estudo/loop-lab/vendor/laravel/framework/src/Illuminate/View/Engines/CompilerEngine.php(76): Illuminate/View/Engines/PhpEngine->evaluatePath('D://projetos//est...', Array)
#3 D:/projetos/estudo/loop-lab/vendor/laravel/framework/src/Illuminate/View/View.php(208): Illuminate/View/Engines/CompilerEngine->get('D://projetos//est...', Array)
#4 D:/projetos/estudo/loop-lab/vendor/laravel/framework/src/Illuminate/View/View.php(191): Illuminate/View/View->getContents()
#5 D:/projetos/estudo/loop-lab/vendor/laravel/framework/src/Illuminate/View/View.php(160): Illuminate/View/View->renderContents()
#6 D:/projetos/estudo/loop-lab/vendor/laravel/framework/src/Illuminate/Http/Response.php(82): Illuminate/View/View->render()
#7 D:/projetos/estudo/loop-lab/vendor/laravel/framework/src/Illuminate/Http/Response.php(40): Illuminate/Http/Response->setContent(Object(Illuminate/View/View))
#8 D:/projetos/estudo/loop-lab/vendor/laravel/framework/src/Illuminate/Routing/Router.php(939): Illuminate/Http/Response->__construct(Object(Illuminate/View/View), 200, Array)
#9 D:/projetos/estudo/loop-lab/vendor/laravel/framework/src/Illuminate/Routing/Router.php(906): Illuminate/Routing/Router::toResponse(Object(Illuminate/Http/Request), Object(Illuminate/View/View))
#10 D:/projetos/estudo/loop-lab/vendor/laravel/framework/src/Illuminate/Routing/Router.php(821): Illuminate/Routing/Router->prepareResponse(Object(Illuminate/Http/Request), Object(Illuminate/View/View))
#11 D:/projetos/estudo/loop-lab/vendor/laravel/framework/src/Illuminate/Pipeline/Pipeline.php(180): Illuminate/Routing/Router->Illuminate/Routing/{closure}(Object(Illuminate/Http/Request))
#12 D:/projetos/estudo/loop-lab/vendor/laravel/framework/src/Illuminate/Routing/Middleware/SubstituteBindings.php(52): Illuminate/Pipeline/Pipeline->Illuminate/Pipeline/{closure}(Object(Illuminate/Http/Request))
#13 D:/projetos/estudo/loop-lab/vendor/laravel/framework/src/Illuminate/Pipeline/Pipeline.php(219): Illuminate/Routing/Middleware/SubstituteBindings->handle(Object(Illuminate/Http/Request), Object(Closure))
#14 D:/projetos/estudo/loop-lab/vendor/laravel/framework/src/Illuminate/Foundation/Http/Middleware/PreventRequestForgery.php(104): Illuminate/Pipeline/Pipeline->Illuminate/Pipeline/{closure}(Object(Illuminate/Http/Request))
#15 D:/projetos/estudo/loop-lab/vendor/laravel/framework/src/Illuminate/Pipeline/Pipeline.php(219): Illuminate/Foundation/Http/Middleware/PreventRequestForgery->handle(Object(Illuminate/Http/Request), Object(Closure))
#16 D:/projetos/estudo/loop-lab/vendor/laravel/framework/src/Illuminate/View/Middleware/ShareErrorsFromSession.php(48): Illuminate/Pipeline/Pipeline->Illuminate/Pipeline/{closure}(Object(Illuminate/Http/Request))
#17 D:/projetos/estudo/loop-lab/vendor/laravel/framework/src/Illuminate/Pipeline/Pipeline.php(219): Illuminate/View/Middleware/ShareErrorsFromSession->handle(Object(Illuminate/Http/Request), Object(Closure))
#18 D:/projetos/estudo/loop-lab/vendor/laravel/framework/src/Illuminate/Session/Middleware/StartSession.php(120): Illuminate/Pipeline/Pipeline->Illuminate/Pipeline/{closure}(Object(Illuminate/Http/Request))
#19 D:/projetos/estudo/loop-lab/vendor/laravel/framework/src/Illuminate/Session/Middleware/StartSession.php(63): Illuminate/Session/Middleware/StartSession->handleStatefulRequest(Object(Illuminate/Http/Request), Object(Illuminate/Session/Store), Object(Closure))
#20 D:/projetos/estudo/loop-lab/vendor/laravel/framework/src/Illuminate/Pipeline/Pipeline.php(219): Illuminate/Session/Middleware/StartSession->handle(Object(Illuminate/Http/Request), Object(Closure))
#21 D:/projetos/estudo/loop-lab/vendor/laravel/framework/src/Illuminate/Cookie/Middleware/AddQueuedCookiesToResponse.php(36): Illuminate/Pipeline/Pipeline->Illuminate/Pipeline/{closure}(Object(Illuminate/Http/Request))
#22 D:/projetos/estudo/loop-lab/vendor/laravel/framework/src/Illuminate/Pipeline/Pipeline.php(219): Illuminate/Cookie/Middleware/AddQueuedCookiesToResponse->handle(Object(Illuminate/Http/Request), Object(Closure))
#23 D:/projetos/estudo/loop-lab/vendor/laravel/framework/src/Illuminate/Cookie/Middleware/EncryptCookies.php(74): Illuminate/Pipeline/Pipeline->Illuminate/Pipeline/{closure}(Object(Illuminate/Http/Request))
#24 D:/projetos/estudo/loop-lab/vendor/laravel/framework/src/Illuminate/Pipeline/Pipeline.php(219): Illuminate/Cookie/Middleware/EncryptCookies->handle(Object(Illuminate/Http/Request), Object(Closure))
#25 D:/projetos/estudo/loop-lab/vendor/laravel/framework/src/Illuminate/Pipeline/Pipeline.php(137): Illuminate/Pipeline/Pipeline->Illuminate/Pipeline/{closure}(Object(Illuminate/Http/Request))
#26 D:/projetos/estudo/loop-lab/vendor/laravel/framework/src/Illuminate/Routing/Router.php(821): Illuminate/Pipeline/Pipeline->then(Object(Closure))
#27 D:/projetos/estudo/loop-lab/vendor/laravel/framework/src/Illuminate/Routing/Router.php(800): Illuminate/Routing/Router->runRouteWithinStack(Object(Illuminate/Routing/Route), Object(Illuminate/Http/Request))
#28 D:/projetos/estudo/loop-lab/vendor/laravel/framework/src/Illuminate/Routing/Router.php(764): Illuminate/Routing/Router->runRoute(Object(Illuminate/Http/Request), Object(Illuminate/Routing/Route))
#29 D:/projetos/estudo/loop-lab/vendor/laravel/framework/src/Illuminate/Routing/Router.php(753): Illuminate/Routing/Router->dispatchToRoute(Object(Illuminate/Http/Request))
#30 D:/projetos/estudo/loop-lab/vendor/laravel/framework/src/Illuminate/Foundation/Http/Kernel.php(200): Illuminate/Routing/Router->dispatch(Object(Illuminate/Http/Request))
#31 D:/projetos/estudo/loop-lab/vendor/laravel/framework/src/Illuminate/Pipeline/Pipeline.php(180): Illuminate/Foundation/Http/Kernel->Illuminate/Foundation/Http/{closure}(Object(Illuminate/Http/Request))
#32 D:/projetos/estudo/loop-lab/vendor/laravel/framework/src/Illuminate/Foundation/Http/Middleware/TransformsRequest.php(21): Illuminate/Pipeline/Pipeline->Illuminate/Pipeline/{closure}(Object(Illuminate/Http/Request))
#33 D:/projetos/estudo/loop-lab/vendor/laravel/framework/src/Illuminate/Foundation/Http/Middleware/ConvertEmptyStringsToNull.php(31): Illuminate/Foundation/Http/Middleware/TransformsRequest->handle(Object(Illuminate/Http/Request), Object(Closure))
#34 D:/projetos/estudo/loop-lab/vendor/laravel/framework/src/Illuminate/Pipeline/Pipeline.php(219): Illuminate/Foundation/Http/Middleware/ConvertEmptyStringsToNull->handle(Object(Illuminate/Http/Request), Object(Closure))
#35 D:/projetos/estudo/loop-lab/vendor/laravel/framework/src/Illuminate/Foundation/Http/Middleware/TransformsRequest.php(21): Illuminate/Pipeline/Pipeline->Illuminate/Pipeline/{closure}(Object(Illuminate/Http/Request))
#36 D:/projetos/estudo/loop-lab/vendor/laravel/framework/src/Illuminate/Foundation/Http/Middleware/TrimStrings.php(51): Illuminate/Foundation/Http/Middleware/TransformsRequest->handle(Object(Illuminate/Http/Request), Object(Closure))
#37 D:/projetos/estudo/loop-lab/vendor/laravel/framework/src/Illuminate/Pipeline/Pipeline.php(219): Illuminate/Foundation/Http/Middleware/TrimStrings->handle(Object(Illuminate/Http/Request), Object(Closure))
#38 D:/projetos/estudo/loop-lab/vendor/laravel/framework/src/Illuminate/Http/Middleware/ValidatePostSize.php(27): Illuminate/Pipeline/Pipeline->Illuminate/Pipeline/{closure}(Object(Illuminate/Http/Request))
#39 D:/projetos/estudo/loop-lab/vendor/laravel/framework/src/Illuminate/Pipeline/Pipeline.php(219): Illuminate/Http/Middleware/ValidatePostSize->handle(Object(Illuminate/Http/Request), Object(Closure))
#40 D:/projetos/estudo/loop-lab/vendor/laravel/framework/src/Illuminate/Foundation/Http/Middleware/PreventRequestsDuringMaintenance.php(109): Illuminate/Pipeline/Pipeline->Illuminate/Pipeline/{closure}(Object(Illuminate/Http/Request))
#41 D:/projetos/estudo/loop-lab/vendor/laravel/framework/src/Illuminate/Pipeline/Pipeline.php(219): Illuminate/Foundation/Http/Middleware/PreventRequestsDuringMaintenance->handle(Object(Illuminate/Http/Request), Object(Closure))
#42 D:/projetos/estudo/loop-lab/vendor/laravel/framework/src/Illuminate/Http/Middleware/HandleCors.php(61): Illuminate/Pipeline/Pipeline->Illuminate/Pipeline/{closure}(Object(Illuminate/Http/Request))
#43 D:/projetos/estudo/loop-lab/vendor/laravel/framework/src/Illuminate/Pipeline/Pipeline.php(219): Illuminate/Http/Middleware/HandleCors->handle(Object(Illuminate/Http/Request), Object(Closure))
#44 D:/projetos/estudo/loop-lab/vendor/laravel/framework/src/Illuminate/Http/Middleware/TrustProxies.php(58): Illuminate/Pipeline/Pipeline->Illuminate/Pipeline/{closure}(Object(Illuminate/Http/Request))
#45 D:/projetos/estudo/loop-lab/vendor/laravel/framework/src/Illuminate/Pipeline/Pipeline.php(219): Illuminate/Http/Middleware/TrustProxies->handle(Object(Illuminate/Http/Request), Object(Closure))
#46 D:/projetos/estudo/loop-lab/vendor/laravel/framework/src/Illuminate/Foundation/Http/Middleware/InvokeDeferredCallbacks.php(22): Illuminate/Pipeline/Pipeline->Illuminate/Pipeline/{closure}(Object(Illuminate/Http/Request))
#47 D:/projetos/estudo/loop-lab/vendor/laravel/framework/src/Illuminate/Pipeline/Pipeline.php(219): Illuminate/Foundation/Http/Middleware/InvokeDeferredCallbacks->handle(Object(Illuminate/Http/Request), Object(Closure))
#48 D:/projetos/estudo/loop-lab/vendor/laravel/framework/src/Illuminate/Http/Middleware/ValidatePathEncoding.php(28): Illuminate/Pipeline/Pipeline->Illuminate/Pipeline/{closure}(Object(Illuminate/Http/Request))
#49 D:/projetos/estudo/loop-lab/vendor/laravel/framework/src/Illuminate/Pipeline/Pipeline.php(219): Illuminate/Http/Middleware/ValidatePathEncoding->handle(Object(Illuminate/Http/Request), Object(Closure))
#50 D:/projetos/estudo/loop-lab/vendor/laravel/framework/src/Illuminate/Pipeline/Pipeline.php(137): Illuminate/Pipeline/Pipeline->Illuminate/Pipeline/{closure}(Object(Illuminate/Http/Request))
#51 D:/projetos/estudo/loop-lab/vendor/laravel/framework/src/Illuminate/Foundation/Http/Kernel.php(175): Illuminate/Pipeline/Pipeline->then(Object(Closure))
#52 D:/projetos/estudo/loop-lab/vendor/laravel/framework/src/Illuminate/Foundation/Http/Kernel.php(144): Illuminate/Foundation/Http/Kernel->sendRequestThroughRouter(Object(Illuminate/Http/Request))
#53 D:/projetos/estudo/loop-lab/vendor/laravel/framework/src/Illuminate/Foundation/Testing/Concerns/MakesHttpRequests.php(638): Illuminate/Foundation/Http/Kernel->handle(Object(Illuminate/Http/Request))
#54 D:/projetos/estudo/loop-lab/vendor/laravel/framework/src/Illuminate/Foundation/Testing/Concerns/MakesHttpRequests.php(368): Illuminate/Foundation/Testing/TestCase->call('GET', '/aulas/operador...', Array, Array, Array, Array)
#55 D:/projetos/estudo/loop-lab/tests/Feature/LearningFlowTest.php(122): Illuminate/Foundation/Testing/TestCase->get('/aulas/operador...')
#56 D:/projetos/estudo/loop-lab/vendor/phpunit/phpunit/src/Framework/TestCase.php(1318): Tests/Feature/LearningFlowTest->test_operator_lesson_contains_the_three_requested_exercises()
#57 D:/projetos/estudo/loop-lab/vendor/phpunit/phpunit/src/Framework/TestCase.php(1355): PHPUnit/Framework/TestCase->invokeTestMethod('test_operator_l...', Array)
#58 D:/projetos/estudo/loop-lab/vendor/phpunit/phpunit/src/Framework/TestCase.php(521): PHPUnit/Framework/TestCase->runTest()
#59 D:/projetos/estudo/loop-lab/vendor/phpunit/phpunit/src/Framework/TestRunner/TestRunner.php(99): PHPUnit/Framework/TestCase->runBare()
#60 D:/projetos/estudo/loop-lab/vendor/phpunit/phpunit/src/Framework/TestCase.php(361): PHPUnit/Framework/TestRunner->run(Object(Tests/Feature/LearningFlowTest))
#61 D:/projetos/estudo/loop-lab/vendor/phpunit/phpunit/src/Framework/TestSuite.php(374): PHPUnit/Framework/TestCase->run()
#62 D:/projetos/estudo/loop-lab/vendor/phpunit/phpunit/src/Framework/TestSuite.php(374): PHPUnit/Framework/TestSuite->run()
#63 D:/projetos/estudo/loop-lab/vendor/phpunit/phpunit/src/Framework/TestSuite.php(374): PHPUnit/Framework/TestSuite->run()
#64 D:/projetos/estudo/loop-lab/vendor/phpunit/phpunit/src/TextUI/TestRunner.php(64): PHPUnit/Framework/TestSuite->run()
#65 D:/projetos/estudo/loop-lab/vendor/phpunit/phpunit/src/TextUI/Application.php(229): PHPUnit/TextUI/TestRunner->run(Object(PHPUnit/TextUI/Configuration/Configuration), Object(PHPUnit/Runner/ResultCache/DefaultResultCache), Object(PHPUnit/Framework/TestSuite))
#66 D:/projetos/estudo/loop-lab/vendor/phpunit/phpunit/phpunit(104): PHPUnit/TextUI/Application->run(Array)
#67 {main}
"} 
[2026-08-13 19:59:38] testing.ERROR: SQLSTATE[HY000]: General error: 1 ambiguous column name: position (Connection: sqlite, Database: :memory:, SQL: select "lessons".* from "lessons" inner join "modules" on "modules"."id" = "lessons"."module_id" where "is_published" = 1 and (exists (select * from "modules" where "lessons"."module_id" = "modules"."id" and "position" > 4) or ("module_id" = 4 and "position" > 2)) order by "modules"."position" asc, "lessons"."position" asc limit 1) {"exception":"[object] (Illuminate\\Database\\QueryException(code: HY000): SQLSTATE[HY000]: General error: 1 ambiguous column name: position (Connection: sqlite, Database: :memory:, SQL: select \"lessons\".* from \"lessons\" inner join \"modules\" on \"modules\".\"id\" = \"lessons\".\"module_id\" where \"is_published\" = 1 and (exists (select * from \"modules\" where \"lessons\".\"module_id\" = \"modules\".\"id\" and \"position\" > 4) or (\"module_id\" = 4 and \"position\" > 2)) order by \"modules\".\"position\" asc, \"lessons\".\"position\" asc limit 1) at D:/projetos/estudo/loop-lab/vendor/laravel/framework/src/Illuminate/Database/Connection.php:857)
[stacktrace]
#0 D:/projetos/estudo/loop-lab/vendor/laravel/framework/src/Illuminate/Database/Connection.php(813): Illuminate/Database/Connection->runQueryCallback('select \"lessons...', Array, Object(Closure))
#1 D:/projetos/estudo/loop-lab/vendor/laravel/framework/src/Illuminate/Database/Connection.php(426): Illuminate/Database/Connection->run('select \"lessons...', Array, Object(Closure))
#2 D:/projetos/estudo/loop-lab/vendor/laravel/framework/src/Illuminate/Database/Query/Builder.php(3573): Illuminate/Database/Connection->select('select \"lessons...', Array, true, Array)
#3 D:/projetos/estudo/loop-lab/vendor/laravel/framework/src/Illuminate/Database/Query/Builder.php(3557): Illuminate/Database/Query/Builder->runSelect()
#4 D:/projetos/estudo/loop-lab/vendor/laravel/framework/src/Illuminate/Database/Eloquent/Builder.php(908): Illuminate/Database/Query/Builder->get(Array)
#5 D:/projetos/estudo/loop-lab/vendor/laravel/framework/src/Illuminate/Database/Eloquent/Builder.php(890): Illuminate/Database/Eloquent/Builder->getModels(Array)
#6 D:/projetos/estudo/loop-lab/vendor/laravel/framework/src/Illuminate/Database/Concerns/BuildsQueries.php(366): Illuminate/Database/Eloquent/Builder->get(Array)
#7 D:/projetos/estudo/loop-lab/app/Services/LearningPathService.php(32): Illuminate/Database/Eloquent/Builder->first()
#8 D:/projetos/estudo/loop-lab/app/Http/Controllers/LearningController.php(71): App/Services/LearningPathService->next(Object(App/Models/Exercise))
#9 D:/projetos/estudo/loop-lab/vendor/laravel/framework/src/Illuminate/Routing/ControllerDispatcher.php(46): App/Http/Controllers/LearningController->validateAnswer(Object(App/Http/Requests/RunCodeRequest), Object(App/Models/Exercise), Object(App/Services/ExerciseValidator), Object(App/Services/LearningPathService))
#10 D:/projetos/estudo/loop-lab/vendor/laravel/framework/src/Illuminate/Routing/Route.php(276): Illuminate/Routing/ControllerDispatcher->dispatch(Object(Illuminate/Routing/Route), Object(App/Http/Controllers/LearningController), 'validateAnswer')
#11 D:/projetos/estudo/loop-lab/vendor/laravel/framework/src/Illuminate/Routing/Route.php(216): Illuminate/Routing/Route->runController()
#12 D:/projetos/estudo/loop-lab/vendor/laravel/framework/src/Illuminate/Routing/Router.php(822): Illuminate/Routing/Route->run()
#13 D:/projetos/estudo/loop-lab/vendor/laravel/framework/src/Illuminate/Pipeline/Pipeline.php(180): Illuminate/Routing/Router->Illuminate/Routing/{closure}(Object(Illuminate/Http/Request))
#14 D:/projetos/estudo/loop-lab/vendor/laravel/framework/src/Illuminate/Routing/Middleware/SubstituteBindings.php(52): Illuminate/Pipeline/Pipeline->Illuminate/Pipeline/{closure}(Object(Illuminate/Http/Request))
#15 D:/projetos/estudo/loop-lab/vendor/laravel/framework/src/Illuminate/Pipeline/Pipeline.php(219): Illuminate/Routing/Middleware/SubstituteBindings->handle(Object(Illuminate/Http/Request), Object(Closure))
#16 D:/projetos/estudo/loop-lab/vendor/laravel/framework/src/Illuminate/Routing/Middleware/ThrottleRequests.php(168): Illuminate/Pipeline/Pipeline->Illuminate/Pipeline/{closure}(Object(Illuminate/Http/Request))
#17 D:/projetos/estudo/loop-lab/vendor/laravel/framework/src/Illuminate/Routing/Middleware/ThrottleRequests.php(93): Illuminate/Routing/Middleware/ThrottleRequests->handleRequest(Object(Illuminate/Http/Request), Object(Closure), Array)
#18 D:/projetos/estudo/loop-lab/vendor/laravel/framework/src/Illuminate/Pipeline/Pipeline.php(219): Illuminate/Routing/Middleware/ThrottleRequests->handle(Object(Illuminate/Http/Request), Object(Closure), '20', '1')
#19 D:/projetos/estudo/loop-lab/vendor/laravel/framework/src/Illuminate/Foundation/Http/Middleware/PreventRequestForgery.php(104): Illuminate/Pipeline/Pipeline->Illuminate/Pipeline/{closure}(Object(Illuminate/Http/Request))
#20 D:/projetos/estudo/loop-lab/vendor/laravel/framework/src/Illuminate/Pipeline/Pipeline.php(219): Illuminate/Foundation/Http/Middleware/PreventRequestForgery->handle(Object(Illuminate/Http/Request), Object(Closure))
#21 D:/projetos/estudo/loop-lab/vendor/laravel/framework/src/Illuminate/View/Middleware/ShareErrorsFromSession.php(48): Illuminate/Pipeline/Pipeline->Illuminate/Pipeline/{closure}(Object(Illuminate/Http/Request))
#22 D:/projetos/estudo/loop-lab/vendor/laravel/framework/src/Illuminate/Pipeline/Pipeline.php(219): Illuminate/View/Middleware/ShareErrorsFromSession->handle(Object(Illuminate/Http/Request), Object(Closure))
#23 D:/projetos/estudo/loop-lab/vendor/laravel/framework/src/Illuminate/Session/Middleware/StartSession.php(120): Illuminate/Pipeline/Pipeline->Illuminate/Pipeline/{closure}(Object(Illuminate/Http/Request))
#24 D:/projetos/estudo/loop-lab/vendor/laravel/framework/src/Illuminate/Session/Middleware/StartSession.php(63): Illuminate/Session/Middleware/StartSession->handleStatefulRequest(Object(Illuminate/Http/Request), Object(Illuminate/Session/Store), Object(Closure))
#25 D:/projetos/estudo/loop-lab/vendor/laravel/framework/src/Illuminate/Pipeline/Pipeline.php(219): Illuminate/Session/Middleware/StartSession->handle(Object(Illuminate/Http/Request), Object(Closure))
#26 D:/projetos/estudo/loop-lab/vendor/laravel/framework/src/Illuminate/Cookie/Middleware/AddQueuedCookiesToResponse.php(36): Illuminate/Pipeline/Pipeline->Illuminate/Pipeline/{closure}(Object(Illuminate/Http/Request))
#27 D:/projetos/estudo/loop-lab/vendor/laravel/framework/src/Illuminate/Pipeline/Pipeline.php(219): Illuminate/Cookie/Middleware/AddQueuedCookiesToResponse->handle(Object(Illuminate/Http/Request), Object(Closure))
#28 D:/projetos/estudo/loop-lab/vendor/laravel/framework/src/Illuminate/Cookie/Middleware/EncryptCookies.php(74): Illuminate/Pipeline/Pipeline->Illuminate/Pipeline/{closure}(Object(Illuminate/Http/Request))
#29 D:/projetos/estudo/loop-lab/vendor/laravel/framework/src/Illuminate/Pipeline/Pipeline.php(219): Illuminate/Cookie/Middleware/EncryptCookies->handle(Object(Illuminate/Http/Request), Object(Closure))
#30 D:/projetos/estudo/loop-lab/vendor/laravel/framework/src/Illuminate/Pipeline/Pipeline.php(137): Illuminate/Pipeline/Pipeline->Illuminate/Pipeline/{closure}(Object(Illuminate/Http/Request))
#31 D:/projetos/estudo/loop-lab/vendor/laravel/framework/src/Illuminate/Routing/Router.php(821): Illuminate/Pipeline/Pipeline->then(Object(Closure))
#32 D:/projetos/estudo/loop-lab/vendor/laravel/framework/src/Illuminate/Routing/Router.php(800): Illuminate/Routing/Router->runRouteWithinStack(Object(Illuminate/Routing/Route), Object(Illuminate/Http/Request))
#33 D:/projetos/estudo/loop-lab/vendor/laravel/framework/src/Illuminate/Routing/Router.php(764): Illuminate/Routing/Router->runRoute(Object(Illuminate/Http/Request), Object(Illuminate/Routing/Route))
#34 D:/projetos/estudo/loop-lab/vendor/laravel/framework/src/Illuminate/Routing/Router.php(753): Illuminate/Routing/Router->dispatchToRoute(Object(Illuminate/Http/Request))
#35 D:/projetos/estudo/loop-lab/vendor/laravel/framework/src/Illuminate/Foundation/Http/Kernel.php(200): Illuminate/Routing/Router->dispatch(Object(Illuminate/Http/Request))
#36 D:/projetos/estudo/loop-lab/vendor/laravel/framework/src/Illuminate/Pipeline/Pipeline.php(180): Illuminate/Foundation/Http/Kernel->Illuminate/Foundation/Http/{closure}(Object(Illuminate/Http/Request))
#37 D:/projetos/estudo/loop-lab/vendor/laravel/framework/src/Illuminate/Foundation/Http/Middleware/TransformsRequest.php(21): Illuminate/Pipeline/Pipeline->Illuminate/Pipeline/{closure}(Object(Illuminate/Http/Request))
#38 D:/projetos/estudo/loop-lab/vendor/laravel/framework/src/Illuminate/Foundation/Http/Middleware/ConvertEmptyStringsToNull.php(31): Illuminate/Foundation/Http/Middleware/TransformsRequest->handle(Object(Illuminate/Http/Request), Object(Closure))
#39 D:/projetos/estudo/loop-lab/vendor/laravel/framework/src/Illuminate/Pipeline/Pipeline.php(219): Illuminate/Foundation/Http/Middleware/ConvertEmptyStringsToNull->handle(Object(Illuminate/Http/Request), Object(Closure))
#40 D:/projetos/estudo/loop-lab/vendor/laravel/framework/src/Illuminate/Foundation/Http/Middleware/TransformsRequest.php(21): Illuminate/Pipeline/Pipeline->Illuminate/Pipeline/{closure}(Object(Illuminate/Http/Request))
#41 D:/projetos/estudo/loop-lab/vendor/laravel/framework/src/Illuminate/Foundation/Http/Middleware/TrimStrings.php(51): Illuminate/Foundation/Http/Middleware/TransformsRequest->handle(Object(Illuminate/Http/Request), Object(Closure))
#42 D:/projetos/estudo/loop-lab/vendor/laravel/framework/src/Illuminate/Pipeline/Pipeline.php(219): Illuminate/Foundation/Http/Middleware/TrimStrings->handle(Object(Illuminate/Http/Request), Object(Closure))
#43 D:/projetos/estudo/loop-lab/vendor/laravel/framework/src/Illuminate/Http/Middleware/ValidatePostSize.php(27): Illuminate/Pipeline/Pipeline->Illuminate/Pipeline/{closure}(Object(Illuminate/Http/Request))
#44 D:/projetos/estudo/loop-lab/vendor/laravel/framework/src/Illuminate/Pipeline/Pipeline.php(219): Illuminate/Http/Middleware/ValidatePostSize->handle(Object(Illuminate/Http/Request), Object(Closure))
#45 D:/projetos/estudo/loop-lab/vendor/laravel/framework/src/Illuminate/Foundation/Http/Middleware/PreventRequestsDuringMaintenance.php(109): Illuminate/Pipeline/Pipeline->Illuminate/Pipeline/{closure}(Object(Illuminate/Http/Request))
#46 D:/projetos/estudo/loop-lab/vendor/laravel/framework/src/Illuminate/Pipeline/Pipeline.php(219): Illuminate/Foundation/Http/Middleware/PreventRequestsDuringMaintenance->handle(Object(Illuminate/Http/Request), Object(Closure))
#47 D:/projetos/estudo/loop-lab/vendor/laravel/framework/src/Illuminate/Http/Middleware/HandleCors.php(61): Illuminate/Pipeline/Pipeline->Illuminate/Pipeline/{closure}(Object(Illuminate/Http/Request))
#48 D:/projetos/estudo/loop-lab/vendor/laravel/framework/src/Illuminate/Pipeline/Pipeline.php(219): Illuminate/Http/Middleware/HandleCors->handle(Object(Illuminate/Http/Request), Object(Closure))
#49 D:/projetos/estudo/loop-lab/vendor/laravel/framework/src/Illuminate/Http/Middleware/TrustProxies.php(58): Illuminate/Pipeline/Pipeline->Illuminate/Pipeline/{closure}(Object(Illuminate/Http/Request))
#50 D:/projetos/estudo/loop-lab/vendor/laravel/framework/src/Illuminate/Pipeline/Pipeline.php(219): Illuminate/Http/Middleware/TrustProxies->handle(Object(Illuminate/Http/Request), Object(Closure))
#51 D:/projetos/estudo/loop-lab/vendor/laravel/framework/src/Illuminate/Foundation/Http/Middleware/InvokeDeferredCallbacks.php(22): Illuminate/Pipeline/Pipeline->Illuminate/Pipeline/{closure}(Object(Illuminate/Http/Request))
#52 D:/projetos/estudo/loop-lab/vendor/laravel/framework/src/Illuminate/Pipeline/Pipeline.php(219): Illuminate/Foundation/Http/Middleware/InvokeDeferredCallbacks->handle(Object(Illuminate/Http/Request), Object(Closure))
#53 D:/projetos/estudo/loop-lab/vendor/laravel/framework/src/Illuminate/Http/Middleware/ValidatePathEncoding.php(28): Illuminate/Pipeline/Pipeline->Illuminate/Pipeline/{closure}(Object(Illuminate/Http/Request))
#54 D:/projetos/estudo/loop-lab/vendor/laravel/framework/src/Illuminate/Pipeline/Pipeline.php(219): Illuminate/Http/Middleware/ValidatePathEncoding->handle(Object(Illuminate/Http/Request), Object(Closure))
#55 D:/projetos/estudo/loop-lab/vendor/laravel/framework/src/Illuminate/Pipeline/Pipeline.php(137): Illuminate/Pipeline/Pipeline->Illuminate/Pipeline/{closure}(Object(Illuminate/Http/Request))
#56 D:/projetos/estudo/loop-lab/vendor/laravel/framework/src/Illuminate/Foundation/Http/Kernel.php(175): Illuminate/Pipeline/Pipeline->then(Object(Closure))
#57 D:/projetos/estudo/loop-lab/vendor/laravel/framework/src/Illuminate/Foundation/Http/Kernel.php(144): Illuminate/Foundation/Http/Kernel->sendRequestThroughRouter(Object(Illuminate/Http/Request))
#58 D:/projetos/estudo/loop-lab/vendor/laravel/framework/src/Illuminate/Foundation/Testing/Concerns/MakesHttpRequests.php(638): Illuminate/Foundation/Http/Kernel->handle(Object(Illuminate/Http/Request))
#59 D:/projetos/estudo/loop-lab/vendor/laravel/framework/src/Illuminate/Foundation/Testing/Concerns/MakesHttpRequests.php(604): Illuminate/Foundation/Testing/TestCase->call('POST', 'http://localhos...', Array, Array, Array, Array, '{\"code\":\"<?php ...')
#60 D:/projetos/estudo/loop-lab/vendor/laravel/framework/src/Illuminate/Foundation/Testing/Concerns/MakesHttpRequests.php(411): Illuminate/Foundation/Testing/TestCase->json('POST', 'http://localhos...', Array, Array, 0)
#61 D:/projetos/estudo/loop-lab/tests/Feature/LearningFlowTest.php(133): Illuminate/Foundation/Testing/TestCase->postJson('http://localhos...', Array)
#62 D:/projetos/estudo/loop-lab/vendor/phpunit/phpunit/src/Framework/TestCase.php(1318): Tests/Feature/LearningFlowTest->test_hidden_inputs_reject_a_hardcoded_answer()
#63 D:/projetos/estudo/loop-lab/vendor/phpunit/phpunit/src/Framework/TestCase.php(1355): PHPUnit/Framework/TestCase->invokeTestMethod('test_hidden_inp...', Array)
#64 D:/projetos/estudo/loop-lab/vendor/phpunit/phpunit/src/Framework/TestCase.php(521): PHPUnit/Framework/TestCase->runTest()
#65 D:/projetos/estudo/loop-lab/vendor/phpunit/phpunit/src/Framework/TestRunner/TestRunner.php(99): PHPUnit/Framework/TestCase->runBare()
#66 D:/projetos/estudo/loop-lab/vendor/phpunit/phpunit/src/Framework/TestCase.php(361): PHPUnit/Framework/TestRunner->run(Object(Tests/Feature/LearningFlowTest))
#67 D:/projetos/estudo/loop-lab/vendor/phpunit/phpunit/src/Framework/TestSuite.php(374): PHPUnit/Framework/TestCase->run()
#68 D:/projetos/estudo/loop-lab/vendor/phpunit/phpunit/src/Framework/TestSuite.php(374): PHPUnit/Framework/TestSuite->run()
#69 D:/projetos/estudo/loop-lab/vendor/phpunit/phpunit/src/Framework/TestSuite.php(374): PHPUnit/Framework/TestSuite->run()
#70 D:/projetos/estudo/loop-lab/vendor/phpunit/phpunit/src/TextUI/TestRunner.php(64): PHPUnit/Framework/TestSuite->run()
#71 D:/projetos/estudo/loop-lab/vendor/phpunit/phpunit/src/TextUI/Application.php(229): PHPUnit/TextUI/TestRunner->run(Object(PHPUnit/TextUI/Configuration/Configuration), Object(PHPUnit/Runner/ResultCache/DefaultResultCache), Object(PHPUnit/Framework/TestSuite))
#72 D:/projetos/estudo/loop-lab/vendor/phpunit/phpunit/phpunit(104): PHPUnit/TextUI/Application->run(Array)
#73 {main}

[previous exception] [object] (PDOException(code: HY000): SQLSTATE[HY000]: General error: 1 ambiguous column name: position at D:/projetos/estudo/loop-lab/vendor/laravel/framework/src/Illuminate/Database/Connection.php:435)
[stacktrace]
#0 D:/projetos/estudo/loop-lab/vendor/laravel/framework/src/Illuminate/Database/Connection.php(435): PDO->prepare('select \"lessons...')
#1 D:/projetos/estudo/loop-lab/vendor/laravel/framework/src/Illuminate/Database/Connection.php(846): Illuminate/Database/Connection->Illuminate/Database/{closure}('select \"lessons...', Array)
#2 D:/projetos/estudo/loop-lab/vendor/laravel/framework/src/Illuminate/Database/Connection.php(813): Illuminate/Database/Connection->runQueryCallback('select \"lessons...', Array, Object(Closure))
#3 D:/projetos/estudo/loop-lab/vendor/laravel/framework/src/Illuminate/Database/Connection.php(426): Illuminate/Database/Connection->run('select \"lessons...', Array, Object(Closure))
#4 D:/projetos/estudo/loop-lab/vendor/laravel/framework/src/Illuminate/Database/Query/Builder.php(3573): Illuminate/Database/Connection->select('select \"lessons...', Array, true, Array)
#5 D:/projetos/estudo/loop-lab/vendor/laravel/framework/src/Illuminate/Database/Query/Builder.php(3557): Illuminate/Database/Query/Builder->runSelect()
#6 D:/projetos/estudo/loop-lab/vendor/laravel/framework/src/Illuminate/Database/Eloquent/Builder.php(908): Illuminate/Database/Query/Builder->get(Array)
#7 D:/projetos/estudo/loop-lab/vendor/laravel/framework/src/Illuminate/Database/Eloquent/Builder.php(890): Illuminate/Database/Eloquent/Builder->getModels(Array)
#8 D:/projetos/estudo/loop-lab/vendor/laravel/framework/src/Illuminate/Database/Concerns/BuildsQueries.php(366): Illuminate/Database/Eloquent/Builder->get(Array)
#9 D:/projetos/estudo/loop-lab/app/Services/LearningPathService.php(32): Illuminate/Database/Eloquent/Builder->first()
#10 D:/projetos/estudo/loop-lab/app/Http/Controllers/LearningController.php(71): App/Services/LearningPathService->next(Object(App/Models/Exercise))
#11 D:/projetos/estudo/loop-lab/vendor/laravel/framework/src/Illuminate/Routing/ControllerDispatcher.php(46): App/Http/Controllers/LearningController->validateAnswer(Object(App/Http/Requests/RunCodeRequest), Object(App/Models/Exercise), Object(App/Services/ExerciseValidator), Object(App/Services/LearningPathService))
#12 D:/projetos/estudo/loop-lab/vendor/laravel/framework/src/Illuminate/Routing/Route.php(276): Illuminate/Routing/ControllerDispatcher->dispatch(Object(Illuminate/Routing/Route), Object(App/Http/Controllers/LearningController), 'validateAnswer')
#13 D:/projetos/estudo/loop-lab/vendor/laravel/framework/src/Illuminate/Routing/Route.php(216): Illuminate/Routing/Route->runController()
#14 D:/projetos/estudo/loop-lab/vendor/laravel/framework/src/Illuminate/Routing/Router.php(822): Illuminate/Routing/Route->run()
#15 D:/projetos/estudo/loop-lab/vendor/laravel/framework/src/Illuminate/Pipeline/Pipeline.php(180): Illuminate/Routing/Router->Illuminate/Routing/{closure}(Object(Illuminate/Http/Request))
#16 D:/projetos/estudo/loop-lab/vendor/laravel/framework/src/Illuminate/Routing/Middleware/SubstituteBindings.php(52): Illuminate/Pipeline/Pipeline->Illuminate/Pipeline/{closure}(Object(Illuminate/Http/Request))
#17 D:/projetos/estudo/loop-lab/vendor/laravel/framework/src/Illuminate/Pipeline/Pipeline.php(219): Illuminate/Routing/Middleware/SubstituteBindings->handle(Object(Illuminate/Http/Request), Object(Closure))
#18 D:/projetos/estudo/loop-lab/vendor/laravel/framework/src/Illuminate/Routing/Middleware/ThrottleRequests.php(168): Illuminate/Pipeline/Pipeline->Illuminate/Pipeline/{closure}(Object(Illuminate/Http/Request))
#19 D:/projetos/estudo/loop-lab/vendor/laravel/framework/src/Illuminate/Routing/Middleware/ThrottleRequests.php(93): Illuminate/Routing/Middleware/ThrottleRequests->handleRequest(Object(Illuminate/Http/Request), Object(Closure), Array)
#20 D:/projetos/estudo/loop-lab/vendor/laravel/framework/src/Illuminate/Pipeline/Pipeline.php(219): Illuminate/Routing/Middleware/ThrottleRequests->handle(Object(Illuminate/Http/Request), Object(Closure), '20', '1')
#21 D:/projetos/estudo/loop-lab/vendor/laravel/framework/src/Illuminate/Foundation/Http/Middleware/PreventRequestForgery.php(104): Illuminate/Pipeline/Pipeline->Illuminate/Pipeline/{closure}(Object(Illuminate/Http/Request))
#22 D:/projetos/estudo/loop-lab/vendor/laravel/framework/src/Illuminate/Pipeline/Pipeline.php(219): Illuminate/Foundation/Http/Middleware/PreventRequestForgery->handle(Object(Illuminate/Http/Request), Object(Closure))
#23 D:/projetos/estudo/loop-lab/vendor/laravel/framework/src/Illuminate/View/Middleware/ShareErrorsFromSession.php(48): Illuminate/Pipeline/Pipeline->Illuminate/Pipeline/{closure}(Object(Illuminate/Http/Request))
#24 D:/projetos/estudo/loop-lab/vendor/laravel/framework/src/Illuminate/Pipeline/Pipeline.php(219): Illuminate/View/Middleware/ShareErrorsFromSession->handle(Object(Illuminate/Http/Request), Object(Closure))
#25 D:/projetos/estudo/loop-lab/vendor/laravel/framework/src/Illuminate/Session/Middleware/StartSession.php(120): Illuminate/Pipeline/Pipeline->Illuminate/Pipeline/{closure}(Object(Illuminate/Http/Request))
#26 D:/projetos/estudo/loop-lab/vendor/laravel/framework/src/Illuminate/Session/Middleware/StartSession.php(63): Illuminate/Session/Middleware/StartSession->handleStatefulRequest(Object(Illuminate/Http/Request), Object(Illuminate/Session/Store), Object(Closure))
#27 D:/projetos/estudo/loop-lab/vendor/laravel/framework/src/Illuminate/Pipeline/Pipeline.php(219): Illuminate/Session/Middleware/StartSession->handle(Object(Illuminate/Http/Request), Object(Closure))
#28 D:/projetos/estudo/loop-lab/vendor/laravel/framework/src/Illuminate/Cookie/Middleware/AddQueuedCookiesToResponse.php(36): Illuminate/Pipeline/Pipeline->Illuminate/Pipeline/{closure}(Object(Illuminate/Http/Request))
#29 D:/projetos/estudo/loop-lab/vendor/laravel/framework/src/Illuminate/Pipeline/Pipeline.php(219): Illuminate/Cookie/Middleware/AddQueuedCookiesToResponse->handle(Object(Illuminate/Http/Request), Object(Closure))
#30 D:/projetos/estudo/loop-lab/vendor/laravel/framework/src/Illuminate/Cookie/Middleware/EncryptCookies.php(74): Illuminate/Pipeline/Pipeline->Illuminate/Pipeline/{closure}(Object(Illuminate/Http/Request))
#31 D:/projetos/estudo/loop-lab/vendor/laravel/framework/src/Illuminate/Pipeline/Pipeline.php(219): Illuminate/Cookie/Middleware/EncryptCookies->handle(Object(Illuminate/Http/Request), Object(Closure))
#32 D:/projetos/estudo/loop-lab/vendor/laravel/framework/src/Illuminate/Pipeline/Pipeline.php(137): Illuminate/Pipeline/Pipeline->Illuminate/Pipeline/{closure}(Object(Illuminate/Http/Request))
#33 D:/projetos/estudo/loop-lab/vendor/laravel/framework/src/Illuminate/Routing/Router.php(821): Illuminate/Pipeline/Pipeline->then(Object(Closure))
#34 D:/projetos/estudo/loop-lab/vendor/laravel/framework/src/Illuminate/Routing/Router.php(800): Illuminate/Routing/Router->runRouteWithinStack(Object(Illuminate/Routing/Route), Object(Illuminate/Http/Request))
#35 D:/projetos/estudo/loop-lab/vendor/laravel/framework/src/Illuminate/Routing/Router.php(764): Illuminate/Routing/Router->runRoute(Object(Illuminate/Http/Request), Object(Illuminate/Routing/Route))
#36 D:/projetos/estudo/loop-lab/vendor/laravel/framework/src/Illuminate/Routing/Router.php(753): Illuminate/Routing/Router->dispatchToRoute(Object(Illuminate/Http/Request))
#37 D:/projetos/estudo/loop-lab/vendor/laravel/framework/src/Illuminate/Foundation/Http/Kernel.php(200): Illuminate/Routing/Router->dispatch(Object(Illuminate/Http/Request))
#38 D:/projetos/estudo/loop-lab/vendor/laravel/framework/src/Illuminate/Pipeline/Pipeline.php(180): Illuminate/Foundation/Http/Kernel->Illuminate/Foundation/Http/{closure}(Object(Illuminate/Http/Request))
#39 D:/projetos/estudo/loop-lab/vendor/laravel/framework/src/Illuminate/Foundation/Http/Middleware/TransformsRequest.php(21): Illuminate/Pipeline/Pipeline->Illuminate/Pipeline/{closure}(Object(Illuminate/Http/Request))
#40 D:/projetos/estudo/loop-lab/vendor/laravel/framework/src/Illuminate/Foundation/Http/Middleware/ConvertEmptyStringsToNull.php(31): Illuminate/Foundation/Http/Middleware/TransformsRequest->handle(Object(Illuminate/Http/Request), Object(Closure))
#41 D:/projetos/estudo/loop-lab/vendor/laravel/framework/src/Illuminate/Pipeline/Pipeline.php(219): Illuminate/Foundation/Http/Middleware/ConvertEmptyStringsToNull->handle(Object(Illuminate/Http/Request), Object(Closure))
#42 D:/projetos/estudo/loop-lab/vendor/laravel/framework/src/Illuminate/Foundation/Http/Middleware/TransformsRequest.php(21): Illuminate/Pipeline/Pipeline->Illuminate/Pipeline/{closure}(Object(Illuminate/Http/Request))
#43 D:/projetos/estudo/loop-lab/vendor/laravel/framework/src/Illuminate/Foundation/Http/Middleware/TrimStrings.php(51): Illuminate/Foundation/Http/Middleware/TransformsRequest->handle(Object(Illuminate/Http/Request), Object(Closure))
#44 D:/projetos/estudo/loop-lab/vendor/laravel/framework/src/Illuminate/Pipeline/Pipeline.php(219): Illuminate/Foundation/Http/Middleware/TrimStrings->handle(Object(Illuminate/Http/Request), Object(Closure))
#45 D:/projetos/estudo/loop-lab/vendor/laravel/framework/src/Illuminate/Http/Middleware/ValidatePostSize.php(27): Illuminate/Pipeline/Pipeline->Illuminate/Pipeline/{closure}(Object(Illuminate/Http/Request))
#46 D:/projetos/estudo/loop-lab/vendor/laravel/framework/src/Illuminate/Pipeline/Pipeline.php(219): Illuminate/Http/Middleware/ValidatePostSize->handle(Object(Illuminate/Http/Request), Object(Closure))
#47 D:/projetos/estudo/loop-lab/vendor/laravel/framework/src/Illuminate/Foundation/Http/Middleware/PreventRequestsDuringMaintenance.php(109): Illuminate/Pipeline/Pipeline->Illuminate/Pipeline/{closure}(Object(Illuminate/Http/Request))
#48 D:/projetos/estudo/loop-lab/vendor/laravel/framework/src/Illuminate/Pipeline/Pipeline.php(219): Illuminate/Foundation/Http/Middleware/PreventRequestsDuringMaintenance->handle(Object(Illuminate/Http/Request), Object(Closure))
#49 D:/projetos/estudo/loop-lab/vendor/laravel/framework/src/Illuminate/Http/Middleware/HandleCors.php(61): Illuminate/Pipeline/Pipeline->Illuminate/Pipeline/{closure}(Object(Illuminate/Http/Request))
#50 D:/projetos/estudo/loop-lab/vendor/laravel/framework/src/Illuminate/Pipeline/Pipeline.php(219): Illuminate/Http/Middleware/HandleCors->handle(Object(Illuminate/Http/Request), Object(Closure))
#51 D:/projetos/estudo/loop-lab/vendor/laravel/framework/src/Illuminate/Http/Middleware/TrustProxies.php(58): Illuminate/Pipeline/Pipeline->Illuminate/Pipeline/{closure}(Object(Illuminate/Http/Request))
#52 D:/projetos/estudo/loop-lab/vendor/laravel/framework/src/Illuminate/Pipeline/Pipeline.php(219): Illuminate/Http/Middleware/TrustProxies->handle(Object(Illuminate/Http/Request), Object(Closure))
#53 D:/projetos/estudo/loop-lab/vendor/laravel/framework/src/Illuminate/Foundation/Http/Middleware/InvokeDeferredCallbacks.php(22): Illuminate/Pipeline/Pipeline->Illuminate/Pipeline/{closure}(Object(Illuminate/Http/Request))
#54 D:/projetos/estudo/loop-lab/vendor/laravel/framework/src/Illuminate/Pipeline/Pipeline.php(219): Illuminate/Foundation/Http/Middleware/InvokeDeferredCallbacks->handle(Object(Illuminate/Http/Request), Object(Closure))
#55 D:/projetos/estudo/loop-lab/vendor/laravel/framework/src/Illuminate/Http/Middleware/ValidatePathEncoding.php(28): Illuminate/Pipeline/Pipeline->Illuminate/Pipeline/{closure}(Object(Illuminate/Http/Request))
#56 D:/projetos/estudo/loop-lab/vendor/laravel/framework/src/Illuminate/Pipeline/Pipeline.php(219): Illuminate/Http/Middleware/ValidatePathEncoding->handle(Object(Illuminate/Http/Request), Object(Closure))
#57 D:/projetos/estudo/loop-lab/vendor/laravel/framework/src/Illuminate/Pipeline/Pipeline.php(137): Illuminate/Pipeline/Pipeline->Illuminate/Pipeline/{closure}(Object(Illuminate/Http/Request))
#58 D:/projetos/estudo/loop-lab/vendor/laravel/framework/src/Illuminate/Foundation/Http/Kernel.php(175): Illuminate/Pipeline/Pipeline->then(Object(Closure))
#59 D:/projetos/estudo/loop-lab/vendor/laravel/framework/src/Illuminate/Foundation/Http/Kernel.php(144): Illuminate/Foundation/Http/Kernel->sendRequestThroughRouter(Object(Illuminate/Http/Request))
#60 D:/projetos/estudo/loop-lab/vendor/laravel/framework/src/Illuminate/Foundation/Testing/Concerns/MakesHttpRequests.php(638): Illuminate/Foundation/Http/Kernel->handle(Object(Illuminate/Http/Request))
#61 D:/projetos/estudo/loop-lab/vendor/laravel/framework/src/Illuminate/Foundation/Testing/Concerns/MakesHttpRequests.php(604): Illuminate/Foundation/Testing/TestCase->call('POST', 'http://localhos...', Array, Array, Array, Array, '{\"code\":\"<?php ...')
#62 D:/projetos/estudo/loop-lab/vendor/laravel/framework/src/Illuminate/Foundation/Testing/Concerns/MakesHttpRequests.php(411): Illuminate/Foundation/Testing/TestCase->json('POST', 'http://localhos...', Array, Array, 0)
#63 D:/projetos/estudo/loop-lab/tests/Feature/LearningFlowTest.php(133): Illuminate/Foundation/Testing/TestCase->postJson('http://localhos...', Array)
#64 D:/projetos/estudo/loop-lab/vendor/phpunit/phpunit/src/Framework/TestCase.php(1318): Tests/Feature/LearningFlowTest->test_hidden_inputs_reject_a_hardcoded_answer()
#65 D:/projetos/estudo/loop-lab/vendor/phpunit/phpunit/src/Framework/TestCase.php(1355): PHPUnit/Framework/TestCase->invokeTestMethod('test_hidden_inp...', Array)
#66 D:/projetos/estudo/loop-lab/vendor/phpunit/phpunit/src/Framework/TestCase.php(521): PHPUnit/Framework/TestCase->runTest()
#67 D:/projetos/estudo/loop-lab/vendor/phpunit/phpunit/src/Framework/TestRunner/TestRunner.php(99): PHPUnit/Framework/TestCase->runBare()
#68 D:/projetos/estudo/loop-lab/vendor/phpunit/phpunit/src/Framework/TestCase.php(361): PHPUnit/Framework/TestRunner->run(Object(Tests/Feature/LearningFlowTest))
#69 D:/projetos/estudo/loop-lab/vendor/phpunit/phpunit/src/Framework/TestSuite.php(374): PHPUnit/Framework/TestCase->run()
#70 D:/projetos/estudo/loop-lab/vendor/phpunit/phpunit/src/Framework/TestSuite.php(374): PHPUnit/Framework/TestSuite->run()
#71 D:/projetos/estudo/loop-lab/vendor/phpunit/phpunit/src/Framework/TestSuite.php(374): PHPUnit/Framework/TestSuite->run()
#72 D:/projetos/estudo/loop-lab/vendor/phpunit/phpunit/src/TextUI/TestRunner.php(64): PHPUnit/Framework/TestSuite->run()
#73 D:/projetos/estudo/loop-lab/vendor/phpunit/phpunit/src/TextUI/Application.php(229): PHPUnit/TextUI/TestRunner->run(Object(PHPUnit/TextUI/Configuration/Configuration), Object(PHPUnit/Runner/ResultCache/DefaultResultCache), Object(PHPUnit/Framework/TestSuite))
#74 D:/projetos/estudo/loop-lab/vendor/phpunit/phpunit/phpunit(104): PHPUnit/TextUI/Application->run(Array)
#75 {main}
"} 
[2026-08-13 19:59:40] testing.ERROR: SQLSTATE[HY000]: General error: 1 ambiguous column name: position (Connection: sqlite, Database: :memory:, SQL: select "lessons".* from "lessons" inner join "modules" on "modules"."id" = "lessons"."module_id" where "is_published" = 1 and (exists (select * from "modules" where "lessons"."module_id" = "modules"."id" and "position" > 3) or ("module_id" = 3 and "position" > 1)) order by "modules"."position" asc, "lessons"."position" asc limit 1) {"exception":"[object] (Illuminate\\Database\\QueryException(code: HY000): SQLSTATE[HY000]: General error: 1 ambiguous column name: position (Connection: sqlite, Database: :memory:, SQL: select \"lessons\".* from \"lessons\" inner join \"modules\" on \"modules\".\"id\" = \"lessons\".\"module_id\" where \"is_published\" = 1 and (exists (select * from \"modules\" where \"lessons\".\"module_id\" = \"modules\".\"id\" and \"position\" > 3) or (\"module_id\" = 3 and \"position\" > 1)) order by \"modules\".\"position\" asc, \"lessons\".\"position\" asc limit 1) at D:/projetos/estudo/loop-lab/vendor/laravel/framework/src/Illuminate/Database/Connection.php:857)
[stacktrace]
#0 D:/projetos/estudo/loop-lab/vendor/laravel/framework/src/Illuminate/Database/Connection.php(813): Illuminate/Database/Connection->runQueryCallback('select \"lessons...', Array, Object(Closure))
#1 D:/projetos/estudo/loop-lab/vendor/laravel/framework/src/Illuminate/Database/Connection.php(426): Illuminate/Database/Connection->run('select \"lessons...', Array, Object(Closure))
#2 D:/projetos/estudo/loop-lab/vendor/laravel/framework/src/Illuminate/Database/Query/Builder.php(3573): Illuminate/Database/Connection->select('select \"lessons...', Array, true, Array)
#3 D:/projetos/estudo/loop-lab/vendor/laravel/framework/src/Illuminate/Database/Query/Builder.php(3557): Illuminate/Database/Query/Builder->runSelect()
#4 D:/projetos/estudo/loop-lab/vendor/laravel/framework/src/Illuminate/Database/Eloquent/Builder.php(908): Illuminate/Database/Query/Builder->get(Array)
#5 D:/projetos/estudo/loop-lab/vendor/laravel/framework/src/Illuminate/Database/Eloquent/Builder.php(890): Illuminate/Database/Eloquent/Builder->getModels(Array)
#6 D:/projetos/estudo/loop-lab/vendor/laravel/framework/src/Illuminate/Database/Concerns/BuildsQueries.php(366): Illuminate/Database/Eloquent/Builder->get(Array)
#7 D:/projetos/estudo/loop-lab/app/Services/LearningPathService.php(32): Illuminate/Database/Eloquent/Builder->first()
#8 D:/projetos/estudo/loop-lab/app/Http/Controllers/LearningController.php(71): App/Services/LearningPathService->next(Object(App/Models/Exercise))
#9 D:/projetos/estudo/loop-lab/vendor/laravel/framework/src/Illuminate/Routing/ControllerDispatcher.php(46): App/Http/Controllers/LearningController->validateAnswer(Object(App/Http/Requests/RunCodeRequest), Object(App/Models/Exercise), Object(App/Services/ExerciseValidator), Object(App/Services/LearningPathService))
#10 D:/projetos/estudo/loop-lab/vendor/laravel/framework/src/Illuminate/Routing/Route.php(276): Illuminate/Routing/ControllerDispatcher->dispatch(Object(Illuminate/Routing/Route), Object(App/Http/Controllers/LearningController), 'validateAnswer')
#11 D:/projetos/estudo/loop-lab/vendor/laravel/framework/src/Illuminate/Routing/Route.php(216): Illuminate/Routing/Route->runController()
#12 D:/projetos/estudo/loop-lab/vendor/laravel/framework/src/Illuminate/Routing/Router.php(822): Illuminate/Routing/Route->run()
#13 D:/projetos/estudo/loop-lab/vendor/laravel/framework/src/Illuminate/Pipeline/Pipeline.php(180): Illuminate/Routing/Router->Illuminate/Routing/{closure}(Object(Illuminate/Http/Request))
#14 D:/projetos/estudo/loop-lab/vendor/laravel/framework/src/Illuminate/Routing/Middleware/SubstituteBindings.php(52): Illuminate/Pipeline/Pipeline->Illuminate/Pipeline/{closure}(Object(Illuminate/Http/Request))
#15 D:/projetos/estudo/loop-lab/vendor/laravel/framework/src/Illuminate/Pipeline/Pipeline.php(219): Illuminate/Routing/Middleware/SubstituteBindings->handle(Object(Illuminate/Http/Request), Object(Closure))
#16 D:/projetos/estudo/loop-lab/vendor/laravel/framework/src/Illuminate/Routing/Middleware/ThrottleRequests.php(168): Illuminate/Pipeline/Pipeline->Illuminate/Pipeline/{closure}(Object(Illuminate/Http/Request))
#17 D:/projetos/estudo/loop-lab/vendor/laravel/framework/src/Illuminate/Routing/Middleware/ThrottleRequests.php(93): Illuminate/Routing/Middleware/ThrottleRequests->handleRequest(Object(Illuminate/Http/Request), Object(Closure), Array)
#18 D:/projetos/estudo/loop-lab/vendor/laravel/framework/src/Illuminate/Pipeline/Pipeline.php(219): Illuminate/Routing/Middleware/ThrottleRequests->handle(Object(Illuminate/Http/Request), Object(Closure), '20', '1')
#19 D:/projetos/estudo/loop-lab/vendor/laravel/framework/src/Illuminate/Foundation/Http/Middleware/PreventRequestForgery.php(104): Illuminate/Pipeline/Pipeline->Illuminate/Pipeline/{closure}(Object(Illuminate/Http/Request))
#20 D:/projetos/estudo/loop-lab/vendor/laravel/framework/src/Illuminate/Pipeline/Pipeline.php(219): Illuminate/Foundation/Http/Middleware/PreventRequestForgery->handle(Object(Illuminate/Http/Request), Object(Closure))
#21 D:/projetos/estudo/loop-lab/vendor/laravel/framework/src/Illuminate/View/Middleware/ShareErrorsFromSession.php(48): Illuminate/Pipeline/Pipeline->Illuminate/Pipeline/{closure}(Object(Illuminate/Http/Request))
#22 D:/projetos/estudo/loop-lab/vendor/laravel/framework/src/Illuminate/Pipeline/Pipeline.php(219): Illuminate/View/Middleware/ShareErrorsFromSession->handle(Object(Illuminate/Http/Request), Object(Closure))
#23 D:/projetos/estudo/loop-lab/vendor/laravel/framework/src/Illuminate/Session/Middleware/StartSession.php(120): Illuminate/Pipeline/Pipeline->Illuminate/Pipeline/{closure}(Object(Illuminate/Http/Request))
#24 D:/projetos/estudo/loop-lab/vendor/laravel/framework/src/Illuminate/Session/Middleware/StartSession.php(63): Illuminate/Session/Middleware/StartSession->handleStatefulRequest(Object(Illuminate/Http/Request), Object(Illuminate/Session/Store), Object(Closure))
#25 D:/projetos/estudo/loop-lab/vendor/laravel/framework/src/Illuminate/Pipeline/Pipeline.php(219): Illuminate/Session/Middleware/StartSession->handle(Object(Illuminate/Http/Request), Object(Closure))
#26 D:/projetos/estudo/loop-lab/vendor/laravel/framework/src/Illuminate/Cookie/Middleware/AddQueuedCookiesToResponse.php(36): Illuminate/Pipeline/Pipeline->Illuminate/Pipeline/{closure}(Object(Illuminate/Http/Request))
#27 D:/projetos/estudo/loop-lab/vendor/laravel/framework/src/Illuminate/Pipeline/Pipeline.php(219): Illuminate/Cookie/Middleware/AddQueuedCookiesToResponse->handle(Object(Illuminate/Http/Request), Object(Closure))
#28 D:/projetos/estudo/loop-lab/vendor/laravel/framework/src/Illuminate/Cookie/Middleware/EncryptCookies.php(74): Illuminate/Pipeline/Pipeline->Illuminate/Pipeline/{closure}(Object(Illuminate/Http/Request))
#29 D:/projetos/estudo/loop-lab/vendor/laravel/framework/src/Illuminate/Pipeline/Pipeline.php(219): Illuminate/Cookie/Middleware/EncryptCookies->handle(Object(Illuminate/Http/Request), Object(Closure))
#30 D:/projetos/estudo/loop-lab/vendor/laravel/framework/src/Illuminate/Pipeline/Pipeline.php(137): Illuminate/Pipeline/Pipeline->Illuminate/Pipeline/{closure}(Object(Illuminate/Http/Request))
#31 D:/projetos/estudo/loop-lab/vendor/laravel/framework/src/Illuminate/Routing/Router.php(821): Illuminate/Pipeline/Pipeline->then(Object(Closure))
#32 D:/projetos/estudo/loop-lab/vendor/laravel/framework/src/Illuminate/Routing/Router.php(800): Illuminate/Routing/Router->runRouteWithinStack(Object(Illuminate/Routing/Route), Object(Illuminate/Http/Request))
#33 D:/projetos/estudo/loop-lab/vendor/laravel/framework/src/Illuminate/Routing/Router.php(764): Illuminate/Routing/Router->runRoute(Object(Illuminate/Http/Request), Object(Illuminate/Routing/Route))
#34 D:/projetos/estudo/loop-lab/vendor/laravel/framework/src/Illuminate/Routing/Router.php(753): Illuminate/Routing/Router->dispatchToRoute(Object(Illuminate/Http/Request))
#35 D:/projetos/estudo/loop-lab/vendor/laravel/framework/src/Illuminate/Foundation/Http/Kernel.php(200): Illuminate/Routing/Router->dispatch(Object(Illuminate/Http/Request))
#36 D:/projetos/estudo/loop-lab/vendor/laravel/framework/src/Illuminate/Pipeline/Pipeline.php(180): Illuminate/Foundation/Http/Kernel->Illuminate/Foundation/Http/{closure}(Object(Illuminate/Http/Request))
#37 D:/projetos/estudo/loop-lab/vendor/laravel/framework/src/Illuminate/Foundation/Http/Middleware/TransformsRequest.php(21): Illuminate/Pipeline/Pipeline->Illuminate/Pipeline/{closure}(Object(Illuminate/Http/Request))
#38 D:/projetos/estudo/loop-lab/vendor/laravel/framework/src/Illuminate/Foundation/Http/Middleware/ConvertEmptyStringsToNull.php(31): Illuminate/Foundation/Http/Middleware/TransformsRequest->handle(Object(Illuminate/Http/Request), Object(Closure))
#39 D:/projetos/estudo/loop-lab/vendor/laravel/framework/src/Illuminate/Pipeline/Pipeline.php(219): Illuminate/Foundation/Http/Middleware/ConvertEmptyStringsToNull->handle(Object(Illuminate/Http/Request), Object(Closure))
#40 D:/projetos/estudo/loop-lab/vendor/laravel/framework/src/Illuminate/Foundation/Http/Middleware/TransformsRequest.php(21): Illuminate/Pipeline/Pipeline->Illuminate/Pipeline/{closure}(Object(Illuminate/Http/Request))
#41 D:/projetos/estudo/loop-lab/vendor/laravel/framework/src/Illuminate/Foundation/Http/Middleware/TrimStrings.php(51): Illuminate/Foundation/Http/Middleware/TransformsRequest->handle(Object(Illuminate/Http/Request), Object(Closure))
#42 D:/projetos/estudo/loop-lab/vendor/laravel/framework/src/Illuminate/Pipeline/Pipeline.php(219): Illuminate/Foundation/Http/Middleware/TrimStrings->handle(Object(Illuminate/Http/Request), Object(Closure))
#43 D:/projetos/estudo/loop-lab/vendor/laravel/framework/src/Illuminate/Http/Middleware/ValidatePostSize.php(27): Illuminate/Pipeline/Pipeline->Illuminate/Pipeline/{closure}(Object(Illuminate/Http/Request))
#44 D:/projetos/estudo/loop-lab/vendor/laravel/framework/src/Illuminate/Pipeline/Pipeline.php(219): Illuminate/Http/Middleware/ValidatePostSize->handle(Object(Illuminate/Http/Request), Object(Closure))
#45 D:/projetos/estudo/loop-lab/vendor/laravel/framework/src/Illuminate/Foundation/Http/Middleware/PreventRequestsDuringMaintenance.php(109): Illuminate/Pipeline/Pipeline->Illuminate/Pipeline/{closure}(Object(Illuminate/Http/Request))
#46 D:/projetos/estudo/loop-lab/vendor/laravel/framework/src/Illuminate/Pipeline/Pipeline.php(219): Illuminate/Foundation/Http/Middleware/PreventRequestsDuringMaintenance->handle(Object(Illuminate/Http/Request), Object(Closure))
#47 D:/projetos/estudo/loop-lab/vendor/laravel/framework/src/Illuminate/Http/Middleware/HandleCors.php(61): Illuminate/Pipeline/Pipeline->Illuminate/Pipeline/{closure}(Object(Illuminate/Http/Request))
#48 D:/projetos/estudo/loop-lab/vendor/laravel/framework/src/Illuminate/Pipeline/Pipeline.php(219): Illuminate/Http/Middleware/HandleCors->handle(Object(Illuminate/Http/Request), Object(Closure))
#49 D:/projetos/estudo/loop-lab/vendor/laravel/framework/src/Illuminate/Http/Middleware/TrustProxies.php(58): Illuminate/Pipeline/Pipeline->Illuminate/Pipeline/{closure}(Object(Illuminate/Http/Request))
#50 D:/projetos/estudo/loop-lab/vendor/laravel/framework/src/Illuminate/Pipeline/Pipeline.php(219): Illuminate/Http/Middleware/TrustProxies->handle(Object(Illuminate/Http/Request), Object(Closure))
#51 D:/projetos/estudo/loop-lab/vendor/laravel/framework/src/Illuminate/Foundation/Http/Middleware/InvokeDeferredCallbacks.php(22): Illuminate/Pipeline/Pipeline->Illuminate/Pipeline/{closure}(Object(Illuminate/Http/Request))
#52 D:/projetos/estudo/loop-lab/vendor/laravel/framework/src/Illuminate/Pipeline/Pipeline.php(219): Illuminate/Foundation/Http/Middleware/InvokeDeferredCallbacks->handle(Object(Illuminate/Http/Request), Object(Closure))
#53 D:/projetos/estudo/loop-lab/vendor/laravel/framework/src/Illuminate/Http/Middleware/ValidatePathEncoding.php(28): Illuminate/Pipeline/Pipeline->Illuminate/Pipeline/{closure}(Object(Illuminate/Http/Request))
#54 D:/projetos/estudo/loop-lab/vendor/laravel/framework/src/Illuminate/Pipeline/Pipeline.php(219): Illuminate/Http/Middleware/ValidatePathEncoding->handle(Object(Illuminate/Http/Request), Object(Closure))
#55 D:/projetos/estudo/loop-lab/vendor/laravel/framework/src/Illuminate/Pipeline/Pipeline.php(137): Illuminate/Pipeline/Pipeline->Illuminate/Pipeline/{closure}(Object(Illuminate/Http/Request))
#56 D:/projetos/estudo/loop-lab/vendor/laravel/framework/src/Illuminate/Foundation/Http/Kernel.php(175): Illuminate/Pipeline/Pipeline->then(Object(Closure))
#57 D:/projetos/estudo/loop-lab/vendor/laravel/framework/src/Illuminate/Foundation/Http/Kernel.php(144): Illuminate/Foundation/Http/Kernel->sendRequestThroughRouter(Object(Illuminate/Http/Request))
#58 D:/projetos/estudo/loop-lab/vendor/laravel/framework/src/Illuminate/Foundation/Testing/Concerns/MakesHttpRequests.php(638): Illuminate/Foundation/Http/Kernel->handle(Object(Illuminate/Http/Request))
#59 D:/projetos/estudo/loop-lab/vendor/laravel/framework/src/Illuminate/Foundation/Testing/Concerns/MakesHttpRequests.php(604): Illuminate/Foundation/Testing/TestCase->call('POST', 'http://localhos...', Array, Array, Array, Array, '{\"code\":\"B\"}')
#60 D:/projetos/estudo/loop-lab/vendor/laravel/framework/src/Illuminate/Foundation/Testing/Concerns/MakesHttpRequests.php(411): Illuminate/Foundation/Testing/TestCase->json('POST', 'http://localhos...', Array, Array, 0)
#61 D:/projetos/estudo/loop-lab/tests/Feature/LearningFlowTest.php(150): Illuminate/Foundation/Testing/TestCase->postJson('http://localhos...', Array)
#62 D:/projetos/estudo/loop-lab/vendor/phpunit/phpunit/src/Framework/TestCase.php(1318): Tests/Feature/LearningFlowTest->test_prediction_exercise_can_be_answered()
#63 D:/projetos/estudo/loop-lab/vendor/phpunit/phpunit/src/Framework/TestCase.php(1355): PHPUnit/Framework/TestCase->invokeTestMethod('test_prediction...', Array)
#64 D:/projetos/estudo/loop-lab/vendor/phpunit/phpunit/src/Framework/TestCase.php(521): PHPUnit/Framework/TestCase->runTest()
#65 D:/projetos/estudo/loop-lab/vendor/phpunit/phpunit/src/Framework/TestRunner/TestRunner.php(99): PHPUnit/Framework/TestCase->runBare()
#66 D:/projetos/estudo/loop-lab/vendor/phpunit/phpunit/src/Framework/TestCase.php(361): PHPUnit/Framework/TestRunner->run(Object(Tests/Feature/LearningFlowTest))
#67 D:/projetos/estudo/loop-lab/vendor/phpunit/phpunit/src/Framework/TestSuite.php(374): PHPUnit/Framework/TestCase->run()
#68 D:/projetos/estudo/loop-lab/vendor/phpunit/phpunit/src/Framework/TestSuite.php(374): PHPUnit/Framework/TestSuite->run()
#69 D:/projetos/estudo/loop-lab/vendor/phpunit/phpunit/src/Framework/TestSuite.php(374): PHPUnit/Framework/TestSuite->run()
#70 D:/projetos/estudo/loop-lab/vendor/phpunit/phpunit/src/TextUI/TestRunner.php(64): PHPUnit/Framework/TestSuite->run()
#71 D:/projetos/estudo/loop-lab/vendor/phpunit/phpunit/src/TextUI/Application.php(229): PHPUnit/TextUI/TestRunner->run(Object(PHPUnit/TextUI/Configuration/Configuration), Object(PHPUnit/Runner/ResultCache/DefaultResultCache), Object(PHPUnit/Framework/TestSuite))
#72 D:/projetos/estudo/loop-lab/vendor/phpunit/phpunit/phpunit(104): PHPUnit/TextUI/Application->run(Array)
#73 {main}

[previous exception] [object] (PDOException(code: HY000): SQLSTATE[HY000]: General error: 1 ambiguous column name: position at D:/projetos/estudo/loop-lab/vendor/laravel/framework/src/Illuminate/Database/Connection.php:435)
[stacktrace]
#0 D:/projetos/estudo/loop-lab/vendor/laravel/framework/src/Illuminate/Database/Connection.php(435): PDO->prepare('select \"lessons...')
#1 D:/projetos/estudo/loop-lab/vendor/laravel/framework/src/Illuminate/Database/Connection.php(846): Illuminate/Database/Connection->Illuminate/Database/{closure}('select \"lessons...', Array)
#2 D:/projetos/estudo/loop-lab/vendor/laravel/framework/src/Illuminate/Database/Connection.php(813): Illuminate/Database/Connection->runQueryCallback('select \"lessons...', Array, Object(Closure))
#3 D:/projetos/estudo/loop-lab/vendor/laravel/framework/src/Illuminate/Database/Connection.php(426): Illuminate/Database/Connection->run('select \"lessons...', Array, Object(Closure))
#4 D:/projetos/estudo/loop-lab/vendor/laravel/framework/src/Illuminate/Database/Query/Builder.php(3573): Illuminate/Database/Connection->select('select \"lessons...', Array, true, Array)
#5 D:/projetos/estudo/loop-lab/vendor/laravel/framework/src/Illuminate/Database/Query/Builder.php(3557): Illuminate/Database/Query/Builder->runSelect()
#6 D:/projetos/estudo/loop-lab/vendor/laravel/framework/src/Illuminate/Database/Eloquent/Builder.php(908): Illuminate/Database/Query/Builder->get(Array)
#7 D:/projetos/estudo/loop-lab/vendor/laravel/framework/src/Illuminate/Database/Eloquent/Builder.php(890): Illuminate/Database/Eloquent/Builder->getModels(Array)
#8 D:/projetos/estudo/loop-lab/vendor/laravel/framework/src/Illuminate/Database/Concerns/BuildsQueries.php(366): Illuminate/Database/Eloquent/Builder->get(Array)
#9 D:/projetos/estudo/loop-lab/app/Services/LearningPathService.php(32): Illuminate/Database/Eloquent/Builder->first()
#10 D:/projetos/estudo/loop-lab/app/Http/Controllers/LearningController.php(71): App/Services/LearningPathService->next(Object(App/Models/Exercise))
#11 D:/projetos/estudo/loop-lab/vendor/laravel/framework/src/Illuminate/Routing/ControllerDispatcher.php(46): App/Http/Controllers/LearningController->validateAnswer(Object(App/Http/Requests/RunCodeRequest), Object(App/Models/Exercise), Object(App/Services/ExerciseValidator), Object(App/Services/LearningPathService))
#12 D:/projetos/estudo/loop-lab/vendor/laravel/framework/src/Illuminate/Routing/Route.php(276): Illuminate/Routing/ControllerDispatcher->dispatch(Object(Illuminate/Routing/Route), Object(App/Http/Controllers/LearningController), 'validateAnswer')
#13 D:/projetos/estudo/loop-lab/vendor/laravel/framework/src/Illuminate/Routing/Route.php(216): Illuminate/Routing/Route->runController()
#14 D:/projetos/estudo/loop-lab/vendor/laravel/framework/src/Illuminate/Routing/Router.php(822): Illuminate/Routing/Route->run()
#15 D:/projetos/estudo/loop-lab/vendor/laravel/framework/src/Illuminate/Pipeline/Pipeline.php(180): Illuminate/Routing/Router->Illuminate/Routing/{closure}(Object(Illuminate/Http/Request))
#16 D:/projetos/estudo/loop-lab/vendor/laravel/framework/src/Illuminate/Routing/Middleware/SubstituteBindings.php(52): Illuminate/Pipeline/Pipeline->Illuminate/Pipeline/{closure}(Object(Illuminate/Http/Request))
#17 D:/projetos/estudo/loop-lab/vendor/laravel/framework/src/Illuminate/Pipeline/Pipeline.php(219): Illuminate/Routing/Middleware/SubstituteBindings->handle(Object(Illuminate/Http/Request), Object(Closure))
#18 D:/projetos/estudo/loop-lab/vendor/laravel/framework/src/Illuminate/Routing/Middleware/ThrottleRequests.php(168): Illuminate/Pipeline/Pipeline->Illuminate/Pipeline/{closure}(Object(Illuminate/Http/Request))
#19 D:/projetos/estudo/loop-lab/vendor/laravel/framework/src/Illuminate/Routing/Middleware/ThrottleRequests.php(93): Illuminate/Routing/Middleware/ThrottleRequests->handleRequest(Object(Illuminate/Http/Request), Object(Closure), Array)
#20 D:/projetos/estudo/loop-lab/vendor/laravel/framework/src/Illuminate/Pipeline/Pipeline.php(219): Illuminate/Routing/Middleware/ThrottleRequests->handle(Object(Illuminate/Http/Request), Object(Closure), '20', '1')
#21 D:/projetos/estudo/loop-lab/vendor/laravel/framework/src/Illuminate/Foundation/Http/Middleware/PreventRequestForgery.php(104): Illuminate/Pipeline/Pipeline->Illuminate/Pipeline/{closure}(Object(Illuminate/Http/Request))
#22 D:/projetos/estudo/loop-lab/vendor/laravel/framework/src/Illuminate/Pipeline/Pipeline.php(219): Illuminate/Foundation/Http/Middleware/PreventRequestForgery->handle(Object(Illuminate/Http/Request), Object(Closure))
#23 D:/projetos/estudo/loop-lab/vendor/laravel/framework/src/Illuminate/View/Middleware/ShareErrorsFromSession.php(48): Illuminate/Pipeline/Pipeline->Illuminate/Pipeline/{closure}(Object(Illuminate/Http/Request))
#24 D:/projetos/estudo/loop-lab/vendor/laravel/framework/src/Illuminate/Pipeline/Pipeline.php(219): Illuminate/View/Middleware/ShareErrorsFromSession->handle(Object(Illuminate/Http/Request), Object(Closure))
#25 D:/projetos/estudo/loop-lab/vendor/laravel/framework/src/Illuminate/Session/Middleware/StartSession.php(120): Illuminate/Pipeline/Pipeline->Illuminate/Pipeline/{closure}(Object(Illuminate/Http/Request))
#26 D:/projetos/estudo/loop-lab/vendor/laravel/framework/src/Illuminate/Session/Middleware/StartSession.php(63): Illuminate/Session/Middleware/StartSession->handleStatefulRequest(Object(Illuminate/Http/Request), Object(Illuminate/Session/Store), Object(Closure))
#27 D:/projetos/estudo/loop-lab/vendor/laravel/framework/src/Illuminate/Pipeline/Pipeline.php(219): Illuminate/Session/Middleware/StartSession->handle(Object(Illuminate/Http/Request), Object(Closure))
#28 D:/projetos/estudo/loop-lab/vendor/laravel/framework/src/Illuminate/Cookie/Middleware/AddQueuedCookiesToResponse.php(36): Illuminate/Pipeline/Pipeline->Illuminate/Pipeline/{closure}(Object(Illuminate/Http/Request))
#29 D:/projetos/estudo/loop-lab/vendor/laravel/framework/src/Illuminate/Pipeline/Pipeline.php(219): Illuminate/Cookie/Middleware/AddQueuedCookiesToResponse->handle(Object(Illuminate/Http/Request), Object(Closure))
#30 D:/projetos/estudo/loop-lab/vendor/laravel/framework/src/Illuminate/Cookie/Middleware/EncryptCookies.php(74): Illuminate/Pipeline/Pipeline->Illuminate/Pipeline/{closure}(Object(Illuminate/Http/Request))
#31 D:/projetos/estudo/loop-lab/vendor/laravel/framework/src/Illuminate/Pipeline/Pipeline.php(219): Illuminate/Cookie/Middleware/EncryptCookies->handle(Object(Illuminate/Http/Request), Object(Closure))
#32 D:/projetos/estudo/loop-lab/vendor/laravel/framework/src/Illuminate/Pipeline/Pipeline.php(137): Illuminate/Pipeline/Pipeline->Illuminate/Pipeline/{closure}(Object(Illuminate/Http/Request))
#33 D:/projetos/estudo/loop-lab/vendor/laravel/framework/src/Illuminate/Routing/Router.php(821): Illuminate/Pipeline/Pipeline->then(Object(Closure))
#34 D:/projetos/estudo/loop-lab/vendor/laravel/framework/src/Illuminate/Routing/Router.php(800): Illuminate/Routing/Router->runRouteWithinStack(Object(Illuminate/Routing/Route), Object(Illuminate/Http/Request))
#35 D:/projetos/estudo/loop-lab/vendor/laravel/framework/src/Illuminate/Routing/Router.php(764): Illuminate/Routing/Router->runRoute(Object(Illuminate/Http/Request), Object(Illuminate/Routing/Route))
#36 D:/projetos/estudo/loop-lab/vendor/laravel/framework/src/Illuminate/Routing/Router.php(753): Illuminate/Routing/Router->dispatchToRoute(Object(Illuminate/Http/Request))
#37 D:/projetos/estudo/loop-lab/vendor/laravel/framework/src/Illuminate/Foundation/Http/Kernel.php(200): Illuminate/Routing/Router->dispatch(Object(Illuminate/Http/Request))
#38 D:/projetos/estudo/loop-lab/vendor/laravel/framework/src/Illuminate/Pipeline/Pipeline.php(180): Illuminate/Foundation/Http/Kernel->Illuminate/Foundation/Http/{closure}(Object(Illuminate/Http/Request))
#39 D:/projetos/estudo/loop-lab/vendor/laravel/framework/src/Illuminate/Foundation/Http/Middleware/TransformsRequest.php(21): Illuminate/Pipeline/Pipeline->Illuminate/Pipeline/{closure}(Object(Illuminate/Http/Request))
#40 D:/projetos/estudo/loop-lab/vendor/laravel/framework/src/Illuminate/Foundation/Http/Middleware/ConvertEmptyStringsToNull.php(31): Illuminate/Foundation/Http/Middleware/TransformsRequest->handle(Object(Illuminate/Http/Request), Object(Closure))
#41 D:/projetos/estudo/loop-lab/vendor/laravel/framework/src/Illuminate/Pipeline/Pipeline.php(219): Illuminate/Foundation/Http/Middleware/ConvertEmptyStringsToNull->handle(Object(Illuminate/Http/Request), Object(Closure))
#42 D:/projetos/estudo/loop-lab/vendor/laravel/framework/src/Illuminate/Foundation/Http/Middleware/TransformsRequest.php(21): Illuminate/Pipeline/Pipeline->Illuminate/Pipeline/{closure}(Object(Illuminate/Http/Request))
#43 D:/projetos/estudo/loop-lab/vendor/laravel/framework/src/Illuminate/Foundation/Http/Middleware/TrimStrings.php(51): Illuminate/Foundation/Http/Middleware/TransformsRequest->handle(Object(Illuminate/Http/Request), Object(Closure))
#44 D:/projetos/estudo/loop-lab/vendor/laravel/framework/src/Illuminate/Pipeline/Pipeline.php(219): Illuminate/Foundation/Http/Middleware/TrimStrings->handle(Object(Illuminate/Http/Request), Object(Closure))
#45 D:/projetos/estudo/loop-lab/vendor/laravel/framework/src/Illuminate/Http/Middleware/ValidatePostSize.php(27): Illuminate/Pipeline/Pipeline->Illuminate/Pipeline/{closure}(Object(Illuminate/Http/Request))
#46 D:/projetos/estudo/loop-lab/vendor/laravel/framework/src/Illuminate/Pipeline/Pipeline.php(219): Illuminate/Http/Middleware/ValidatePostSize->handle(Object(Illuminate/Http/Request), Object(Closure))
#47 D:/projetos/estudo/loop-lab/vendor/laravel/framework/src/Illuminate/Foundation/Http/Middleware/PreventRequestsDuringMaintenance.php(109): Illuminate/Pipeline/Pipeline->Illuminate/Pipeline/{closure}(Object(Illuminate/Http/Request))
#48 D:/projetos/estudo/loop-lab/vendor/laravel/framework/src/Illuminate/Pipeline/Pipeline.php(219): Illuminate/Foundation/Http/Middleware/PreventRequestsDuringMaintenance->handle(Object(Illuminate/Http/Request), Object(Closure))
#49 D:/projetos/estudo/loop-lab/vendor/laravel/framework/src/Illuminate/Http/Middleware/HandleCors.php(61): Illuminate/Pipeline/Pipeline->Illuminate/Pipeline/{closure}(Object(Illuminate/Http/Request))
#50 D:/projetos/estudo/loop-lab/vendor/laravel/framework/src/Illuminate/Pipeline/Pipeline.php(219): Illuminate/Http/Middleware/HandleCors->handle(Object(Illuminate/Http/Request), Object(Closure))
#51 D:/projetos/estudo/loop-lab/vendor/laravel/framework/src/Illuminate/Http/Middleware/TrustProxies.php(58): Illuminate/Pipeline/Pipeline->Illuminate/Pipeline/{closure}(Object(Illuminate/Http/Request))
#52 D:/projetos/estudo/loop-lab/vendor/laravel/framework/src/Illuminate/Pipeline/Pipeline.php(219): Illuminate/Http/Middleware/TrustProxies->handle(Object(Illuminate/Http/Request), Object(Closure))
#53 D:/projetos/estudo/loop-lab/vendor/laravel/framework/src/Illuminate/Foundation/Http/Middleware/InvokeDeferredCallbacks.php(22): Illuminate/Pipeline/Pipeline->Illuminate/Pipeline/{closure}(Object(Illuminate/Http/Request))
#54 D:/projetos/estudo/loop-lab/vendor/laravel/framework/src/Illuminate/Pipeline/Pipeline.php(219): Illuminate/Foundation/Http/Middleware/InvokeDeferredCallbacks->handle(Object(Illuminate/Http/Request), Object(Closure))
#55 D:/projetos/estudo/loop-lab/vendor/laravel/framework/src/Illuminate/Http/Middleware/ValidatePathEncoding.php(28): Illuminate/Pipeline/Pipeline->Illuminate/Pipeline/{closure}(Object(Illuminate/Http/Request))
#56 D:/projetos/estudo/loop-lab/vendor/laravel/framework/src/Illuminate/Pipeline/Pipeline.php(219): Illuminate/Http/Middleware/ValidatePathEncoding->handle(Object(Illuminate/Http/Request), Object(Closure))
#57 D:/projetos/estudo/loop-lab/vendor/laravel/framework/src/Illuminate/Pipeline/Pipeline.php(137): Illuminate/Pipeline/Pipeline->Illuminate/Pipeline/{closure}(Object(Illuminate/Http/Request))
#58 D:/projetos/estudo/loop-lab/vendor/laravel/framework/src/Illuminate/Foundation/Http/Kernel.php(175): Illuminate/Pipeline/Pipeline->then(Object(Closure))
#59 D:/projetos/estudo/loop-lab/vendor/laravel/framework/src/Illuminate/Foundation/Http/Kernel.php(144): Illuminate/Foundation/Http/Kernel->sendRequestThroughRouter(Object(Illuminate/Http/Request))
#60 D:/projetos/estudo/loop-lab/vendor/laravel/framework/src/Illuminate/Foundation/Testing/Concerns/MakesHttpRequests.php(638): Illuminate/Foundation/Http/Kernel->handle(Object(Illuminate/Http/Request))
#61 D:/projetos/estudo/loop-lab/vendor/laravel/framework/src/Illuminate/Foundation/Testing/Concerns/MakesHttpRequests.php(604): Illuminate/Foundation/Testing/TestCase->call('POST', 'http://localhos...', Array, Array, Array, Array, '{\"code\":\"B\"}')
#62 D:/projetos/estudo/loop-lab/vendor/laravel/framework/src/Illuminate/Foundation/Testing/Concerns/MakesHttpRequests.php(411): Illuminate/Foundation/Testing/TestCase->json('POST', 'http://localhos...', Array, Array, 0)
#63 D:/projetos/estudo/loop-lab/tests/Feature/LearningFlowTest.php(150): Illuminate/Foundation/Testing/TestCase->postJson('http://localhos...', Array)
#64 D:/projetos/estudo/loop-lab/vendor/phpunit/phpunit/src/Framework/TestCase.php(1318): Tests/Feature/LearningFlowTest->test_prediction_exercise_can_be_answered()
#65 D:/projetos/estudo/loop-lab/vendor/phpunit/phpunit/src/Framework/TestCase.php(1355): PHPUnit/Framework/TestCase->invokeTestMethod('test_prediction...', Array)
#66 D:/projetos/estudo/loop-lab/vendor/phpunit/phpunit/src/Framework/TestCase.php(521): PHPUnit/Framework/TestCase->runTest()
#67 D:/projetos/estudo/loop-lab/vendor/phpunit/phpunit/src/Framework/TestRunner/TestRunner.php(99): PHPUnit/Framework/TestCase->runBare()
#68 D:/projetos/estudo/loop-lab/vendor/phpunit/phpunit/src/Framework/TestCase.php(361): PHPUnit/Framework/TestRunner->run(Object(Tests/Feature/LearningFlowTest))
#69 D:/projetos/estudo/loop-lab/vendor/phpunit/phpunit/src/Framework/TestSuite.php(374): PHPUnit/Framework/TestCase->run()
#70 D:/projetos/estudo/loop-lab/vendor/phpunit/phpunit/src/Framework/TestSuite.php(374): PHPUnit/Framework/TestSuite->run()
#71 D:/projetos/estudo/loop-lab/vendor/phpunit/phpunit/src/Framework/TestSuite.php(374): PHPUnit/Framework/TestSuite->run()
#72 D:/projetos/estudo/loop-lab/vendor/phpunit/phpunit/src/TextUI/TestRunner.php(64): PHPUnit/Framework/TestSuite->run()
#73 D:/projetos/estudo/loop-lab/vendor/phpunit/phpunit/src/TextUI/Application.php(229): PHPUnit/TextUI/TestRunner->run(Object(PHPUnit/TextUI/Configuration/Configuration), Object(PHPUnit/Runner/ResultCache/DefaultResultCache), Object(PHPUnit/Framework/TestSuite))
#74 D:/projetos/estudo/loop-lab/vendor/phpunit/phpunit/phpunit(104): PHPUnit/TextUI/Application->run(Array)
#75 {main}
"} 
[2026-08-13 19:59:44] testing.ERROR: syntax error, unexpected token "endif" (View: D:\projetos\estudo\loop-lab\resources\views\lesson.blade.php) {"exception":"[object] (Illuminate\\View\\ViewException(code: 0): syntax error, unexpected token \"endif\" (View: D:\\projetos\\estudo\\loop-lab\\resources\\views\\lesson.blade.php) at D:/projetos/estudo/loop-lab/storage/framework/views/6da633c87c8abf00aa35729240175b5f.php:65)
[stacktrace]
#0 D:/projetos/estudo/loop-lab/vendor/laravel/framework/src/Illuminate/View/Engines/PhpEngine.php(59): Illuminate/View/Engines/CompilerEngine->handleViewException(Object(ParseError), 1)
#1 D:/projetos/estudo/loop-lab/vendor/laravel/framework/src/Illuminate/View/Engines/CompilerEngine.php(76): Illuminate/View/Engines/PhpEngine->evaluatePath('D://projetos//est...', Array)
#2 D:/projetos/estudo/loop-lab/vendor/laravel/framework/src/Illuminate/View/View.php(208): Illuminate/View/Engines/CompilerEngine->get('D://projetos//est...', Array)
#3 D:/projetos/estudo/loop-lab/vendor/laravel/framework/src/Illuminate/View/View.php(191): Illuminate/View/View->getContents()
#4 D:/projetos/estudo/loop-lab/vendor/laravel/framework/src/Illuminate/View/View.php(160): Illuminate/View/View->renderContents()
#5 D:/projetos/estudo/loop-lab/vendor/laravel/framework/src/Illuminate/Http/Response.php(82): Illuminate/View/View->render()
#6 D:/projetos/estudo/loop-lab/vendor/laravel/framework/src/Illuminate/Http/Response.php(40): Illuminate/Http/Response->setContent(Object(Illuminate/View/View))
#7 D:/projetos/estudo/loop-lab/vendor/laravel/framework/src/Illuminate/Routing/Router.php(939): Illuminate/Http/Response->__construct(Object(Illuminate/View/View), 200, Array)
#8 D:/projetos/estudo/loop-lab/vendor/laravel/framework/src/Illuminate/Routing/Router.php(906): Illuminate/Routing/Router::toResponse(Object(Illuminate/Http/Request), Object(Illuminate/View/View))
#9 D:/projetos/estudo/loop-lab/vendor/laravel/framework/src/Illuminate/Routing/Router.php(821): Illuminate/Routing/Router->prepareResponse(Object(Illuminate/Http/Request), Object(Illuminate/View/View))
#10 D:/projetos/estudo/loop-lab/vendor/laravel/framework/src/Illuminate/Pipeline/Pipeline.php(180): Illuminate/Routing/Router->Illuminate/Routing/{closure}(Object(Illuminate/Http/Request))
#11 D:/projetos/estudo/loop-lab/vendor/laravel/framework/src/Illuminate/Routing/Middleware/SubstituteBindings.php(52): Illuminate/Pipeline/Pipeline->Illuminate/Pipeline/{closure}(Object(Illuminate/Http/Request))
#12 D:/projetos/estudo/loop-lab/vendor/laravel/framework/src/Illuminate/Pipeline/Pipeline.php(219): Illuminate/Routing/Middleware/SubstituteBindings->handle(Object(Illuminate/Http/Request), Object(Closure))
#13 D:/projetos/estudo/loop-lab/vendor/laravel/framework/src/Illuminate/Foundation/Http/Middleware/PreventRequestForgery.php(104): Illuminate/Pipeline/Pipeline->Illuminate/Pipeline/{closure}(Object(Illuminate/Http/Request))
#14 D:/projetos/estudo/loop-lab/vendor/laravel/framework/src/Illuminate/Pipeline/Pipeline.php(219): Illuminate/Foundation/Http/Middleware/PreventRequestForgery->handle(Object(Illuminate/Http/Request), Object(Closure))
#15 D:/projetos/estudo/loop-lab/vendor/laravel/framework/src/Illuminate/View/Middleware/ShareErrorsFromSession.php(48): Illuminate/Pipeline/Pipeline->Illuminate/Pipeline/{closure}(Object(Illuminate/Http/Request))
#16 D:/projetos/estudo/loop-lab/vendor/laravel/framework/src/Illuminate/Pipeline/Pipeline.php(219): Illuminate/View/Middleware/ShareErrorsFromSession->handle(Object(Illuminate/Http/Request), Object(Closure))
#17 D:/projetos/estudo/loop-lab/vendor/laravel/framework/src/Illuminate/Session/Middleware/StartSession.php(120): Illuminate/Pipeline/Pipeline->Illuminate/Pipeline/{closure}(Object(Illuminate/Http/Request))
#18 D:/projetos/estudo/loop-lab/vendor/laravel/framework/src/Illuminate/Session/Middleware/StartSession.php(63): Illuminate/Session/Middleware/StartSession->handleStatefulRequest(Object(Illuminate/Http/Request), Object(Illuminate/Session/Store), Object(Closure))
#19 D:/projetos/estudo/loop-lab/vendor/laravel/framework/src/Illuminate/Pipeline/Pipeline.php(219): Illuminate/Session/Middleware/StartSession->handle(Object(Illuminate/Http/Request), Object(Closure))
#20 D:/projetos/estudo/loop-lab/vendor/laravel/framework/src/Illuminate/Cookie/Middleware/AddQueuedCookiesToResponse.php(36): Illuminate/Pipeline/Pipeline->Illuminate/Pipeline/{closure}(Object(Illuminate/Http/Request))
#21 D:/projetos/estudo/loop-lab/vendor/laravel/framework/src/Illuminate/Pipeline/Pipeline.php(219): Illuminate/Cookie/Middleware/AddQueuedCookiesToResponse->handle(Object(Illuminate/Http/Request), Object(Closure))
#22 D:/projetos/estudo/loop-lab/vendor/laravel/framework/src/Illuminate/Cookie/Middleware/EncryptCookies.php(74): Illuminate/Pipeline/Pipeline->Illuminate/Pipeline/{closure}(Object(Illuminate/Http/Request))
#23 D:/projetos/estudo/loop-lab/vendor/laravel/framework/src/Illuminate/Pipeline/Pipeline.php(219): Illuminate/Cookie/Middleware/EncryptCookies->handle(Object(Illuminate/Http/Request), Object(Closure))
#24 D:/projetos/estudo/loop-lab/vendor/laravel/framework/src/Illuminate/Pipeline/Pipeline.php(137): Illuminate/Pipeline/Pipeline->Illuminate/Pipeline/{closure}(Object(Illuminate/Http/Request))
#25 D:/projetos/estudo/loop-lab/vendor/laravel/framework/src/Illuminate/Routing/Router.php(821): Illuminate/Pipeline/Pipeline->then(Object(Closure))
#26 D:/projetos/estudo/loop-lab/vendor/laravel/framework/src/Illuminate/Routing/Router.php(800): Illuminate/Routing/Router->runRouteWithinStack(Object(Illuminate/Routing/Route), Object(Illuminate/Http/Request))
#27 D:/projetos/estudo/loop-lab/vendor/laravel/framework/src/Illuminate/Routing/Router.php(764): Illuminate/Routing/Router->runRoute(Object(Illuminate/Http/Request), Object(Illuminate/Routing/Route))
#28 D:/projetos/estudo/loop-lab/vendor/laravel/framework/src/Illuminate/Routing/Router.php(753): Illuminate/Routing/Router->dispatchToRoute(Object(Illuminate/Http/Request))
#29 D:/projetos/estudo/loop-lab/vendor/laravel/framework/src/Illuminate/Foundation/Http/Kernel.php(200): Illuminate/Routing/Router->dispatch(Object(Illuminate/Http/Request))
#30 D:/projetos/estudo/loop-lab/vendor/laravel/framework/src/Illuminate/Pipeline/Pipeline.php(180): Illuminate/Foundation/Http/Kernel->Illuminate/Foundation/Http/{closure}(Object(Illuminate/Http/Request))
#31 D:/projetos/estudo/loop-lab/vendor/laravel/framework/src/Illuminate/Foundation/Http/Middleware/TransformsRequest.php(21): Illuminate/Pipeline/Pipeline->Illuminate/Pipeline/{closure}(Object(Illuminate/Http/Request))
#32 D:/projetos/estudo/loop-lab/vendor/laravel/framework/src/Illuminate/Foundation/Http/Middleware/ConvertEmptyStringsToNull.php(31): Illuminate/Foundation/Http/Middleware/TransformsRequest->handle(Object(Illuminate/Http/Request), Object(Closure))
#33 D:/projetos/estudo/loop-lab/vendor/laravel/framework/src/Illuminate/Pipeline/Pipeline.php(219): Illuminate/Foundation/Http/Middleware/ConvertEmptyStringsToNull->handle(Object(Illuminate/Http/Request), Object(Closure))
#34 D:/projetos/estudo/loop-lab/vendor/laravel/framework/src/Illuminate/Foundation/Http/Middleware/TransformsRequest.php(21): Illuminate/Pipeline/Pipeline->Illuminate/Pipeline/{closure}(Object(Illuminate/Http/Request))
#35 D:/projetos/estudo/loop-lab/vendor/laravel/framework/src/Illuminate/Foundation/Http/Middleware/TrimStrings.php(51): Illuminate/Foundation/Http/Middleware/TransformsRequest->handle(Object(Illuminate/Http/Request), Object(Closure))
#36 D:/projetos/estudo/loop-lab/vendor/laravel/framework/src/Illuminate/Pipeline/Pipeline.php(219): Illuminate/Foundation/Http/Middleware/TrimStrings->handle(Object(Illuminate/Http/Request), Object(Closure))
#37 D:/projetos/estudo/loop-lab/vendor/laravel/framework/src/Illuminate/Http/Middleware/ValidatePostSize.php(27): Illuminate/Pipeline/Pipeline->Illuminate/Pipeline/{closure}(Object(Illuminate/Http/Request))
#38 D:/projetos/estudo/loop-lab/vendor/laravel/framework/src/Illuminate/Pipeline/Pipeline.php(219): Illuminate/Http/Middleware/ValidatePostSize->handle(Object(Illuminate/Http/Request), Object(Closure))
#39 D:/projetos/estudo/loop-lab/vendor/laravel/framework/src/Illuminate/Foundation/Http/Middleware/PreventRequestsDuringMaintenance.php(109): Illuminate/Pipeline/Pipeline->Illuminate/Pipeline/{closure}(Object(Illuminate/Http/Request))
#40 D:/projetos/estudo/loop-lab/vendor/laravel/framework/src/Illuminate/Pipeline/Pipeline.php(219): Illuminate/Foundation/Http/Middleware/PreventRequestsDuringMaintenance->handle(Object(Illuminate/Http/Request), Object(Closure))
#41 D:/projetos/estudo/loop-lab/vendor/laravel/framework/src/Illuminate/Http/Middleware/HandleCors.php(61): Illuminate/Pipeline/Pipeline->Illuminate/Pipeline/{closure}(Object(Illuminate/Http/Request))
#42 D:/projetos/estudo/loop-lab/vendor/laravel/framework/src/Illuminate/Pipeline/Pipeline.php(219): Illuminate/Http/Middleware/HandleCors->handle(Object(Illuminate/Http/Request), Object(Closure))
#43 D:/projetos/estudo/loop-lab/vendor/laravel/framework/src/Illuminate/Http/Middleware/TrustProxies.php(58): Illuminate/Pipeline/Pipeline->Illuminate/Pipeline/{closure}(Object(Illuminate/Http/Request))
#44 D:/projetos/estudo/loop-lab/vendor/laravel/framework/src/Illuminate/Pipeline/Pipeline.php(219): Illuminate/Http/Middleware/TrustProxies->handle(Object(Illuminate/Http/Request), Object(Closure))
#45 D:/projetos/estudo/loop-lab/vendor/laravel/framework/src/Illuminate/Foundation/Http/Middleware/InvokeDeferredCallbacks.php(22): Illuminate/Pipeline/Pipeline->Illuminate/Pipeline/{closure}(Object(Illuminate/Http/Request))
#46 D:/projetos/estudo/loop-lab/vendor/laravel/framework/src/Illuminate/Pipeline/Pipeline.php(219): Illuminate/Foundation/Http/Middleware/InvokeDeferredCallbacks->handle(Object(Illuminate/Http/Request), Object(Closure))
#47 D:/projetos/estudo/loop-lab/vendor/laravel/framework/src/Illuminate/Http/Middleware/ValidatePathEncoding.php(28): Illuminate/Pipeline/Pipeline->Illuminate/Pipeline/{closure}(Object(Illuminate/Http/Request))
#48 D:/projetos/estudo/loop-lab/vendor/laravel/framework/src/Illuminate/Pipeline/Pipeline.php(219): Illuminate/Http/Middleware/ValidatePathEncoding->handle(Object(Illuminate/Http/Request), Object(Closure))
#49 D:/projetos/estudo/loop-lab/vendor/laravel/framework/src/Illuminate/Pipeline/Pipeline.php(137): Illuminate/Pipeline/Pipeline->Illuminate/Pipeline/{closure}(Object(Illuminate/Http/Request))
#50 D:/projetos/estudo/loop-lab/vendor/laravel/framework/src/Illuminate/Foundation/Http/Kernel.php(175): Illuminate/Pipeline/Pipeline->then(Object(Closure))
#51 D:/projetos/estudo/loop-lab/vendor/laravel/framework/src/Illuminate/Foundation/Http/Kernel.php(144): Illuminate/Foundation/Http/Kernel->sendRequestThroughRouter(Object(Illuminate/Http/Request))
#52 D:/projetos/estudo/loop-lab/vendor/laravel/framework/src/Illuminate/Foundation/Testing/Concerns/MakesHttpRequests.php(638): Illuminate/Foundation/Http/Kernel->handle(Object(Illuminate/Http/Request))
#53 D:/projetos/estudo/loop-lab/vendor/laravel/framework/src/Illuminate/Foundation/Testing/Concerns/MakesHttpRequests.php(368): Illuminate/Foundation/Testing/TestCase->call('GET', '/aulas/loop-for', Array, Array, Array, Array)
#54 D:/projetos/estudo/loop-lab/tests/Feature/LearningFlowTest.php(187): Illuminate/Foundation/Testing/TestCase->get('/aulas/loop-for')
#55 D:/projetos/estudo/loop-lab/vendor/phpunit/phpunit/src/Framework/TestCase.php(1318): Tests/Feature/LearningFlowTest->test_editor_supports_tab_shift_tab_and_single_delegated_handler()
#56 D:/projetos/estudo/loop-lab/vendor/phpunit/phpunit/src/Framework/TestCase.php(1355): PHPUnit/Framework/TestCase->invokeTestMethod('test_editor_sup...', Array)
#57 D:/projetos/estudo/loop-lab/vendor/phpunit/phpunit/src/Framework/TestCase.php(521): PHPUnit/Framework/TestCase->runTest()
#58 D:/projetos/estudo/loop-lab/vendor/phpunit/phpunit/src/Framework/TestRunner/TestRunner.php(99): PHPUnit/Framework/TestCase->runBare()
#59 D:/projetos/estudo/loop-lab/vendor/phpunit/phpunit/src/Framework/TestCase.php(361): PHPUnit/Framework/TestRunner->run(Object(Tests/Feature/LearningFlowTest))
#60 D:/projetos/estudo/loop-lab/vendor/phpunit/phpunit/src/Framework/TestSuite.php(374): PHPUnit/Framework/TestCase->run()
#61 D:/projetos/estudo/loop-lab/vendor/phpunit/phpunit/src/Framework/TestSuite.php(374): PHPUnit/Framework/TestSuite->run()
#62 D:/projetos/estudo/loop-lab/vendor/phpunit/phpunit/src/Framework/TestSuite.php(374): PHPUnit/Framework/TestSuite->run()
#63 D:/projetos/estudo/loop-lab/vendor/phpunit/phpunit/src/TextUI/TestRunner.php(64): PHPUnit/Framework/TestSuite->run()
#64 D:/projetos/estudo/loop-lab/vendor/phpunit/phpunit/src/TextUI/Application.php(229): PHPUnit/TextUI/TestRunner->run(Object(PHPUnit/TextUI/Configuration/Configuration), Object(PHPUnit/Runner/ResultCache/DefaultResultCache), Object(PHPUnit/Framework/TestSuite))
#65 D:/projetos/estudo/loop-lab/vendor/phpunit/phpunit/phpunit(104): PHPUnit/TextUI/Application->run(Array)
#66 {main}

[previous exception] [object] (ParseError(code: 0): syntax error, unexpected token \"endif\" at D:/projetos/estudo/loop-lab/storage/framework/views/6da633c87c8abf00aa35729240175b5f.php:65)
[stacktrace]
#0 D:/projetos/estudo/loop-lab/vendor/laravel/framework/src/Illuminate/Filesystem/Filesystem.php(124): Illuminate/Filesystem/Filesystem::Illuminate/Filesystem/{closure}()
#1 D:/projetos/estudo/loop-lab/vendor/laravel/framework/src/Illuminate/View/Engines/PhpEngine.php(57): Illuminate/Filesystem/Filesystem->getRequire('D://projetos//est...', Array)
#2 D:/projetos/estudo/loop-lab/vendor/laravel/framework/src/Illuminate/View/Engines/CompilerEngine.php(76): Illuminate/View/Engines/PhpEngine->evaluatePath('D://projetos//est...', Array)
#3 D:/projetos/estudo/loop-lab/vendor/laravel/framework/src/Illuminate/View/View.php(208): Illuminate/View/Engines/CompilerEngine->get('D://projetos//est...', Array)
#4 D:/projetos/estudo/loop-lab/vendor/laravel/framework/src/Illuminate/View/View.php(191): Illuminate/View/View->getContents()
#5 D:/projetos/estudo/loop-lab/vendor/laravel/framework/src/Illuminate/View/View.php(160): Illuminate/View/View->renderContents()
#6 D:/projetos/estudo/loop-lab/vendor/laravel/framework/src/Illuminate/Http/Response.php(82): Illuminate/View/View->render()
#7 D:/projetos/estudo/loop-lab/vendor/laravel/framework/src/Illuminate/Http/Response.php(40): Illuminate/Http/Response->setContent(Object(Illuminate/View/View))
#8 D:/projetos/estudo/loop-lab/vendor/laravel/framework/src/Illuminate/Routing/Router.php(939): Illuminate/Http/Response->__construct(Object(Illuminate/View/View), 200, Array)
#9 D:/projetos/estudo/loop-lab/vendor/laravel/framework/src/Illuminate/Routing/Router.php(906): Illuminate/Routing/Router::toResponse(Object(Illuminate/Http/Request), Object(Illuminate/View/View))
#10 D:/projetos/estudo/loop-lab/vendor/laravel/framework/src/Illuminate/Routing/Router.php(821): Illuminate/Routing/Router->prepareResponse(Object(Illuminate/Http/Request), Object(Illuminate/View/View))
#11 D:/projetos/estudo/loop-lab/vendor/laravel/framework/src/Illuminate/Pipeline/Pipeline.php(180): Illuminate/Routing/Router->Illuminate/Routing/{closure}(Object(Illuminate/Http/Request))
#12 D:/projetos/estudo/loop-lab/vendor/laravel/framework/src/Illuminate/Routing/Middleware/SubstituteBindings.php(52): Illuminate/Pipeline/Pipeline->Illuminate/Pipeline/{closure}(Object(Illuminate/Http/Request))
#13 D:/projetos/estudo/loop-lab/vendor/laravel/framework/src/Illuminate/Pipeline/Pipeline.php(219): Illuminate/Routing/Middleware/SubstituteBindings->handle(Object(Illuminate/Http/Request), Object(Closure))
#14 D:/projetos/estudo/loop-lab/vendor/laravel/framework/src/Illuminate/Foundation/Http/Middleware/PreventRequestForgery.php(104): Illuminate/Pipeline/Pipeline->Illuminate/Pipeline/{closure}(Object(Illuminate/Http/Request))
#15 D:/projetos/estudo/loop-lab/vendor/laravel/framework/src/Illuminate/Pipeline/Pipeline.php(219): Illuminate/Foundation/Http/Middleware/PreventRequestForgery->handle(Object(Illuminate/Http/Request), Object(Closure))
#16 D:/projetos/estudo/loop-lab/vendor/laravel/framework/src/Illuminate/View/Middleware/ShareErrorsFromSession.php(48): Illuminate/Pipeline/Pipeline->Illuminate/Pipeline/{closure}(Object(Illuminate/Http/Request))
#17 D:/projetos/estudo/loop-lab/vendor/laravel/framework/src/Illuminate/Pipeline/Pipeline.php(219): Illuminate/View/Middleware/ShareErrorsFromSession->handle(Object(Illuminate/Http/Request), Object(Closure))
#18 D:/projetos/estudo/loop-lab/vendor/laravel/framework/src/Illuminate/Session/Middleware/StartSession.php(120): Illuminate/Pipeline/Pipeline->Illuminate/Pipeline/{closure}(Object(Illuminate/Http/Request))
#19 D:/projetos/estudo/loop-lab/vendor/laravel/framework/src/Illuminate/Session/Middleware/StartSession.php(63): Illuminate/Session/Middleware/StartSession->handleStatefulRequest(Object(Illuminate/Http/Request), Object(Illuminate/Session/Store), Object(Closure))
#20 D:/projetos/estudo/loop-lab/vendor/laravel/framework/src/Illuminate/Pipeline/Pipeline.php(219): Illuminate/Session/Middleware/StartSession->handle(Object(Illuminate/Http/Request), Object(Closure))
#21 D:/projetos/estudo/loop-lab/vendor/laravel/framework/src/Illuminate/Cookie/Middleware/AddQueuedCookiesToResponse.php(36): Illuminate/Pipeline/Pipeline->Illuminate/Pipeline/{closure}(Object(Illuminate/Http/Request))
#22 D:/projetos/estudo/loop-lab/vendor/laravel/framework/src/Illuminate/Pipeline/Pipeline.php(219): Illuminate/Cookie/Middleware/AddQueuedCookiesToResponse->handle(Object(Illuminate/Http/Request), Object(Closure))
#23 D:/projetos/estudo/loop-lab/vendor/laravel/framework/src/Illuminate/Cookie/Middleware/EncryptCookies.php(74): Illuminate/Pipeline/Pipeline->Illuminate/Pipeline/{closure}(Object(Illuminate/Http/Request))
#24 D:/projetos/estudo/loop-lab/vendor/laravel/framework/src/Illuminate/Pipeline/Pipeline.php(219): Illuminate/Cookie/Middleware/EncryptCookies->handle(Object(Illuminate/Http/Request), Object(Closure))
#25 D:/projetos/estudo/loop-lab/vendor/laravel/framework/src/Illuminate/Pipeline/Pipeline.php(137): Illuminate/Pipeline/Pipeline->Illuminate/Pipeline/{closure}(Object(Illuminate/Http/Request))
#26 D:/projetos/estudo/loop-lab/vendor/laravel/framework/src/Illuminate/Routing/Router.php(821): Illuminate/Pipeline/Pipeline->then(Object(Closure))
#27 D:/projetos/estudo/loop-lab/vendor/laravel/framework/src/Illuminate/Routing/Router.php(800): Illuminate/Routing/Router->runRouteWithinStack(Object(Illuminate/Routing/Route), Object(Illuminate/Http/Request))
#28 D:/projetos/estudo/loop-lab/vendor/laravel/framework/src/Illuminate/Routing/Router.php(764): Illuminate/Routing/Router->runRoute(Object(Illuminate/Http/Request), Object(Illuminate/Routing/Route))
#29 D:/projetos/estudo/loop-lab/vendor/laravel/framework/src/Illuminate/Routing/Router.php(753): Illuminate/Routing/Router->dispatchToRoute(Object(Illuminate/Http/Request))
#30 D:/projetos/estudo/loop-lab/vendor/laravel/framework/src/Illuminate/Foundation/Http/Kernel.php(200): Illuminate/Routing/Router->dispatch(Object(Illuminate/Http/Request))
#31 D:/projetos/estudo/loop-lab/vendor/laravel/framework/src/Illuminate/Pipeline/Pipeline.php(180): Illuminate/Foundation/Http/Kernel->Illuminate/Foundation/Http/{closure}(Object(Illuminate/Http/Request))
#32 D:/projetos/estudo/loop-lab/vendor/laravel/framework/src/Illuminate/Foundation/Http/Middleware/TransformsRequest.php(21): Illuminate/Pipeline/Pipeline->Illuminate/Pipeline/{closure}(Object(Illuminate/Http/Request))
#33 D:/projetos/estudo/loop-lab/vendor/laravel/framework/src/Illuminate/Foundation/Http/Middleware/ConvertEmptyStringsToNull.php(31): Illuminate/Foundation/Http/Middleware/TransformsRequest->handle(Object(Illuminate/Http/Request), Object(Closure))
#34 D:/projetos/estudo/loop-lab/vendor/laravel/framework/src/Illuminate/Pipeline/Pipeline.php(219): Illuminate/Foundation/Http/Middleware/ConvertEmptyStringsToNull->handle(Object(Illuminate/Http/Request), Object(Closure))
#35 D:/projetos/estudo/loop-lab/vendor/laravel/framework/src/Illuminate/Foundation/Http/Middleware/TransformsRequest.php(21): Illuminate/Pipeline/Pipeline->Illuminate/Pipeline/{closure}(Object(Illuminate/Http/Request))
#36 D:/projetos/estudo/loop-lab/vendor/laravel/framework/src/Illuminate/Foundation/Http/Middleware/TrimStrings.php(51): Illuminate/Foundation/Http/Middleware/TransformsRequest->handle(Object(Illuminate/Http/Request), Object(Closure))
#37 D:/projetos/estudo/loop-lab/vendor/laravel/framework/src/Illuminate/Pipeline/Pipeline.php(219): Illuminate/Foundation/Http/Middleware/TrimStrings->handle(Object(Illuminate/Http/Request), Object(Closure))
#38 D:/projetos/estudo/loop-lab/vendor/laravel/framework/src/Illuminate/Http/Middleware/ValidatePostSize.php(27): Illuminate/Pipeline/Pipeline->Illuminate/Pipeline/{closure}(Object(Illuminate/Http/Request))
#39 D:/projetos/estudo/loop-lab/vendor/laravel/framework/src/Illuminate/Pipeline/Pipeline.php(219): Illuminate/Http/Middleware/ValidatePostSize->handle(Object(Illuminate/Http/Request), Object(Closure))
#40 D:/projetos/estudo/loop-lab/vendor/laravel/framework/src/Illuminate/Foundation/Http/Middleware/PreventRequestsDuringMaintenance.php(109): Illuminate/Pipeline/Pipeline->Illuminate/Pipeline/{closure}(Object(Illuminate/Http/Request))
#41 D:/projetos/estudo/loop-lab/vendor/laravel/framework/src/Illuminate/Pipeline/Pipeline.php(219): Illuminate/Foundation/Http/Middleware/PreventRequestsDuringMaintenance->handle(Object(Illuminate/Http/Request), Object(Closure))
#42 D:/projetos/estudo/loop-lab/vendor/laravel/framework/src/Illuminate/Http/Middleware/HandleCors.php(61): Illuminate/Pipeline/Pipeline->Illuminate/Pipeline/{closure}(Object(Illuminate/Http/Request))
#43 D:/projetos/estudo/loop-lab/vendor/laravel/framework/src/Illuminate/Pipeline/Pipeline.php(219): Illuminate/Http/Middleware/HandleCors->handle(Object(Illuminate/Http/Request), Object(Closure))
#44 D:/projetos/estudo/loop-lab/vendor/laravel/framework/src/Illuminate/Http/Middleware/TrustProxies.php(58): Illuminate/Pipeline/Pipeline->Illuminate/Pipeline/{closure}(Object(Illuminate/Http/Request))
#45 D:/projetos/estudo/loop-lab/vendor/laravel/framework/src/Illuminate/Pipeline/Pipeline.php(219): Illuminate/Http/Middleware/TrustProxies->handle(Object(Illuminate/Http/Request), Object(Closure))
#46 D:/projetos/estudo/loop-lab/vendor/laravel/framework/src/Illuminate/Foundation/Http/Middleware/InvokeDeferredCallbacks.php(22): Illuminate/Pipeline/Pipeline->Illuminate/Pipeline/{closure}(Object(Illuminate/Http/Request))
#47 D:/projetos/estudo/loop-lab/vendor/laravel/framework/src/Illuminate/Pipeline/Pipeline.php(219): Illuminate/Foundation/Http/Middleware/InvokeDeferredCallbacks->handle(Object(Illuminate/Http/Request), Object(Closure))
#48 D:/projetos/estudo/loop-lab/vendor/laravel/framework/src/Illuminate/Http/Middleware/ValidatePathEncoding.php(28): Illuminate/Pipeline/Pipeline->Illuminate/Pipeline/{closure}(Object(Illuminate/Http/Request))
#49 D:/projetos/estudo/loop-lab/vendor/laravel/framework/src/Illuminate/Pipeline/Pipeline.php(219): Illuminate/Http/Middleware/ValidatePathEncoding->handle(Object(Illuminate/Http/Request), Object(Closure))
#50 D:/projetos/estudo/loop-lab/vendor/laravel/framework/src/Illuminate/Pipeline/Pipeline.php(137): Illuminate/Pipeline/Pipeline->Illuminate/Pipeline/{closure}(Object(Illuminate/Http/Request))
#51 D:/projetos/estudo/loop-lab/vendor/laravel/framework/src/Illuminate/Foundation/Http/Kernel.php(175): Illuminate/Pipeline/Pipeline->then(Object(Closure))
#52 D:/projetos/estudo/loop-lab/vendor/laravel/framework/src/Illuminate/Foundation/Http/Kernel.php(144): Illuminate/Foundation/Http/Kernel->sendRequestThroughRouter(Object(Illuminate/Http/Request))
#53 D:/projetos/estudo/loop-lab/vendor/laravel/framework/src/Illuminate/Foundation/Testing/Concerns/MakesHttpRequests.php(638): Illuminate/Foundation/Http/Kernel->handle(Object(Illuminate/Http/Request))
#54 D:/projetos/estudo/loop-lab/vendor/laravel/framework/src/Illuminate/Foundation/Testing/Concerns/MakesHttpRequests.php(368): Illuminate/Foundation/Testing/TestCase->call('GET', '/aulas/loop-for', Array, Array, Array, Array)
#55 D:/projetos/estudo/loop-lab/tests/Feature/LearningFlowTest.php(187): Illuminate/Foundation/Testing/TestCase->get('/aulas/loop-for')
#56 D:/projetos/estudo/loop-lab/vendor/phpunit/phpunit/src/Framework/TestCase.php(1318): Tests/Feature/LearningFlowTest->test_editor_supports_tab_shift_tab_and_single_delegated_handler()
#57 D:/projetos/estudo/loop-lab/vendor/phpunit/phpunit/src/Framework/TestCase.php(1355): PHPUnit/Framework/TestCase->invokeTestMethod('test_editor_sup...', Array)
#58 D:/projetos/estudo/loop-lab/vendor/phpunit/phpunit/src/Framework/TestCase.php(521): PHPUnit/Framework/TestCase->runTest()
#59 D:/projetos/estudo/loop-lab/vendor/phpunit/phpunit/src/Framework/TestRunner/TestRunner.php(99): PHPUnit/Framework/TestCase->runBare()
#60 D:/projetos/estudo/loop-lab/vendor/phpunit/phpunit/src/Framework/TestCase.php(361): PHPUnit/Framework/TestRunner->run(Object(Tests/Feature/LearningFlowTest))
#61 D:/projetos/estudo/loop-lab/vendor/phpunit/phpunit/src/Framework/TestSuite.php(374): PHPUnit/Framework/TestCase->run()
#62 D:/projetos/estudo/loop-lab/vendor/phpunit/phpunit/src/Framework/TestSuite.php(374): PHPUnit/Framework/TestSuite->run()
#63 D:/projetos/estudo/loop-lab/vendor/phpunit/phpunit/src/Framework/TestSuite.php(374): PHPUnit/Framework/TestSuite->run()
#64 D:/projetos/estudo/loop-lab/vendor/phpunit/phpunit/src/TextUI/TestRunner.php(64): PHPUnit/Framework/TestSuite->run()
#65 D:/projetos/estudo/loop-lab/vendor/phpunit/phpunit/src/TextUI/Application.php(229): PHPUnit/TextUI/TestRunner->run(Object(PHPUnit/TextUI/Configuration/Configuration), Object(PHPUnit/Runner/ResultCache/DefaultResultCache), Object(PHPUnit/Framework/TestSuite))
#66 D:/projetos/estudo/loop-lab/vendor/phpunit/phpunit/phpunit(104): PHPUnit/TextUI/Application->run(Array)
#67 {main}
"} 
[2026-08-13 19:59:58] local.ERROR: syntax error, unexpected token "endif" (View: D:\projetos\estudo\loop-lab\resources\views\lesson.blade.php) {"userId":1,"exception":"[object] (Illuminate\\View\\ViewException(code: 0): syntax error, unexpected token \"endif\" (View: D:\\projetos\\estudo\\loop-lab\\resources\\views\\lesson.blade.php) at D:/projetos/estudo/loop-lab/storage/framework/views/6da633c87c8abf00aa35729240175b5f.php:65)
[stacktrace]
#0 D:/projetos/estudo/loop-lab/vendor/laravel/framework/src/Illuminate/View/Engines/PhpEngine.php(59): Illuminate/View/Engines/CompilerEngine->handleViewException(Object(ParseError), 1)
#1 D:/projetos/estudo/loop-lab/vendor/laravel/framework/src/Illuminate/View/Engines/CompilerEngine.php(76): Illuminate/View/Engines/PhpEngine->evaluatePath('D://projetos//est...', Array)
#2 D:/projetos/estudo/loop-lab/vendor/laravel/framework/src/Illuminate/View/View.php(208): Illuminate/View/Engines/CompilerEngine->get('D://projetos//est...', Array)
#3 D:/projetos/estudo/loop-lab/vendor/laravel/framework/src/Illuminate/View/View.php(191): Illuminate/View/View->getContents()
#4 D:/projetos/estudo/loop-lab/vendor/laravel/framework/src/Illuminate/View/View.php(160): Illuminate/View/View->renderContents()
#5 D:/projetos/estudo/loop-lab/vendor/laravel/framework/src/Illuminate/Http/Response.php(82): Illuminate/View/View->render()
#6 D:/projetos/estudo/loop-lab/vendor/laravel/framework/src/Illuminate/Http/Response.php(40): Illuminate/Http/Response->setContent(Object(Illuminate/View/View))
#7 D:/projetos/estudo/loop-lab/vendor/laravel/framework/src/Illuminate/Routing/Router.php(939): Illuminate/Http/Response->__construct(Object(Illuminate/View/View), 200, Array)
#8 D:/projetos/estudo/loop-lab/vendor/laravel/framework/src/Illuminate/Routing/Router.php(906): Illuminate/Routing/Router::toResponse(Object(Illuminate/Http/Request), Object(Illuminate/View/View))
#9 D:/projetos/estudo/loop-lab/vendor/laravel/framework/src/Illuminate/Routing/Router.php(821): Illuminate/Routing/Router->prepareResponse(Object(Illuminate/Http/Request), Object(Illuminate/View/View))
#10 D:/projetos/estudo/loop-lab/vendor/laravel/framework/src/Illuminate/Pipeline/Pipeline.php(180): Illuminate/Routing/Router->Illuminate/Routing/{closure}(Object(Illuminate/Http/Request))
#11 D:/projetos/estudo/loop-lab/vendor/laravel/framework/src/Illuminate/Routing/Middleware/SubstituteBindings.php(52): Illuminate/Pipeline/Pipeline->Illuminate/Pipeline/{closure}(Object(Illuminate/Http/Request))
#12 D:/projetos/estudo/loop-lab/vendor/laravel/framework/src/Illuminate/Pipeline/Pipeline.php(219): Illuminate/Routing/Middleware/SubstituteBindings->handle(Object(Illuminate/Http/Request), Object(Closure))
#13 D:/projetos/estudo/loop-lab/vendor/laravel/framework/src/Illuminate/Foundation/Http/Middleware/PreventRequestForgery.php(104): Illuminate/Pipeline/Pipeline->Illuminate/Pipeline/{closure}(Object(Illuminate/Http/Request))
#14 D:/projetos/estudo/loop-lab/vendor/laravel/framework/src/Illuminate/Pipeline/Pipeline.php(219): Illuminate/Foundation/Http/Middleware/PreventRequestForgery->handle(Object(Illuminate/Http/Request), Object(Closure))
#15 D:/projetos/estudo/loop-lab/vendor/laravel/framework/src/Illuminate/View/Middleware/ShareErrorsFromSession.php(48): Illuminate/Pipeline/Pipeline->Illuminate/Pipeline/{closure}(Object(Illuminate/Http/Request))
#16 D:/projetos/estudo/loop-lab/vendor/laravel/framework/src/Illuminate/Pipeline/Pipeline.php(219): Illuminate/View/Middleware/ShareErrorsFromSession->handle(Object(Illuminate/Http/Request), Object(Closure))
#17 D:/projetos/estudo/loop-lab/vendor/laravel/framework/src/Illuminate/Session/Middleware/StartSession.php(120): Illuminate/Pipeline/Pipeline->Illuminate/Pipeline/{closure}(Object(Illuminate/Http/Request))
#18 D:/projetos/estudo/loop-lab/vendor/laravel/framework/src/Illuminate/Session/Middleware/StartSession.php(63): Illuminate/Session/Middleware/StartSession->handleStatefulRequest(Object(Illuminate/Http/Request), Object(Illuminate/Session/Store), Object(Closure))
#19 D:/projetos/estudo/loop-lab/vendor/laravel/framework/src/Illuminate/Pipeline/Pipeline.php(219): Illuminate/Session/Middleware/StartSession->handle(Object(Illuminate/Http/Request), Object(Closure))
#20 D:/projetos/estudo/loop-lab/vendor/laravel/framework/src/Illuminate/Cookie/Middleware/AddQueuedCookiesToResponse.php(36): Illuminate/Pipeline/Pipeline->Illuminate/Pipeline/{closure}(Object(Illuminate/Http/Request))
#21 D:/projetos/estudo/loop-lab/vendor/laravel/framework/src/Illuminate/Pipeline/Pipeline.php(219): Illuminate/Cookie/Middleware/AddQueuedCookiesToResponse->handle(Object(Illuminate/Http/Request), Object(Closure))
#22 D:/projetos/estudo/loop-lab/vendor/laravel/framework/src/Illuminate/Cookie/Middleware/EncryptCookies.php(74): Illuminate/Pipeline/Pipeline->Illuminate/Pipeline/{closure}(Object(Illuminate/Http/Request))
#23 D:/projetos/estudo/loop-lab/vendor/laravel/framework/src/Illuminate/Pipeline/Pipeline.php(219): Illuminate/Cookie/Middleware/EncryptCookies->handle(Object(Illuminate/Http/Request), Object(Closure))
#24 D:/projetos/estudo/loop-lab/vendor/laravel/framework/src/Illuminate/Pipeline/Pipeline.php(137): Illuminate/Pipeline/Pipeline->Illuminate/Pipeline/{closure}(Object(Illuminate/Http/Request))
#25 D:/projetos/estudo/loop-lab/vendor/laravel/framework/src/Illuminate/Routing/Router.php(821): Illuminate/Pipeline/Pipeline->then(Object(Closure))
#26 D:/projetos/estudo/loop-lab/vendor/laravel/framework/src/Illuminate/Routing/Router.php(800): Illuminate/Routing/Router->runRouteWithinStack(Object(Illuminate/Routing/Route), Object(Illuminate/Http/Request))
#27 D:/projetos/estudo/loop-lab/vendor/laravel/framework/src/Illuminate/Routing/Router.php(764): Illuminate/Routing/Router->runRoute(Object(Illuminate/Http/Request), Object(Illuminate/Routing/Route))
#28 D:/projetos/estudo/loop-lab/vendor/laravel/framework/src/Illuminate/Routing/Router.php(753): Illuminate/Routing/Router->dispatchToRoute(Object(Illuminate/Http/Request))
#29 D:/projetos/estudo/loop-lab/vendor/laravel/framework/src/Illuminate/Foundation/Http/Kernel.php(200): Illuminate/Routing/Router->dispatch(Object(Illuminate/Http/Request))
#30 D:/projetos/estudo/loop-lab/vendor/laravel/framework/src/Illuminate/Pipeline/Pipeline.php(180): Illuminate/Foundation/Http/Kernel->Illuminate/Foundation/Http/{closure}(Object(Illuminate/Http/Request))
#31 D:/projetos/estudo/loop-lab/vendor/laravel/framework/src/Illuminate/Foundation/Http/Middleware/TransformsRequest.php(21): Illuminate/Pipeline/Pipeline->Illuminate/Pipeline/{closure}(Object(Illuminate/Http/Request))
#32 D:/projetos/estudo/loop-lab/vendor/laravel/framework/src/Illuminate/Foundation/Http/Middleware/ConvertEmptyStringsToNull.php(31): Illuminate/Foundation/Http/Middleware/TransformsRequest->handle(Object(Illuminate/Http/Request), Object(Closure))
#33 D:/projetos/estudo/loop-lab/vendor/laravel/framework/src/Illuminate/Pipeline/Pipeline.php(219): Illuminate/Foundation/Http/Middleware/ConvertEmptyStringsToNull->handle(Object(Illuminate/Http/Request), Object(Closure))
#34 D:/projetos/estudo/loop-lab/vendor/laravel/framework/src/Illuminate/Foundation/Http/Middleware/TransformsRequest.php(21): Illuminate/Pipeline/Pipeline->Illuminate/Pipeline/{closure}(Object(Illuminate/Http/Request))
#35 D:/projetos/estudo/loop-lab/vendor/laravel/framework/src/Illuminate/Foundation/Http/Middleware/TrimStrings.php(51): Illuminate/Foundation/Http/Middleware/TransformsRequest->handle(Object(Illuminate/Http/Request), Object(Closure))
#36 D:/projetos/estudo/loop-lab/vendor/laravel/framework/src/Illuminate/Pipeline/Pipeline.php(219): Illuminate/Foundation/Http/Middleware/TrimStrings->handle(Object(Illuminate/Http/Request), Object(Closure))
#37 D:/projetos/estudo/loop-lab/vendor/laravel/framework/src/Illuminate/Http/Middleware/ValidatePostSize.php(27): Illuminate/Pipeline/Pipeline->Illuminate/Pipeline/{closure}(Object(Illuminate/Http/Request))
#38 D:/projetos/estudo/loop-lab/vendor/laravel/framework/src/Illuminate/Pipeline/Pipeline.php(219): Illuminate/Http/Middleware/ValidatePostSize->handle(Object(Illuminate/Http/Request), Object(Closure))
#39 D:/projetos/estudo/loop-lab/vendor/laravel/framework/src/Illuminate/Foundation/Http/Middleware/PreventRequestsDuringMaintenance.php(109): Illuminate/Pipeline/Pipeline->Illuminate/Pipeline/{closure}(Object(Illuminate/Http/Request))
#40 D:/projetos/estudo/loop-lab/vendor/laravel/framework/src/Illuminate/Pipeline/Pipeline.php(219): Illuminate/Foundation/Http/Middleware/PreventRequestsDuringMaintenance->handle(Object(Illuminate/Http/Request), Object(Closure))
#41 D:/projetos/estudo/loop-lab/vendor/laravel/framework/src/Illuminate/Http/Middleware/HandleCors.php(61): Illuminate/Pipeline/Pipeline->Illuminate/Pipeline/{closure}(Object(Illuminate/Http/Request))
#42 D:/projetos/estudo/loop-lab/vendor/laravel/framework/src/Illuminate/Pipeline/Pipeline.php(219): Illuminate/Http/Middleware/HandleCors->handle(Object(Illuminate/Http/Request), Object(Closure))
#43 D:/projetos/estudo/loop-lab/vendor/laravel/framework/src/Illuminate/Http/Middleware/TrustProxies.php(58): Illuminate/Pipeline/Pipeline->Illuminate/Pipeline/{closure}(Object(Illuminate/Http/Request))
#44 D:/projetos/estudo/loop-lab/vendor/laravel/framework/src/Illuminate/Pipeline/Pipeline.php(219): Illuminate/Http/Middleware/TrustProxies->handle(Object(Illuminate/Http/Request), Object(Closure))
#45 D:/projetos/estudo/loop-lab/vendor/laravel/framework/src/Illuminate/Foundation/Http/Middleware/InvokeDeferredCallbacks.php(22): Illuminate/Pipeline/Pipeline->Illuminate/Pipeline/{closure}(Object(Illuminate/Http/Request))
#46 D:/projetos/estudo/loop-lab/vendor/laravel/framework/src/Illuminate/Pipeline/Pipeline.php(219): Illuminate/Foundation/Http/Middleware/InvokeDeferredCallbacks->handle(Object(Illuminate/Http/Request), Object(Closure))
#47 D:/projetos/estudo/loop-lab/vendor/laravel/framework/src/Illuminate/Http/Middleware/ValidatePathEncoding.php(28): Illuminate/Pipeline/Pipeline->Illuminate/Pipeline/{closure}(Object(Illuminate/Http/Request))
#48 D:/projetos/estudo/loop-lab/vendor/laravel/framework/src/Illuminate/Pipeline/Pipeline.php(219): Illuminate/Http/Middleware/ValidatePathEncoding->handle(Object(Illuminate/Http/Request), Object(Closure))
#49 D:/projetos/estudo/loop-lab/vendor/laravel/framework/src/Illuminate/Pipeline/Pipeline.php(137): Illuminate/Pipeline/Pipeline->Illuminate/Pipeline/{closure}(Object(Illuminate/Http/Request))
#50 D:/projetos/estudo/loop-lab/vendor/laravel/framework/src/Illuminate/Foundation/Http/Kernel.php(175): Illuminate/Pipeline/Pipeline->then(Object(Closure))
#51 D:/projetos/estudo/loop-lab/vendor/laravel/framework/src/Illuminate/Foundation/Http/Kernel.php(144): Illuminate/Foundation/Http/Kernel->sendRequestThroughRouter(Object(Illuminate/Http/Request))
#52 D:/projetos/estudo/loop-lab/vendor/laravel/framework/src/Illuminate/Foundation/Application.php(1227): Illuminate/Foundation/Http/Kernel->handle(Object(Illuminate/Http/Request))
#53 D:/projetos/estudo/loop-lab/public/index.php(20): Illuminate/Foundation/Application->handleRequest(Object(Illuminate/Http/Request))
#54 D:/projetos/estudo/loop-lab/vendor/laravel/framework/src/Illuminate/Foundation/resources/server.php(23): require_once('D://projetos//est...')
#55 {main}

[previous exception] [object] (ParseError(code: 0): syntax error, unexpected token \"endif\" at D:/projetos/estudo/loop-lab/storage/framework/views/6da633c87c8abf00aa35729240175b5f.php:65)
[stacktrace]
#0 D:/projetos/estudo/loop-lab/vendor/laravel/framework/src/Illuminate/Filesystem/Filesystem.php(124): Illuminate/Filesystem/Filesystem::Illuminate/Filesystem/{closure}()
#1 D:/projetos/estudo/loop-lab/vendor/laravel/framework/src/Illuminate/View/Engines/PhpEngine.php(57): Illuminate/Filesystem/Filesystem->getRequire('D://projetos//est...', Array)
#2 D:/projetos/estudo/loop-lab/vendor/laravel/framework/src/Illuminate/View/Engines/CompilerEngine.php(76): Illuminate/View/Engines/PhpEngine->evaluatePath('D://projetos//est...', Array)
#3 D:/projetos/estudo/loop-lab/vendor/laravel/framework/src/Illuminate/View/View.php(208): Illuminate/View/Engines/CompilerEngine->get('D://projetos//est...', Array)
#4 D:/projetos/estudo/loop-lab/vendor/laravel/framework/src/Illuminate/View/View.php(191): Illuminate/View/View->getContents()
#5 D:/projetos/estudo/loop-lab/vendor/laravel/framework/src/Illuminate/View/View.php(160): Illuminate/View/View->renderContents()
#6 D:/projetos/estudo/loop-lab/vendor/laravel/framework/src/Illuminate/Http/Response.php(82): Illuminate/View/View->render()
#7 D:/projetos/estudo/loop-lab/vendor/laravel/framework/src/Illuminate/Http/Response.php(40): Illuminate/Http/Response->setContent(Object(Illuminate/View/View))
#8 D:/projetos/estudo/loop-lab/vendor/laravel/framework/src/Illuminate/Routing/Router.php(939): Illuminate/Http/Response->__construct(Object(Illuminate/View/View), 200, Array)
#9 D:/projetos/estudo/loop-lab/vendor/laravel/framework/src/Illuminate/Routing/Router.php(906): Illuminate/Routing/Router::toResponse(Object(Illuminate/Http/Request), Object(Illuminate/View/View))
#10 D:/projetos/estudo/loop-lab/vendor/laravel/framework/src/Illuminate/Routing/Router.php(821): Illuminate/Routing/Router->prepareResponse(Object(Illuminate/Http/Request), Object(Illuminate/View/View))
#11 D:/projetos/estudo/loop-lab/vendor/laravel/framework/src/Illuminate/Pipeline/Pipeline.php(180): Illuminate/Routing/Router->Illuminate/Routing/{closure}(Object(Illuminate/Http/Request))
#12 D:/projetos/estudo/loop-lab/vendor/laravel/framework/src/Illuminate/Routing/Middleware/SubstituteBindings.php(52): Illuminate/Pipeline/Pipeline->Illuminate/Pipeline/{closure}(Object(Illuminate/Http/Request))
#13 D:/projetos/estudo/loop-lab/vendor/laravel/framework/src/Illuminate/Pipeline/Pipeline.php(219): Illuminate/Routing/Middleware/SubstituteBindings->handle(Object(Illuminate/Http/Request), Object(Closure))
#14 D:/projetos/estudo/loop-lab/vendor/laravel/framework/src/Illuminate/Foundation/Http/Middleware/PreventRequestForgery.php(104): Illuminate/Pipeline/Pipeline->Illuminate/Pipeline/{closure}(Object(Illuminate/Http/Request))
#15 D:/projetos/estudo/loop-lab/vendor/laravel/framework/src/Illuminate/Pipeline/Pipeline.php(219): Illuminate/Foundation/Http/Middleware/PreventRequestForgery->handle(Object(Illuminate/Http/Request), Object(Closure))
#16 D:/projetos/estudo/loop-lab/vendor/laravel/framework/src/Illuminate/View/Middleware/ShareErrorsFromSession.php(48): Illuminate/Pipeline/Pipeline->Illuminate/Pipeline/{closure}(Object(Illuminate/Http/Request))
#17 D:/projetos/estudo/loop-lab/vendor/laravel/framework/src/Illuminate/Pipeline/Pipeline.php(219): Illuminate/View/Middleware/ShareErrorsFromSession->handle(Object(Illuminate/Http/Request), Object(Closure))
#18 D:/projetos/estudo/loop-lab/vendor/laravel/framework/src/Illuminate/Session/Middleware/StartSession.php(120): Illuminate/Pipeline/Pipeline->Illuminate/Pipeline/{closure}(Object(Illuminate/Http/Request))
#19 D:/projetos/estudo/loop-lab/vendor/laravel/framework/src/Illuminate/Session/Middleware/StartSession.php(63): Illuminate/Session/Middleware/StartSession->handleStatefulRequest(Object(Illuminate/Http/Request), Object(Illuminate/Session/Store), Object(Closure))
#20 D:/projetos/estudo/loop-lab/vendor/laravel/framework/src/Illuminate/Pipeline/Pipeline.php(219): Illuminate/Session/Middleware/StartSession->handle(Object(Illuminate/Http/Request), Object(Closure))
#21 D:/projetos/estudo/loop-lab/vendor/laravel/framework/src/Illuminate/Cookie/Middleware/AddQueuedCookiesToResponse.php(36): Illuminate/Pipeline/Pipeline->Illuminate/Pipeline/{closure}(Object(Illuminate/Http/Request))
#22 D:/projetos/estudo/loop-lab/vendor/laravel/framework/src/Illuminate/Pipeline/Pipeline.php(219): Illuminate/Cookie/Middleware/AddQueuedCookiesToResponse->handle(Object(Illuminate/Http/Request), Object(Closure))
#23 D:/projetos/estudo/loop-lab/vendor/laravel/framework/src/Illuminate/Cookie/Middleware/EncryptCookies.php(74): Illuminate/Pipeline/Pipeline->Illuminate/Pipeline/{closure}(Object(Illuminate/Http/Request))
#24 D:/projetos/estudo/loop-lab/vendor/laravel/framework/src/Illuminate/Pipeline/Pipeline.php(219): Illuminate/Cookie/Middleware/EncryptCookies->handle(Object(Illuminate/Http/Request), Object(Closure))
#25 D:/projetos/estudo/loop-lab/vendor/laravel/framework/src/Illuminate/Pipeline/Pipeline.php(137): Illuminate/Pipeline/Pipeline->Illuminate/Pipeline/{closure}(Object(Illuminate/Http/Request))
#26 D:/projetos/estudo/loop-lab/vendor/laravel/framework/src/Illuminate/Routing/Router.php(821): Illuminate/Pipeline/Pipeline->then(Object(Closure))
#27 D:/projetos/estudo/loop-lab/vendor/laravel/framework/src/Illuminate/Routing/Router.php(800): Illuminate/Routing/Router->runRouteWithinStack(Object(Illuminate/Routing/Route), Object(Illuminate/Http/Request))
#28 D:/projetos/estudo/loop-lab/vendor/laravel/framework/src/Illuminate/Routing/Router.php(764): Illuminate/Routing/Router->runRoute(Object(Illuminate/Http/Request), Object(Illuminate/Routing/Route))
#29 D:/projetos/estudo/loop-lab/vendor/laravel/framework/src/Illuminate/Routing/Router.php(753): Illuminate/Routing/Router->dispatchToRoute(Object(Illuminate/Http/Request))
#30 D:/projetos/estudo/loop-lab/vendor/laravel/framework/src/Illuminate/Foundation/Http/Kernel.php(200): Illuminate/Routing/Router->dispatch(Object(Illuminate/Http/Request))
#31 D:/projetos/estudo/loop-lab/vendor/laravel/framework/src/Illuminate/Pipeline/Pipeline.php(180): Illuminate/Foundation/Http/Kernel->Illuminate/Foundation/Http/{closure}(Object(Illuminate/Http/Request))
#32 D:/projetos/estudo/loop-lab/vendor/laravel/framework/src/Illuminate/Foundation/Http/Middleware/TransformsRequest.php(21): Illuminate/Pipeline/Pipeline->Illuminate/Pipeline/{closure}(Object(Illuminate/Http/Request))
#33 D:/projetos/estudo/loop-lab/vendor/laravel/framework/src/Illuminate/Foundation/Http/Middleware/ConvertEmptyStringsToNull.php(31): Illuminate/Foundation/Http/Middleware/TransformsRequest->handle(Object(Illuminate/Http/Request), Object(Closure))
#34 D:/projetos/estudo/loop-lab/vendor/laravel/framework/src/Illuminate/Pipeline/Pipeline.php(219): Illuminate/Foundation/Http/Middleware/ConvertEmptyStringsToNull->handle(Object(Illuminate/Http/Request), Object(Closure))
#35 D:/projetos/estudo/loop-lab/vendor/laravel/framework/src/Illuminate/Foundation/Http/Middleware/TransformsRequest.php(21): Illuminate/Pipeline/Pipeline->Illuminate/Pipeline/{closure}(Object(Illuminate/Http/Request))
#36 D:/projetos/estudo/loop-lab/vendor/laravel/framework/src/Illuminate/Foundation/Http/Middleware/TrimStrings.php(51): Illuminate/Foundation/Http/Middleware/TransformsRequest->handle(Object(Illuminate/Http/Request), Object(Closure))
#37 D:/projetos/estudo/loop-lab/vendor/laravel/framework/src/Illuminate/Pipeline/Pipeline.php(219): Illuminate/Foundation/Http/Middleware/TrimStrings->handle(Object(Illuminate/Http/Request), Object(Closure))
#38 D:/projetos/estudo/loop-lab/vendor/laravel/framework/src/Illuminate/Http/Middleware/ValidatePostSize.php(27): Illuminate/Pipeline/Pipeline->Illuminate/Pipeline/{closure}(Object(Illuminate/Http/Request))
#39 D:/projetos/estudo/loop-lab/vendor/laravel/framework/src/Illuminate/Pipeline/Pipeline.php(219): Illuminate/Http/Middleware/ValidatePostSize->handle(Object(Illuminate/Http/Request), Object(Closure))
#40 D:/projetos/estudo/loop-lab/vendor/laravel/framework/src/Illuminate/Foundation/Http/Middleware/PreventRequestsDuringMaintenance.php(109): Illuminate/Pipeline/Pipeline->Illuminate/Pipeline/{closure}(Object(Illuminate/Http/Request))
#41 D:/projetos/estudo/loop-lab/vendor/laravel/framework/src/Illuminate/Pipeline/Pipeline.php(219): Illuminate/Foundation/Http/Middleware/PreventRequestsDuringMaintenance->handle(Object(Illuminate/Http/Request), Object(Closure))
#42 D:/projetos/estudo/loop-lab/vendor/laravel/framework/src/Illuminate/Http/Middleware/HandleCors.php(61): Illuminate/Pipeline/Pipeline->Illuminate/Pipeline/{closure}(Object(Illuminate/Http/Request))
#43 D:/projetos/estudo/loop-lab/vendor/laravel/framework/src/Illuminate/Pipeline/Pipeline.php(219): Illuminate/Http/Middleware/HandleCors->handle(Object(Illuminate/Http/Request), Object(Closure))
#44 D:/projetos/estudo/loop-lab/vendor/laravel/framework/src/Illuminate/Http/Middleware/TrustProxies.php(58): Illuminate/Pipeline/Pipeline->Illuminate/Pipeline/{closure}(Object(Illuminate/Http/Request))
#45 D:/projetos/estudo/loop-lab/vendor/laravel/framework/src/Illuminate/Pipeline/Pipeline.php(219): Illuminate/Http/Middleware/TrustProxies->handle(Object(Illuminate/Http/Request), Object(Closure))
#46 D:/projetos/estudo/loop-lab/vendor/laravel/framework/src/Illuminate/Foundation/Http/Middleware/InvokeDeferredCallbacks.php(22): Illuminate/Pipeline/Pipeline->Illuminate/Pipeline/{closure}(Object(Illuminate/Http/Request))
#47 D:/projetos/estudo/loop-lab/vendor/laravel/framework/src/Illuminate/Pipeline/Pipeline.php(219): Illuminate/Foundation/Http/Middleware/InvokeDeferredCallbacks->handle(Object(Illuminate/Http/Request), Object(Closure))
#48 D:/projetos/estudo/loop-lab/vendor/laravel/framework/src/Illuminate/Http/Middleware/ValidatePathEncoding.php(28): Illuminate/Pipeline/Pipeline->Illuminate/Pipeline/{closure}(Object(Illuminate/Http/Request))
#49 D:/projetos/estudo/loop-lab/vendor/laravel/framework/src/Illuminate/Pipeline/Pipeline.php(219): Illuminate/Http/Middleware/ValidatePathEncoding->handle(Object(Illuminate/Http/Request), Object(Closure))
#50 D:/projetos/estudo/loop-lab/vendor/laravel/framework/src/Illuminate/Pipeline/Pipeline.php(137): Illuminate/Pipeline/Pipeline->Illuminate/Pipeline/{closure}(Object(Illuminate/Http/Request))
#51 D:/projetos/estudo/loop-lab/vendor/laravel/framework/src/Illuminate/Foundation/Http/Kernel.php(175): Illuminate/Pipeline/Pipeline->then(Object(Closure))
#52 D:/projetos/estudo/loop-lab/vendor/laravel/framework/src/Illuminate/Foundation/Http/Kernel.php(144): Illuminate/Foundation/Http/Kernel->sendRequestThroughRouter(Object(Illuminate/Http/Request))
#53 D:/projetos/estudo/loop-lab/vendor/laravel/framework/src/Illuminate/Foundation/Application.php(1227): Illuminate/Foundation/Http/Kernel->handle(Object(Illuminate/Http/Request))
#54 D:/projetos/estudo/loop-lab/public/index.php(20): Illuminate/Foundation/Application->handleRequest(Object(Illuminate/Http/Request))
#55 D:/projetos/estudo/loop-lab/vendor/laravel/framework/src/Illuminate/Foundation/resources/server.php(23): require_once('D://projetos//est...')
#56 {main}
"} 
[2026-08-13 20:00:29] testing.ERROR: SQLSTATE[HY000]: General error: 1 ambiguous column name: position (Connection: sqlite, Database: :memory:, SQL: select "lessons".* from "lessons" inner join "modules" on "modules"."id" = "lessons"."module_id" where "is_published" = 1 and (exists (select * from "modules" where "lessons"."module_id" = "modules"."id" and "position" > 4) or ("module_id" = 4 and "position" > 2)) order by "modules"."position" asc, "lessons"."position" asc limit 1) {"exception":"[object] (Illuminate\\Database\\QueryException(code: HY000): SQLSTATE[HY000]: General error: 1 ambiguous column name: position (Connection: sqlite, Database: :memory:, SQL: select \"lessons\".* from \"lessons\" inner join \"modules\" on \"modules\".\"id\" = \"lessons\".\"module_id\" where \"is_published\" = 1 and (exists (select * from \"modules\" where \"lessons\".\"module_id\" = \"modules\".\"id\" and \"position\" > 4) or (\"module_id\" = 4 and \"position\" > 2)) order by \"modules\".\"position\" asc, \"lessons\".\"position\" asc limit 1) at D:/projetos/estudo/loop-lab/vendor/laravel/framework/src/Illuminate/Database/Connection.php:857)
[stacktrace]
#0 D:/projetos/estudo/loop-lab/vendor/laravel/framework/src/Illuminate/Database/Connection.php(813): Illuminate/Database/Connection->runQueryCallback('select \"lessons...', Array, Object(Closure))
#1 D:/projetos/estudo/loop-lab/vendor/laravel/framework/src/Illuminate/Database/Connection.php(426): Illuminate/Database/Connection->run('select \"lessons...', Array, Object(Closure))
#2 D:/projetos/estudo/loop-lab/vendor/laravel/framework/src/Illuminate/Database/Query/Builder.php(3573): Illuminate/Database/Connection->select('select \"lessons...', Array, true, Array)
#3 D:/projetos/estudo/loop-lab/vendor/laravel/framework/src/Illuminate/Database/Query/Builder.php(3557): Illuminate/Database/Query/Builder->runSelect()
#4 D:/projetos/estudo/loop-lab/vendor/laravel/framework/src/Illuminate/Database/Eloquent/Builder.php(908): Illuminate/Database/Query/Builder->get(Array)
#5 D:/projetos/estudo/loop-lab/vendor/laravel/framework/src/Illuminate/Database/Eloquent/Builder.php(890): Illuminate/Database/Eloquent/Builder->getModels(Array)
#6 D:/projetos/estudo/loop-lab/vendor/laravel/framework/src/Illuminate/Database/Concerns/BuildsQueries.php(366): Illuminate/Database/Eloquent/Builder->get(Array)
#7 D:/projetos/estudo/loop-lab/app/Services/LearningPathService.php(32): Illuminate/Database/Eloquent/Builder->first()
#8 D:/projetos/estudo/loop-lab/app/Http/Controllers/LearningController.php(71): App/Services/LearningPathService->next(Object(App/Models/Exercise))
#9 D:/projetos/estudo/loop-lab/vendor/laravel/framework/src/Illuminate/Routing/ControllerDispatcher.php(46): App/Http/Controllers/LearningController->validateAnswer(Object(App/Http/Requests/RunCodeRequest), Object(App/Models/Exercise), Object(App/Services/ExerciseValidator), Object(App/Services/LearningPathService))
#10 D:/projetos/estudo/loop-lab/vendor/laravel/framework/src/Illuminate/Routing/Route.php(276): Illuminate/Routing/ControllerDispatcher->dispatch(Object(Illuminate/Routing/Route), Object(App/Http/Controllers/LearningController), 'validateAnswer')
#11 D:/projetos/estudo/loop-lab/vendor/laravel/framework/src/Illuminate/Routing/Route.php(216): Illuminate/Routing/Route->runController()
#12 D:/projetos/estudo/loop-lab/vendor/laravel/framework/src/Illuminate/Routing/Router.php(822): Illuminate/Routing/Route->run()
#13 D:/projetos/estudo/loop-lab/vendor/laravel/framework/src/Illuminate/Pipeline/Pipeline.php(180): Illuminate/Routing/Router->Illuminate/Routing/{closure}(Object(Illuminate/Http/Request))
#14 D:/projetos/estudo/loop-lab/vendor/laravel/framework/src/Illuminate/Routing/Middleware/SubstituteBindings.php(52): Illuminate/Pipeline/Pipeline->Illuminate/Pipeline/{closure}(Object(Illuminate/Http/Request))
#15 D:/projetos/estudo/loop-lab/vendor/laravel/framework/src/Illuminate/Pipeline/Pipeline.php(219): Illuminate/Routing/Middleware/SubstituteBindings->handle(Object(Illuminate/Http/Request), Object(Closure))
#16 D:/projetos/estudo/loop-lab/vendor/laravel/framework/src/Illuminate/Routing/Middleware/ThrottleRequests.php(168): Illuminate/Pipeline/Pipeline->Illuminate/Pipeline/{closure}(Object(Illuminate/Http/Request))
#17 D:/projetos/estudo/loop-lab/vendor/laravel/framework/src/Illuminate/Routing/Middleware/ThrottleRequests.php(93): Illuminate/Routing/Middleware/ThrottleRequests->handleRequest(Object(Illuminate/Http/Request), Object(Closure), Array)
#18 D:/projetos/estudo/loop-lab/vendor/laravel/framework/src/Illuminate/Pipeline/Pipeline.php(219): Illuminate/Routing/Middleware/ThrottleRequests->handle(Object(Illuminate/Http/Request), Object(Closure), '20', '1')
#19 D:/projetos/estudo/loop-lab/vendor/laravel/framework/src/Illuminate/Foundation/Http/Middleware/PreventRequestForgery.php(104): Illuminate/Pipeline/Pipeline->Illuminate/Pipeline/{closure}(Object(Illuminate/Http/Request))
#20 D:/projetos/estudo/loop-lab/vendor/laravel/framework/src/Illuminate/Pipeline/Pipeline.php(219): Illuminate/Foundation/Http/Middleware/PreventRequestForgery->handle(Object(Illuminate/Http/Request), Object(Closure))
#21 D:/projetos/estudo/loop-lab/vendor/laravel/framework/src/Illuminate/View/Middleware/ShareErrorsFromSession.php(48): Illuminate/Pipeline/Pipeline->Illuminate/Pipeline/{closure}(Object(Illuminate/Http/Request))
#22 D:/projetos/estudo/loop-lab/vendor/laravel/framework/src/Illuminate/Pipeline/Pipeline.php(219): Illuminate/View/Middleware/ShareErrorsFromSession->handle(Object(Illuminate/Http/Request), Object(Closure))
#23 D:/projetos/estudo/loop-lab/vendor/laravel/framework/src/Illuminate/Session/Middleware/StartSession.php(120): Illuminate/Pipeline/Pipeline->Illuminate/Pipeline/{closure}(Object(Illuminate/Http/Request))
#24 D:/projetos/estudo/loop-lab/vendor/laravel/framework/src/Illuminate/Session/Middleware/StartSession.php(63): Illuminate/Session/Middleware/StartSession->handleStatefulRequest(Object(Illuminate/Http/Request), Object(Illuminate/Session/Store), Object(Closure))
#25 D:/projetos/estudo/loop-lab/vendor/laravel/framework/src/Illuminate/Pipeline/Pipeline.php(219): Illuminate/Session/Middleware/StartSession->handle(Object(Illuminate/Http/Request), Object(Closure))
#26 D:/projetos/estudo/loop-lab/vendor/laravel/framework/src/Illuminate/Cookie/Middleware/AddQueuedCookiesToResponse.php(36): Illuminate/Pipeline/Pipeline->Illuminate/Pipeline/{closure}(Object(Illuminate/Http/Request))
#27 D:/projetos/estudo/loop-lab/vendor/laravel/framework/src/Illuminate/Pipeline/Pipeline.php(219): Illuminate/Cookie/Middleware/AddQueuedCookiesToResponse->handle(Object(Illuminate/Http/Request), Object(Closure))
#28 D:/projetos/estudo/loop-lab/vendor/laravel/framework/src/Illuminate/Cookie/Middleware/EncryptCookies.php(74): Illuminate/Pipeline/Pipeline->Illuminate/Pipeline/{closure}(Object(Illuminate/Http/Request))
#29 D:/projetos/estudo/loop-lab/vendor/laravel/framework/src/Illuminate/Pipeline/Pipeline.php(219): Illuminate/Cookie/Middleware/EncryptCookies->handle(Object(Illuminate/Http/Request), Object(Closure))
#30 D:/projetos/estudo/loop-lab/vendor/laravel/framework/src/Illuminate/Pipeline/Pipeline.php(137): Illuminate/Pipeline/Pipeline->Illuminate/Pipeline/{closure}(Object(Illuminate/Http/Request))
#31 D:/projetos/estudo/loop-lab/vendor/laravel/framework/src/Illuminate/Routing/Router.php(821): Illuminate/Pipeline/Pipeline->then(Object(Closure))
#32 D:/projetos/estudo/loop-lab/vendor/laravel/framework/src/Illuminate/Routing/Router.php(800): Illuminate/Routing/Router->runRouteWithinStack(Object(Illuminate/Routing/Route), Object(Illuminate/Http/Request))
#33 D:/projetos/estudo/loop-lab/vendor/laravel/framework/src/Illuminate/Routing/Router.php(764): Illuminate/Routing/Router->runRoute(Object(Illuminate/Http/Request), Object(Illuminate/Routing/Route))
#34 D:/projetos/estudo/loop-lab/vendor/laravel/framework/src/Illuminate/Routing/Router.php(753): Illuminate/Routing/Router->dispatchToRoute(Object(Illuminate/Http/Request))
#35 D:/projetos/estudo/loop-lab/vendor/laravel/framework/src/Illuminate/Foundation/Http/Kernel.php(200): Illuminate/Routing/Router->dispatch(Object(Illuminate/Http/Request))
#36 D:/projetos/estudo/loop-lab/vendor/laravel/framework/src/Illuminate/Pipeline/Pipeline.php(180): Illuminate/Foundation/Http/Kernel->Illuminate/Foundation/Http/{closure}(Object(Illuminate/Http/Request))
#37 D:/projetos/estudo/loop-lab/vendor/laravel/framework/src/Illuminate/Foundation/Http/Middleware/TransformsRequest.php(21): Illuminate/Pipeline/Pipeline->Illuminate/Pipeline/{closure}(Object(Illuminate/Http/Request))
#38 D:/projetos/estudo/loop-lab/vendor/laravel/framework/src/Illuminate/Foundation/Http/Middleware/ConvertEmptyStringsToNull.php(31): Illuminate/Foundation/Http/Middleware/TransformsRequest->handle(Object(Illuminate/Http/Request), Object(Closure))
#39 D:/projetos/estudo/loop-lab/vendor/laravel/framework/src/Illuminate/Pipeline/Pipeline.php(219): Illuminate/Foundation/Http/Middleware/ConvertEmptyStringsToNull->handle(Object(Illuminate/Http/Request), Object(Closure))
#40 D:/projetos/estudo/loop-lab/vendor/laravel/framework/src/Illuminate/Foundation/Http/Middleware/TransformsRequest.php(21): Illuminate/Pipeline/Pipeline->Illuminate/Pipeline/{closure}(Object(Illuminate/Http/Request))
#41 D:/projetos/estudo/loop-lab/vendor/laravel/framework/src/Illuminate/Foundation/Http/Middleware/TrimStrings.php(51): Illuminate/Foundation/Http/Middleware/TransformsRequest->handle(Object(Illuminate/Http/Request), Object(Closure))
#42 D:/projetos/estudo/loop-lab/vendor/laravel/framework/src/Illuminate/Pipeline/Pipeline.php(219): Illuminate/Foundation/Http/Middleware/TrimStrings->handle(Object(Illuminate/Http/Request), Object(Closure))
#43 D:/projetos/estudo/loop-lab/vendor/laravel/framework/src/Illuminate/Http/Middleware/ValidatePostSize.php(27): Illuminate/Pipeline/Pipeline->Illuminate/Pipeline/{closure}(Object(Illuminate/Http/Request))
#44 D:/projetos/estudo/loop-lab/vendor/laravel/framework/src/Illuminate/Pipeline/Pipeline.php(219): Illuminate/Http/Middleware/ValidatePostSize->handle(Object(Illuminate/Http/Request), Object(Closure))
#45 D:/projetos/estudo/loop-lab/vendor/laravel/framework/src/Illuminate/Foundation/Http/Middleware/PreventRequestsDuringMaintenance.php(109): Illuminate/Pipeline/Pipeline->Illuminate/Pipeline/{closure}(Object(Illuminate/Http/Request))
#46 D:/projetos/estudo/loop-lab/vendor/laravel/framework/src/Illuminate/Pipeline/Pipeline.php(219): Illuminate/Foundation/Http/Middleware/PreventRequestsDuringMaintenance->handle(Object(Illuminate/Http/Request), Object(Closure))
#47 D:/projetos/estudo/loop-lab/vendor/laravel/framework/src/Illuminate/Http/Middleware/HandleCors.php(61): Illuminate/Pipeline/Pipeline->Illuminate/Pipeline/{closure}(Object(Illuminate/Http/Request))
#48 D:/projetos/estudo/loop-lab/vendor/laravel/framework/src/Illuminate/Pipeline/Pipeline.php(219): Illuminate/Http/Middleware/HandleCors->handle(Object(Illuminate/Http/Request), Object(Closure))
#49 D:/projetos/estudo/loop-lab/vendor/laravel/framework/src/Illuminate/Http/Middleware/TrustProxies.php(58): Illuminate/Pipeline/Pipeline->Illuminate/Pipeline/{closure}(Object(Illuminate/Http/Request))
#50 D:/projetos/estudo/loop-lab/vendor/laravel/framework/src/Illuminate/Pipeline/Pipeline.php(219): Illuminate/Http/Middleware/TrustProxies->handle(Object(Illuminate/Http/Request), Object(Closure))
#51 D:/projetos/estudo/loop-lab/vendor/laravel/framework/src/Illuminate/Foundation/Http/Middleware/InvokeDeferredCallbacks.php(22): Illuminate/Pipeline/Pipeline->Illuminate/Pipeline/{closure}(Object(Illuminate/Http/Request))
#52 D:/projetos/estudo/loop-lab/vendor/laravel/framework/src/Illuminate/Pipeline/Pipeline.php(219): Illuminate/Foundation/Http/Middleware/InvokeDeferredCallbacks->handle(Object(Illuminate/Http/Request), Object(Closure))
#53 D:/projetos/estudo/loop-lab/vendor/laravel/framework/src/Illuminate/Http/Middleware/ValidatePathEncoding.php(28): Illuminate/Pipeline/Pipeline->Illuminate/Pipeline/{closure}(Object(Illuminate/Http/Request))
#54 D:/projetos/estudo/loop-lab/vendor/laravel/framework/src/Illuminate/Pipeline/Pipeline.php(219): Illuminate/Http/Middleware/ValidatePathEncoding->handle(Object(Illuminate/Http/Request), Object(Closure))
#55 D:/projetos/estudo/loop-lab/vendor/laravel/framework/src/Illuminate/Pipeline/Pipeline.php(137): Illuminate/Pipeline/Pipeline->Illuminate/Pipeline/{closure}(Object(Illuminate/Http/Request))
#56 D:/projetos/estudo/loop-lab/vendor/laravel/framework/src/Illuminate/Foundation/Http/Kernel.php(175): Illuminate/Pipeline/Pipeline->then(Object(Closure))
#57 D:/projetos/estudo/loop-lab/vendor/laravel/framework/src/Illuminate/Foundation/Http/Kernel.php(144): Illuminate/Foundation/Http/Kernel->sendRequestThroughRouter(Object(Illuminate/Http/Request))
#58 D:/projetos/estudo/loop-lab/vendor/laravel/framework/src/Illuminate/Foundation/Testing/Concerns/MakesHttpRequests.php(638): Illuminate/Foundation/Http/Kernel->handle(Object(Illuminate/Http/Request))
#59 D:/projetos/estudo/loop-lab/vendor/laravel/framework/src/Illuminate/Foundation/Testing/Concerns/MakesHttpRequests.php(604): Illuminate/Foundation/Testing/TestCase->call('POST', 'http://localhos...', Array, Array, Array, Array, '{\"code\":\"<?php ...')
#60 D:/projetos/estudo/loop-lab/vendor/laravel/framework/src/Illuminate/Foundation/Testing/Concerns/MakesHttpRequests.php(411): Illuminate/Foundation/Testing/TestCase->json('POST', 'http://localhos...', Array, Array, 0)
#61 D:/projetos/estudo/loop-lab/tests/Feature/LearningFlowTest.php(133): Illuminate/Foundation/Testing/TestCase->postJson('http://localhos...', Array)
#62 D:/projetos/estudo/loop-lab/vendor/phpunit/phpunit/src/Framework/TestCase.php(1318): Tests/Feature/LearningFlowTest->test_hidden_inputs_reject_a_hardcoded_answer()
#63 D:/projetos/estudo/loop-lab/vendor/phpunit/phpunit/src/Framework/TestCase.php(1355): PHPUnit/Framework/TestCase->invokeTestMethod('test_hidden_inp...', Array)
#64 D:/projetos/estudo/loop-lab/vendor/phpunit/phpunit/src/Framework/TestCase.php(521): PHPUnit/Framework/TestCase->runTest()
#65 D:/projetos/estudo/loop-lab/vendor/phpunit/phpunit/src/Framework/TestRunner/TestRunner.php(99): PHPUnit/Framework/TestCase->runBare()
#66 D:/projetos/estudo/loop-lab/vendor/phpunit/phpunit/src/Framework/TestCase.php(361): PHPUnit/Framework/TestRunner->run(Object(Tests/Feature/LearningFlowTest))
#67 D:/projetos/estudo/loop-lab/vendor/phpunit/phpunit/src/Framework/TestSuite.php(374): PHPUnit/Framework/TestCase->run()
#68 D:/projetos/estudo/loop-lab/vendor/phpunit/phpunit/src/Framework/TestSuite.php(374): PHPUnit/Framework/TestSuite->run()
#69 D:/projetos/estudo/loop-lab/vendor/phpunit/phpunit/src/Framework/TestSuite.php(374): PHPUnit/Framework/TestSuite->run()
#70 D:/projetos/estudo/loop-lab/vendor/phpunit/phpunit/src/TextUI/TestRunner.php(64): PHPUnit/Framework/TestSuite->run()
#71 D:/projetos/estudo/loop-lab/vendor/phpunit/phpunit/src/TextUI/Application.php(229): PHPUnit/TextUI/TestRunner->run(Object(PHPUnit/TextUI/Configuration/Configuration), Object(PHPUnit/Runner/ResultCache/DefaultResultCache), Object(PHPUnit/Framework/TestSuite))
#72 D:/projetos/estudo/loop-lab/vendor/phpunit/phpunit/phpunit(104): PHPUnit/TextUI/Application->run(Array)
#73 {main}

[previous exception] [object] (PDOException(code: HY000): SQLSTATE[HY000]: General error: 1 ambiguous column name: position at D:/projetos/estudo/loop-lab/vendor/laravel/framework/src/Illuminate/Database/Connection.php:435)
[stacktrace]
#0 D:/projetos/estudo/loop-lab/vendor/laravel/framework/src/Illuminate/Database/Connection.php(435): PDO->prepare('select \"lessons...')
#1 D:/projetos/estudo/loop-lab/vendor/laravel/framework/src/Illuminate/Database/Connection.php(846): Illuminate/Database/Connection->Illuminate/Database/{closure}('select \"lessons...', Array)
#2 D:/projetos/estudo/loop-lab/vendor/laravel/framework/src/Illuminate/Database/Connection.php(813): Illuminate/Database/Connection->runQueryCallback('select \"lessons...', Array, Object(Closure))
#3 D:/projetos/estudo/loop-lab/vendor/laravel/framework/src/Illuminate/Database/Connection.php(426): Illuminate/Database/Connection->run('select \"lessons...', Array, Object(Closure))
#4 D:/projetos/estudo/loop-lab/vendor/laravel/framework/src/Illuminate/Database/Query/Builder.php(3573): Illuminate/Database/Connection->select('select \"lessons...', Array, true, Array)
#5 D:/projetos/estudo/loop-lab/vendor/laravel/framework/src/Illuminate/Database/Query/Builder.php(3557): Illuminate/Database/Query/Builder->runSelect()
#6 D:/projetos/estudo/loop-lab/vendor/laravel/framework/src/Illuminate/Database/Eloquent/Builder.php(908): Illuminate/Database/Query/Builder->get(Array)
#7 D:/projetos/estudo/loop-lab/vendor/laravel/framework/src/Illuminate/Database/Eloquent/Builder.php(890): Illuminate/Database/Eloquent/Builder->getModels(Array)
#8 D:/projetos/estudo/loop-lab/vendor/laravel/framework/src/Illuminate/Database/Concerns/BuildsQueries.php(366): Illuminate/Database/Eloquent/Builder->get(Array)
#9 D:/projetos/estudo/loop-lab/app/Services/LearningPathService.php(32): Illuminate/Database/Eloquent/Builder->first()
#10 D:/projetos/estudo/loop-lab/app/Http/Controllers/LearningController.php(71): App/Services/LearningPathService->next(Object(App/Models/Exercise))
#11 D:/projetos/estudo/loop-lab/vendor/laravel/framework/src/Illuminate/Routing/ControllerDispatcher.php(46): App/Http/Controllers/LearningController->validateAnswer(Object(App/Http/Requests/RunCodeRequest), Object(App/Models/Exercise), Object(App/Services/ExerciseValidator), Object(App/Services/LearningPathService))
#12 D:/projetos/estudo/loop-lab/vendor/laravel/framework/src/Illuminate/Routing/Route.php(276): Illuminate/Routing/ControllerDispatcher->dispatch(Object(Illuminate/Routing/Route), Object(App/Http/Controllers/LearningController), 'validateAnswer')
#13 D:/projetos/estudo/loop-lab/vendor/laravel/framework/src/Illuminate/Routing/Route.php(216): Illuminate/Routing/Route->runController()
#14 D:/projetos/estudo/loop-lab/vendor/laravel/framework/src/Illuminate/Routing/Router.php(822): Illuminate/Routing/Route->run()
#15 D:/projetos/estudo/loop-lab/vendor/laravel/framework/src/Illuminate/Pipeline/Pipeline.php(180): Illuminate/Routing/Router->Illuminate/Routing/{closure}(Object(Illuminate/Http/Request))
#16 D:/projetos/estudo/loop-lab/vendor/laravel/framework/src/Illuminate/Routing/Middleware/SubstituteBindings.php(52): Illuminate/Pipeline/Pipeline->Illuminate/Pipeline/{closure}(Object(Illuminate/Http/Request))
#17 D:/projetos/estudo/loop-lab/vendor/laravel/framework/src/Illuminate/Pipeline/Pipeline.php(219): Illuminate/Routing/Middleware/SubstituteBindings->handle(Object(Illuminate/Http/Request), Object(Closure))
#18 D:/projetos/estudo/loop-lab/vendor/laravel/framework/src/Illuminate/Routing/Middleware/ThrottleRequests.php(168): Illuminate/Pipeline/Pipeline->Illuminate/Pipeline/{closure}(Object(Illuminate/Http/Request))
#19 D:/projetos/estudo/loop-lab/vendor/laravel/framework/src/Illuminate/Routing/Middleware/ThrottleRequests.php(93): Illuminate/Routing/Middleware/ThrottleRequests->handleRequest(Object(Illuminate/Http/Request), Object(Closure), Array)
#20 D:/projetos/estudo/loop-lab/vendor/laravel/framework/src/Illuminate/Pipeline/Pipeline.php(219): Illuminate/Routing/Middleware/ThrottleRequests->handle(Object(Illuminate/Http/Request), Object(Closure), '20', '1')
#21 D:/projetos/estudo/loop-lab/vendor/laravel/framework/src/Illuminate/Foundation/Http/Middleware/PreventRequestForgery.php(104): Illuminate/Pipeline/Pipeline->Illuminate/Pipeline/{closure}(Object(Illuminate/Http/Request))
#22 D:/projetos/estudo/loop-lab/vendor/laravel/framework/src/Illuminate/Pipeline/Pipeline.php(219): Illuminate/Foundation/Http/Middleware/PreventRequestForgery->handle(Object(Illuminate/Http/Request), Object(Closure))
#23 D:/projetos/estudo/loop-lab/vendor/laravel/framework/src/Illuminate/View/Middleware/ShareErrorsFromSession.php(48): Illuminate/Pipeline/Pipeline->Illuminate/Pipeline/{closure}(Object(Illuminate/Http/Request))
#24 D:/projetos/estudo/loop-lab/vendor/laravel/framework/src/Illuminate/Pipeline/Pipeline.php(219): Illuminate/View/Middleware/ShareErrorsFromSession->handle(Object(Illuminate/Http/Request), Object(Closure))
#25 D:/projetos/estudo/loop-lab/vendor/laravel/framework/src/Illuminate/Session/Middleware/StartSession.php(120): Illuminate/Pipeline/Pipeline->Illuminate/Pipeline/{closure}(Object(Illuminate/Http/Request))
#26 D:/projetos/estudo/loop-lab/vendor/laravel/framework/src/Illuminate/Session/Middleware/StartSession.php(63): Illuminate/Session/Middleware/StartSession->handleStatefulRequest(Object(Illuminate/Http/Request), Object(Illuminate/Session/Store), Object(Closure))
#27 D:/projetos/estudo/loop-lab/vendor/laravel/framework/src/Illuminate/Pipeline/Pipeline.php(219): Illuminate/Session/Middleware/StartSession->handle(Object(Illuminate/Http/Request), Object(Closure))
#28 D:/projetos/estudo/loop-lab/vendor/laravel/framework/src/Illuminate/Cookie/Middleware/AddQueuedCookiesToResponse.php(36): Illuminate/Pipeline/Pipeline->Illuminate/Pipeline/{closure}(Object(Illuminate/Http/Request))
#29 D:/projetos/estudo/loop-lab/vendor/laravel/framework/src/Illuminate/Pipeline/Pipeline.php(219): Illuminate/Cookie/Middleware/AddQueuedCookiesToResponse->handle(Object(Illuminate/Http/Request), Object(Closure))
#30 D:/projetos/estudo/loop-lab/vendor/laravel/framework/src/Illuminate/Cookie/Middleware/EncryptCookies.php(74): Illuminate/Pipeline/Pipeline->Illuminate/Pipeline/{closure}(Object(Illuminate/Http/Request))
#31 D:/projetos/estudo/loop-lab/vendor/laravel/framework/src/Illuminate/Pipeline/Pipeline.php(219): Illuminate/Cookie/Middleware/EncryptCookies->handle(Object(Illuminate/Http/Request), Object(Closure))
#32 D:/projetos/estudo/loop-lab/vendor/laravel/framework/src/Illuminate/Pipeline/Pipeline.php(137): Illuminate/Pipeline/Pipeline->Illuminate/Pipeline/{closure}(Object(Illuminate/Http/Request))
#33 D:/projetos/estudo/loop-lab/vendor/laravel/framework/src/Illuminate/Routing/Router.php(821): Illuminate/Pipeline/Pipeline->then(Object(Closure))
#34 D:/projetos/estudo/loop-lab/vendor/laravel/framework/src/Illuminate/Routing/Router.php(800): Illuminate/Routing/Router->runRouteWithinStack(Object(Illuminate/Routing/Route), Object(Illuminate/Http/Request))
#35 D:/projetos/estudo/loop-lab/vendor/laravel/framework/src/Illuminate/Routing/Router.php(764): Illuminate/Routing/Router->runRoute(Object(Illuminate/Http/Request), Object(Illuminate/Routing/Route))
#36 D:/projetos/estudo/loop-lab/vendor/laravel/framework/src/Illuminate/Routing/Router.php(753): Illuminate/Routing/Router->dispatchToRoute(Object(Illuminate/Http/Request))
#37 D:/projetos/estudo/loop-lab/vendor/laravel/framework/src/Illuminate/Foundation/Http/Kernel.php(200): Illuminate/Routing/Router->dispatch(Object(Illuminate/Http/Request))
#38 D:/projetos/estudo/loop-lab/vendor/laravel/framework/src/Illuminate/Pipeline/Pipeline.php(180): Illuminate/Foundation/Http/Kernel->Illuminate/Foundation/Http/{closure}(Object(Illuminate/Http/Request))
#39 D:/projetos/estudo/loop-lab/vendor/laravel/framework/src/Illuminate/Foundation/Http/Middleware/TransformsRequest.php(21): Illuminate/Pipeline/Pipeline->Illuminate/Pipeline/{closure}(Object(Illuminate/Http/Request))
#40 D:/projetos/estudo/loop-lab/vendor/laravel/framework/src/Illuminate/Foundation/Http/Middleware/ConvertEmptyStringsToNull.php(31): Illuminate/Foundation/Http/Middleware/TransformsRequest->handle(Object(Illuminate/Http/Request), Object(Closure))
#41 D:/projetos/estudo/loop-lab/vendor/laravel/framework/src/Illuminate/Pipeline/Pipeline.php(219): Illuminate/Foundation/Http/Middleware/ConvertEmptyStringsToNull->handle(Object(Illuminate/Http/Request), Object(Closure))
#42 D:/projetos/estudo/loop-lab/vendor/laravel/framework/src/Illuminate/Foundation/Http/Middleware/TransformsRequest.php(21): Illuminate/Pipeline/Pipeline->Illuminate/Pipeline/{closure}(Object(Illuminate/Http/Request))
#43 D:/projetos/estudo/loop-lab/vendor/laravel/framework/src/Illuminate/Foundation/Http/Middleware/TrimStrings.php(51): Illuminate/Foundation/Http/Middleware/TransformsRequest->handle(Object(Illuminate/Http/Request), Object(Closure))
#44 D:/projetos/estudo/loop-lab/vendor/laravel/framework/src/Illuminate/Pipeline/Pipeline.php(219): Illuminate/Foundation/Http/Middleware/TrimStrings->handle(Object(Illuminate/Http/Request), Object(Closure))
#45 D:/projetos/estudo/loop-lab/vendor/laravel/framework/src/Illuminate/Http/Middleware/ValidatePostSize.php(27): Illuminate/Pipeline/Pipeline->Illuminate/Pipeline/{closure}(Object(Illuminate/Http/Request))
#46 D:/projetos/estudo/loop-lab/vendor/laravel/framework/src/Illuminate/Pipeline/Pipeline.php(219): Illuminate/Http/Middleware/ValidatePostSize->handle(Object(Illuminate/Http/Request), Object(Closure))
#47 D:/projetos/estudo/loop-lab/vendor/laravel/framework/src/Illuminate/Foundation/Http/Middleware/PreventRequestsDuringMaintenance.php(109): Illuminate/Pipeline/Pipeline->Illuminate/Pipeline/{closure}(Object(Illuminate/Http/Request))
#48 D:/projetos/estudo/loop-lab/vendor/laravel/framework/src/Illuminate/Pipeline/Pipeline.php(219): Illuminate/Foundation/Http/Middleware/PreventRequestsDuringMaintenance->handle(Object(Illuminate/Http/Request), Object(Closure))
#49 D:/projetos/estudo/loop-lab/vendor/laravel/framework/src/Illuminate/Http/Middleware/HandleCors.php(61): Illuminate/Pipeline/Pipeline->Illuminate/Pipeline/{closure}(Object(Illuminate/Http/Request))
#50 D:/projetos/estudo/loop-lab/vendor/laravel/framework/src/Illuminate/Pipeline/Pipeline.php(219): Illuminate/Http/Middleware/HandleCors->handle(Object(Illuminate/Http/Request), Object(Closure))
#51 D:/projetos/estudo/loop-lab/vendor/laravel/framework/src/Illuminate/Http/Middleware/TrustProxies.php(58): Illuminate/Pipeline/Pipeline->Illuminate/Pipeline/{closure}(Object(Illuminate/Http/Request))
#52 D:/projetos/estudo/loop-lab/vendor/laravel/framework/src/Illuminate/Pipeline/Pipeline.php(219): Illuminate/Http/Middleware/TrustProxies->handle(Object(Illuminate/Http/Request), Object(Closure))
#53 D:/projetos/estudo/loop-lab/vendor/laravel/framework/src/Illuminate/Foundation/Http/Middleware/InvokeDeferredCallbacks.php(22): Illuminate/Pipeline/Pipeline->Illuminate/Pipeline/{closure}(Object(Illuminate/Http/Request))
#54 D:/projetos/estudo/loop-lab/vendor/laravel/framework/src/Illuminate/Pipeline/Pipeline.php(219): Illuminate/Foundation/Http/Middleware/InvokeDeferredCallbacks->handle(Object(Illuminate/Http/Request), Object(Closure))
#55 D:/projetos/estudo/loop-lab/vendor/laravel/framework/src/Illuminate/Http/Middleware/ValidatePathEncoding.php(28): Illuminate/Pipeline/Pipeline->Illuminate/Pipeline/{closure}(Object(Illuminate/Http/Request))
#56 D:/projetos/estudo/loop-lab/vendor/laravel/framework/src/Illuminate/Pipeline/Pipeline.php(219): Illuminate/Http/Middleware/ValidatePathEncoding->handle(Object(Illuminate/Http/Request), Object(Closure))
#57 D:/projetos/estudo/loop-lab/vendor/laravel/framework/src/Illuminate/Pipeline/Pipeline.php(137): Illuminate/Pipeline/Pipeline->Illuminate/Pipeline/{closure}(Object(Illuminate/Http/Request))
#58 D:/projetos/estudo/loop-lab/vendor/laravel/framework/src/Illuminate/Foundation/Http/Kernel.php(175): Illuminate/Pipeline/Pipeline->then(Object(Closure))
#59 D:/projetos/estudo/loop-lab/vendor/laravel/framework/src/Illuminate/Foundation/Http/Kernel.php(144): Illuminate/Foundation/Http/Kernel->sendRequestThroughRouter(Object(Illuminate/Http/Request))
#60 D:/projetos/estudo/loop-lab/vendor/laravel/framework/src/Illuminate/Foundation/Testing/Concerns/MakesHttpRequests.php(638): Illuminate/Foundation/Http/Kernel->handle(Object(Illuminate/Http/Request))
#61 D:/projetos/estudo/loop-lab/vendor/laravel/framework/src/Illuminate/Foundation/Testing/Concerns/MakesHttpRequests.php(604): Illuminate/Foundation/Testing/TestCase->call('POST', 'http://localhos...', Array, Array, Array, Array, '{\"code\":\"<?php ...')
#62 D:/projetos/estudo/loop-lab/vendor/laravel/framework/src/Illuminate/Foundation/Testing/Concerns/MakesHttpRequests.php(411): Illuminate/Foundation/Testing/TestCase->json('POST', 'http://localhos...', Array, Array, 0)
#63 D:/projetos/estudo/loop-lab/tests/Feature/LearningFlowTest.php(133): Illuminate/Foundation/Testing/TestCase->postJson('http://localhos...', Array)
#64 D:/projetos/estudo/loop-lab/vendor/phpunit/phpunit/src/Framework/TestCase.php(1318): Tests/Feature/LearningFlowTest->test_hidden_inputs_reject_a_hardcoded_answer()
#65 D:/projetos/estudo/loop-lab/vendor/phpunit/phpunit/src/Framework/TestCase.php(1355): PHPUnit/Framework/TestCase->invokeTestMethod('test_hidden_inp...', Array)
#66 D:/projetos/estudo/loop-lab/vendor/phpunit/phpunit/src/Framework/TestCase.php(521): PHPUnit/Framework/TestCase->runTest()
#67 D:/projetos/estudo/loop-lab/vendor/phpunit/phpunit/src/Framework/TestRunner/TestRunner.php(99): PHPUnit/Framework/TestCase->runBare()
#68 D:/projetos/estudo/loop-lab/vendor/phpunit/phpunit/src/Framework/TestCase.php(361): PHPUnit/Framework/TestRunner->run(Object(Tests/Feature/LearningFlowTest))
#69 D:/projetos/estudo/loop-lab/vendor/phpunit/phpunit/src/Framework/TestSuite.php(374): PHPUnit/Framework/TestCase->run()
#70 D:/projetos/estudo/loop-lab/vendor/phpunit/phpunit/src/Framework/TestSuite.php(374): PHPUnit/Framework/TestSuite->run()
#71 D:/projetos/estudo/loop-lab/vendor/phpunit/phpunit/src/Framework/TestSuite.php(374): PHPUnit/Framework/TestSuite->run()
#72 D:/projetos/estudo/loop-lab/vendor/phpunit/phpunit/src/TextUI/TestRunner.php(64): PHPUnit/Framework/TestSuite->run()
#73 D:/projetos/estudo/loop-lab/vendor/phpunit/phpunit/src/TextUI/Application.php(229): PHPUnit/TextUI/TestRunner->run(Object(PHPUnit/TextUI/Configuration/Configuration), Object(PHPUnit/Runner/ResultCache/DefaultResultCache), Object(PHPUnit/Framework/TestSuite))
#74 D:/projetos/estudo/loop-lab/vendor/phpunit/phpunit/phpunit(104): PHPUnit/TextUI/Application->run(Array)
#75 {main}
"} 
[2026-08-13 20:00:32] testing.ERROR: SQLSTATE[HY000]: General error: 1 ambiguous column name: position (Connection: sqlite, Database: :memory:, SQL: select "lessons".* from "lessons" inner join "modules" on "modules"."id" = "lessons"."module_id" where "is_published" = 1 and (exists (select * from "modules" where "lessons"."module_id" = "modules"."id" and "position" > 3) or ("module_id" = 3 and "position" > 1)) order by "modules"."position" asc, "lessons"."position" asc limit 1) {"exception":"[object] (Illuminate\\Database\\QueryException(code: HY000): SQLSTATE[HY000]: General error: 1 ambiguous column name: position (Connection: sqlite, Database: :memory:, SQL: select \"lessons\".* from \"lessons\" inner join \"modules\" on \"modules\".\"id\" = \"lessons\".\"module_id\" where \"is_published\" = 1 and (exists (select * from \"modules\" where \"lessons\".\"module_id\" = \"modules\".\"id\" and \"position\" > 3) or (\"module_id\" = 3 and \"position\" > 1)) order by \"modules\".\"position\" asc, \"lessons\".\"position\" asc limit 1) at D:/projetos/estudo/loop-lab/vendor/laravel/framework/src/Illuminate/Database/Connection.php:857)
[stacktrace]
#0 D:/projetos/estudo/loop-lab/vendor/laravel/framework/src/Illuminate/Database/Connection.php(813): Illuminate/Database/Connection->runQueryCallback('select \"lessons...', Array, Object(Closure))
#1 D:/projetos/estudo/loop-lab/vendor/laravel/framework/src/Illuminate/Database/Connection.php(426): Illuminate/Database/Connection->run('select \"lessons...', Array, Object(Closure))
#2 D:/projetos/estudo/loop-lab/vendor/laravel/framework/src/Illuminate/Database/Query/Builder.php(3573): Illuminate/Database/Connection->select('select \"lessons...', Array, true, Array)
#3 D:/projetos/estudo/loop-lab/vendor/laravel/framework/src/Illuminate/Database/Query/Builder.php(3557): Illuminate/Database/Query/Builder->runSelect()
#4 D:/projetos/estudo/loop-lab/vendor/laravel/framework/src/Illuminate/Database/Eloquent/Builder.php(908): Illuminate/Database/Query/Builder->get(Array)
#5 D:/projetos/estudo/loop-lab/vendor/laravel/framework/src/Illuminate/Database/Eloquent/Builder.php(890): Illuminate/Database/Eloquent/Builder->getModels(Array)
#6 D:/projetos/estudo/loop-lab/vendor/laravel/framework/src/Illuminate/Database/Concerns/BuildsQueries.php(366): Illuminate/Database/Eloquent/Builder->get(Array)
#7 D:/projetos/estudo/loop-lab/app/Services/LearningPathService.php(32): Illuminate/Database/Eloquent/Builder->first()
#8 D:/projetos/estudo/loop-lab/app/Http/Controllers/LearningController.php(71): App/Services/LearningPathService->next(Object(App/Models/Exercise))
#9 D:/projetos/estudo/loop-lab/vendor/laravel/framework/src/Illuminate/Routing/ControllerDispatcher.php(46): App/Http/Controllers/LearningController->validateAnswer(Object(App/Http/Requests/RunCodeRequest), Object(App/Models/Exercise), Object(App/Services/ExerciseValidator), Object(App/Services/LearningPathService))
#10 D:/projetos/estudo/loop-lab/vendor/laravel/framework/src/Illuminate/Routing/Route.php(276): Illuminate/Routing/ControllerDispatcher->dispatch(Object(Illuminate/Routing/Route), Object(App/Http/Controllers/LearningController), 'validateAnswer')
#11 D:/projetos/estudo/loop-lab/vendor/laravel/framework/src/Illuminate/Routing/Route.php(216): Illuminate/Routing/Route->runController()
#12 D:/projetos/estudo/loop-lab/vendor/laravel/framework/src/Illuminate/Routing/Router.php(822): Illuminate/Routing/Route->run()
#13 D:/projetos/estudo/loop-lab/vendor/laravel/framework/src/Illuminate/Pipeline/Pipeline.php(180): Illuminate/Routing/Router->Illuminate/Routing/{closure}(Object(Illuminate/Http/Request))
#14 D:/projetos/estudo/loop-lab/vendor/laravel/framework/src/Illuminate/Routing/Middleware/SubstituteBindings.php(52): Illuminate/Pipeline/Pipeline->Illuminate/Pipeline/{closure}(Object(Illuminate/Http/Request))
#15 D:/projetos/estudo/loop-lab/vendor/laravel/framework/src/Illuminate/Pipeline/Pipeline.php(219): Illuminate/Routing/Middleware/SubstituteBindings->handle(Object(Illuminate/Http/Request), Object(Closure))
#16 D:/projetos/estudo/loop-lab/vendor/laravel/framework/src/Illuminate/Routing/Middleware/ThrottleRequests.php(168): Illuminate/Pipeline/Pipeline->Illuminate/Pipeline/{closure}(Object(Illuminate/Http/Request))
#17 D:/projetos/estudo/loop-lab/vendor/laravel/framework/src/Illuminate/Routing/Middleware/ThrottleRequests.php(93): Illuminate/Routing/Middleware/ThrottleRequests->handleRequest(Object(Illuminate/Http/Request), Object(Closure), Array)
#18 D:/projetos/estudo/loop-lab/vendor/laravel/framework/src/Illuminate/Pipeline/Pipeline.php(219): Illuminate/Routing/Middleware/ThrottleRequests->handle(Object(Illuminate/Http/Request), Object(Closure), '20', '1')
#19 D:/projetos/estudo/loop-lab/vendor/laravel/framework/src/Illuminate/Foundation/Http/Middleware/PreventRequestForgery.php(104): Illuminate/Pipeline/Pipeline->Illuminate/Pipeline/{closure}(Object(Illuminate/Http/Request))
#20 D:/projetos/estudo/loop-lab/vendor/laravel/framework/src/Illuminate/Pipeline/Pipeline.php(219): Illuminate/Foundation/Http/Middleware/PreventRequestForgery->handle(Object(Illuminate/Http/Request), Object(Closure))
#21 D:/projetos/estudo/loop-lab/vendor/laravel/framework/src/Illuminate/View/Middleware/ShareErrorsFromSession.php(48): Illuminate/Pipeline/Pipeline->Illuminate/Pipeline/{closure}(Object(Illuminate/Http/Request))
#22 D:/projetos/estudo/loop-lab/vendor/laravel/framework/src/Illuminate/Pipeline/Pipeline.php(219): Illuminate/View/Middleware/ShareErrorsFromSession->handle(Object(Illuminate/Http/Request), Object(Closure))
#23 D:/projetos/estudo/loop-lab/vendor/laravel/framework/src/Illuminate/Session/Middleware/StartSession.php(120): Illuminate/Pipeline/Pipeline->Illuminate/Pipeline/{closure}(Object(Illuminate/Http/Request))
#24 D:/projetos/estudo/loop-lab/vendor/laravel/framework/src/Illuminate/Session/Middleware/StartSession.php(63): Illuminate/Session/Middleware/StartSession->handleStatefulRequest(Object(Illuminate/Http/Request), Object(Illuminate/Session/Store), Object(Closure))
#25 D:/projetos/estudo/loop-lab/vendor/laravel/framework/src/Illuminate/Pipeline/Pipeline.php(219): Illuminate/Session/Middleware/StartSession->handle(Object(Illuminate/Http/Request), Object(Closure))
#26 D:/projetos/estudo/loop-lab/vendor/laravel/framework/src/Illuminate/Cookie/Middleware/AddQueuedCookiesToResponse.php(36): Illuminate/Pipeline/Pipeline->Illuminate/Pipeline/{closure}(Object(Illuminate/Http/Request))
#27 D:/projetos/estudo/loop-lab/vendor/laravel/framework/src/Illuminate/Pipeline/Pipeline.php(219): Illuminate/Cookie/Middleware/AddQueuedCookiesToResponse->handle(Object(Illuminate/Http/Request), Object(Closure))
#28 D:/projetos/estudo/loop-lab/vendor/laravel/framework/src/Illuminate/Cookie/Middleware/EncryptCookies.php(74): Illuminate/Pipeline/Pipeline->Illuminate/Pipeline/{closure}(Object(Illuminate/Http/Request))
#29 D:/projetos/estudo/loop-lab/vendor/laravel/framework/src/Illuminate/Pipeline/Pipeline.php(219): Illuminate/Cookie/Middleware/EncryptCookies->handle(Object(Illuminate/Http/Request), Object(Closure))
#30 D:/projetos/estudo/loop-lab/vendor/laravel/framework/src/Illuminate/Pipeline/Pipeline.php(137): Illuminate/Pipeline/Pipeline->Illuminate/Pipeline/{closure}(Object(Illuminate/Http/Request))
#31 D:/projetos/estudo/loop-lab/vendor/laravel/framework/src/Illuminate/Routing/Router.php(821): Illuminate/Pipeline/Pipeline->then(Object(Closure))
#32 D:/projetos/estudo/loop-lab/vendor/laravel/framework/src/Illuminate/Routing/Router.php(800): Illuminate/Routing/Router->runRouteWithinStack(Object(Illuminate/Routing/Route), Object(Illuminate/Http/Request))
#33 D:/projetos/estudo/loop-lab/vendor/laravel/framework/src/Illuminate/Routing/Router.php(764): Illuminate/Routing/Router->runRoute(Object(Illuminate/Http/Request), Object(Illuminate/Routing/Route))
#34 D:/projetos/estudo/loop-lab/vendor/laravel/framework/src/Illuminate/Routing/Router.php(753): Illuminate/Routing/Router->dispatchToRoute(Object(Illuminate/Http/Request))
#35 D:/projetos/estudo/loop-lab/vendor/laravel/framework/src/Illuminate/Foundation/Http/Kernel.php(200): Illuminate/Routing/Router->dispatch(Object(Illuminate/Http/Request))
#36 D:/projetos/estudo/loop-lab/vendor/laravel/framework/src/Illuminate/Pipeline/Pipeline.php(180): Illuminate/Foundation/Http/Kernel->Illuminate/Foundation/Http/{closure}(Object(Illuminate/Http/Request))
#37 D:/projetos/estudo/loop-lab/vendor/laravel/framework/src/Illuminate/Foundation/Http/Middleware/TransformsRequest.php(21): Illuminate/Pipeline/Pipeline->Illuminate/Pipeline/{closure}(Object(Illuminate/Http/Request))
#38 D:/projetos/estudo/loop-lab/vendor/laravel/framework/src/Illuminate/Foundation/Http/Middleware/ConvertEmptyStringsToNull.php(31): Illuminate/Foundation/Http/Middleware/TransformsRequest->handle(Object(Illuminate/Http/Request), Object(Closure))
#39 D:/projetos/estudo/loop-lab/vendor/laravel/framework/src/Illuminate/Pipeline/Pipeline.php(219): Illuminate/Foundation/Http/Middleware/ConvertEmptyStringsToNull->handle(Object(Illuminate/Http/Request), Object(Closure))
#40 D:/projetos/estudo/loop-lab/vendor/laravel/framework/src/Illuminate/Foundation/Http/Middleware/TransformsRequest.php(21): Illuminate/Pipeline/Pipeline->Illuminate/Pipeline/{closure}(Object(Illuminate/Http/Request))
#41 D:/projetos/estudo/loop-lab/vendor/laravel/framework/src/Illuminate/Foundation/Http/Middleware/TrimStrings.php(51): Illuminate/Foundation/Http/Middleware/TransformsRequest->handle(Object(Illuminate/Http/Request), Object(Closure))
#42 D:/projetos/estudo/loop-lab/vendor/laravel/framework/src/Illuminate/Pipeline/Pipeline.php(219): Illuminate/Foundation/Http/Middleware/TrimStrings->handle(Object(Illuminate/Http/Request), Object(Closure))
#43 D:/projetos/estudo/loop-lab/vendor/laravel/framework/src/Illuminate/Http/Middleware/ValidatePostSize.php(27): Illuminate/Pipeline/Pipeline->Illuminate/Pipeline/{closure}(Object(Illuminate/Http/Request))
#44 D:/projetos/estudo/loop-lab/vendor/laravel/framework/src/Illuminate/Pipeline/Pipeline.php(219): Illuminate/Http/Middleware/ValidatePostSize->handle(Object(Illuminate/Http/Request), Object(Closure))
#45 D:/projetos/estudo/loop-lab/vendor/laravel/framework/src/Illuminate/Foundation/Http/Middleware/PreventRequestsDuringMaintenance.php(109): Illuminate/Pipeline/Pipeline->Illuminate/Pipeline/{closure}(Object(Illuminate/Http/Request))
#46 D:/projetos/estudo/loop-lab/vendor/laravel/framework/src/Illuminate/Pipeline/Pipeline.php(219): Illuminate/Foundation/Http/Middleware/PreventRequestsDuringMaintenance->handle(Object(Illuminate/Http/Request), Object(Closure))
#47 D:/projetos/estudo/loop-lab/vendor/laravel/framework/src/Illuminate/Http/Middleware/HandleCors.php(61): Illuminate/Pipeline/Pipeline->Illuminate/Pipeline/{closure}(Object(Illuminate/Http/Request))
#48 D:/projetos/estudo/loop-lab/vendor/laravel/framework/src/Illuminate/Pipeline/Pipeline.php(219): Illuminate/Http/Middleware/HandleCors->handle(Object(Illuminate/Http/Request), Object(Closure))
#49 D:/projetos/estudo/loop-lab/vendor/laravel/framework/src/Illuminate/Http/Middleware/TrustProxies.php(58): Illuminate/Pipeline/Pipeline->Illuminate/Pipeline/{closure}(Object(Illuminate/Http/Request))
#50 D:/projetos/estudo/loop-lab/vendor/laravel/framework/src/Illuminate/Pipeline/Pipeline.php(219): Illuminate/Http/Middleware/TrustProxies->handle(Object(Illuminate/Http/Request), Object(Closure))
#51 D:/projetos/estudo/loop-lab/vendor/laravel/framework/src/Illuminate/Foundation/Http/Middleware/InvokeDeferredCallbacks.php(22): Illuminate/Pipeline/Pipeline->Illuminate/Pipeline/{closure}(Object(Illuminate/Http/Request))
#52 D:/projetos/estudo/loop-lab/vendor/laravel/framework/src/Illuminate/Pipeline/Pipeline.php(219): Illuminate/Foundation/Http/Middleware/InvokeDeferredCallbacks->handle(Object(Illuminate/Http/Request), Object(Closure))
#53 D:/projetos/estudo/loop-lab/vendor/laravel/framework/src/Illuminate/Http/Middleware/ValidatePathEncoding.php(28): Illuminate/Pipeline/Pipeline->Illuminate/Pipeline/{closure}(Object(Illuminate/Http/Request))
#54 D:/projetos/estudo/loop-lab/vendor/laravel/framework/src/Illuminate/Pipeline/Pipeline.php(219): Illuminate/Http/Middleware/ValidatePathEncoding->handle(Object(Illuminate/Http/Request), Object(Closure))
#55 D:/projetos/estudo/loop-lab/vendor/laravel/framework/src/Illuminate/Pipeline/Pipeline.php(137): Illuminate/Pipeline/Pipeline->Illuminate/Pipeline/{closure}(Object(Illuminate/Http/Request))
#56 D:/projetos/estudo/loop-lab/vendor/laravel/framework/src/Illuminate/Foundation/Http/Kernel.php(175): Illuminate/Pipeline/Pipeline->then(Object(Closure))
#57 D:/projetos/estudo/loop-lab/vendor/laravel/framework/src/Illuminate/Foundation/Http/Kernel.php(144): Illuminate/Foundation/Http/Kernel->sendRequestThroughRouter(Object(Illuminate/Http/Request))
#58 D:/projetos/estudo/loop-lab/vendor/laravel/framework/src/Illuminate/Foundation/Testing/Concerns/MakesHttpRequests.php(638): Illuminate/Foundation/Http/Kernel->handle(Object(Illuminate/Http/Request))
#59 D:/projetos/estudo/loop-lab/vendor/laravel/framework/src/Illuminate/Foundation/Testing/Concerns/MakesHttpRequests.php(604): Illuminate/Foundation/Testing/TestCase->call('POST', 'http://localhos...', Array, Array, Array, Array, '{\"code\":\"B\"}')
#60 D:/projetos/estudo/loop-lab/vendor/laravel/framework/src/Illuminate/Foundation/Testing/Concerns/MakesHttpRequests.php(411): Illuminate/Foundation/Testing/TestCase->json('POST', 'http://localhos...', Array, Array, 0)
#61 D:/projetos/estudo/loop-lab/tests/Feature/LearningFlowTest.php(150): Illuminate/Foundation/Testing/TestCase->postJson('http://localhos...', Array)
#62 D:/projetos/estudo/loop-lab/vendor/phpunit/phpunit/src/Framework/TestCase.php(1318): Tests/Feature/LearningFlowTest->test_prediction_exercise_can_be_answered()
#63 D:/projetos/estudo/loop-lab/vendor/phpunit/phpunit/src/Framework/TestCase.php(1355): PHPUnit/Framework/TestCase->invokeTestMethod('test_prediction...', Array)
#64 D:/projetos/estudo/loop-lab/vendor/phpunit/phpunit/src/Framework/TestCase.php(521): PHPUnit/Framework/TestCase->runTest()
#65 D:/projetos/estudo/loop-lab/vendor/phpunit/phpunit/src/Framework/TestRunner/TestRunner.php(99): PHPUnit/Framework/TestCase->runBare()
#66 D:/projetos/estudo/loop-lab/vendor/phpunit/phpunit/src/Framework/TestCase.php(361): PHPUnit/Framework/TestRunner->run(Object(Tests/Feature/LearningFlowTest))
#67 D:/projetos/estudo/loop-lab/vendor/phpunit/phpunit/src/Framework/TestSuite.php(374): PHPUnit/Framework/TestCase->run()
#68 D:/projetos/estudo/loop-lab/vendor/phpunit/phpunit/src/Framework/TestSuite.php(374): PHPUnit/Framework/TestSuite->run()
#69 D:/projetos/estudo/loop-lab/vendor/phpunit/phpunit/src/Framework/TestSuite.php(374): PHPUnit/Framework/TestSuite->run()
#70 D:/projetos/estudo/loop-lab/vendor/phpunit/phpunit/src/TextUI/TestRunner.php(64): PHPUnit/Framework/TestSuite->run()
#71 D:/projetos/estudo/loop-lab/vendor/phpunit/phpunit/src/TextUI/Application.php(229): PHPUnit/TextUI/TestRunner->run(Object(PHPUnit/TextUI/Configuration/Configuration), Object(PHPUnit/Runner/ResultCache/DefaultResultCache), Object(PHPUnit/Framework/TestSuite))
#72 D:/projetos/estudo/loop-lab/vendor/phpunit/phpunit/phpunit(104): PHPUnit/TextUI/Application->run(Array)
#73 {main}

[previous exception] [object] (PDOException(code: HY000): SQLSTATE[HY000]: General error: 1 ambiguous column name: position at D:/projetos/estudo/loop-lab/vendor/laravel/framework/src/Illuminate/Database/Connection.php:435)
[stacktrace]
#0 D:/projetos/estudo/loop-lab/vendor/laravel/framework/src/Illuminate/Database/Connection.php(435): PDO->prepare('select \"lessons...')
#1 D:/projetos/estudo/loop-lab/vendor/laravel/framework/src/Illuminate/Database/Connection.php(846): Illuminate/Database/Connection->Illuminate/Database/{closure}('select \"lessons...', Array)
#2 D:/projetos/estudo/loop-lab/vendor/laravel/framework/src/Illuminate/Database/Connection.php(813): Illuminate/Database/Connection->runQueryCallback('select \"lessons...', Array, Object(Closure))
#3 D:/projetos/estudo/loop-lab/vendor/laravel/framework/src/Illuminate/Database/Connection.php(426): Illuminate/Database/Connection->run('select \"lessons...', Array, Object(Closure))
#4 D:/projetos/estudo/loop-lab/vendor/laravel/framework/src/Illuminate/Database/Query/Builder.php(3573): Illuminate/Database/Connection->select('select \"lessons...', Array, true, Array)
#5 D:/projetos/estudo/loop-lab/vendor/laravel/framework/src/Illuminate/Database/Query/Builder.php(3557): Illuminate/Database/Query/Builder->runSelect()
#6 D:/projetos/estudo/loop-lab/vendor/laravel/framework/src/Illuminate/Database/Eloquent/Builder.php(908): Illuminate/Database/Query/Builder->get(Array)
#7 D:/projetos/estudo/loop-lab/vendor/laravel/framework/src/Illuminate/Database/Eloquent/Builder.php(890): Illuminate/Database/Eloquent/Builder->getModels(Array)
#8 D:/projetos/estudo/loop-lab/vendor/laravel/framework/src/Illuminate/Database/Concerns/BuildsQueries.php(366): Illuminate/Database/Eloquent/Builder->get(Array)
#9 D:/projetos/estudo/loop-lab/app/Services/LearningPathService.php(32): Illuminate/Database/Eloquent/Builder->first()
#10 D:/projetos/estudo/loop-lab/app/Http/Controllers/LearningController.php(71): App/Services/LearningPathService->next(Object(App/Models/Exercise))
#11 D:/projetos/estudo/loop-lab/vendor/laravel/framework/src/Illuminate/Routing/ControllerDispatcher.php(46): App/Http/Controllers/LearningController->validateAnswer(Object(App/Http/Requests/RunCodeRequest), Object(App/Models/Exercise), Object(App/Services/ExerciseValidator), Object(App/Services/LearningPathService))
#12 D:/projetos/estudo/loop-lab/vendor/laravel/framework/src/Illuminate/Routing/Route.php(276): Illuminate/Routing/ControllerDispatcher->dispatch(Object(Illuminate/Routing/Route), Object(App/Http/Controllers/LearningController), 'validateAnswer')
#13 D:/projetos/estudo/loop-lab/vendor/laravel/framework/src/Illuminate/Routing/Route.php(216): Illuminate/Routing/Route->runController()
#14 D:/projetos/estudo/loop-lab/vendor/laravel/framework/src/Illuminate/Routing/Router.php(822): Illuminate/Routing/Route->run()
#15 D:/projetos/estudo/loop-lab/vendor/laravel/framework/src/Illuminate/Pipeline/Pipeline.php(180): Illuminate/Routing/Router->Illuminate/Routing/{closure}(Object(Illuminate/Http/Request))
#16 D:/projetos/estudo/loop-lab/vendor/laravel/framework/src/Illuminate/Routing/Middleware/SubstituteBindings.php(52): Illuminate/Pipeline/Pipeline->Illuminate/Pipeline/{closure}(Object(Illuminate/Http/Request))
#17 D:/projetos/estudo/loop-lab/vendor/laravel/framework/src/Illuminate/Pipeline/Pipeline.php(219): Illuminate/Routing/Middleware/SubstituteBindings->handle(Object(Illuminate/Http/Request), Object(Closure))
#18 D:/projetos/estudo/loop-lab/vendor/laravel/framework/src/Illuminate/Routing/Middleware/ThrottleRequests.php(168): Illuminate/Pipeline/Pipeline->Illuminate/Pipeline/{closure}(Object(Illuminate/Http/Request))
#19 D:/projetos/estudo/loop-lab/vendor/laravel/framework/src/Illuminate/Routing/Middleware/ThrottleRequests.php(93): Illuminate/Routing/Middleware/ThrottleRequests->handleRequest(Object(Illuminate/Http/Request), Object(Closure), Array)
#20 D:/projetos/estudo/loop-lab/vendor/laravel/framework/src/Illuminate/Pipeline/Pipeline.php(219): Illuminate/Routing/Middleware/ThrottleRequests->handle(Object(Illuminate/Http/Request), Object(Closure), '20', '1')
#21 D:/projetos/estudo/loop-lab/vendor/laravel/framework/src/Illuminate/Foundation/Http/Middleware/PreventRequestForgery.php(104): Illuminate/Pipeline/Pipeline->Illuminate/Pipeline/{closure}(Object(Illuminate/Http/Request))
#22 D:/projetos/estudo/loop-lab/vendor/laravel/framework/src/Illuminate/Pipeline/Pipeline.php(219): Illuminate/Foundation/Http/Middleware/PreventRequestForgery->handle(Object(Illuminate/Http/Request), Object(Closure))
#23 D:/projetos/estudo/loop-lab/vendor/laravel/framework/src/Illuminate/View/Middleware/ShareErrorsFromSession.php(48): Illuminate/Pipeline/Pipeline->Illuminate/Pipeline/{closure}(Object(Illuminate/Http/Request))
#24 D:/projetos/estudo/loop-lab/vendor/laravel/framework/src/Illuminate/Pipeline/Pipeline.php(219): Illuminate/View/Middleware/ShareErrorsFromSession->handle(Object(Illuminate/Http/Request), Object(Closure))
#25 D:/projetos/estudo/loop-lab/vendor/laravel/framework/src/Illuminate/Session/Middleware/StartSession.php(120): Illuminate/Pipeline/Pipeline->Illuminate/Pipeline/{closure}(Object(Illuminate/Http/Request))
#26 D:/projetos/estudo/loop-lab/vendor/laravel/framework/src/Illuminate/Session/Middleware/StartSession.php(63): Illuminate/Session/Middleware/StartSession->handleStatefulRequest(Object(Illuminate/Http/Request), Object(Illuminate/Session/Store), Object(Closure))
#27 D:/projetos/estudo/loop-lab/vendor/laravel/framework/src/Illuminate/Pipeline/Pipeline.php(219): Illuminate/Session/Middleware/StartSession->handle(Object(Illuminate/Http/Request), Object(Closure))
#28 D:/projetos/estudo/loop-lab/vendor/laravel/framework/src/Illuminate/Cookie/Middleware/AddQueuedCookiesToResponse.php(36): Illuminate/Pipeline/Pipeline->Illuminate/Pipeline/{closure}(Object(Illuminate/Http/Request))
#29 D:/projetos/estudo/loop-lab/vendor/laravel/framework/src/Illuminate/Pipeline/Pipeline.php(219): Illuminate/Cookie/Middleware/AddQueuedCookiesToResponse->handle(Object(Illuminate/Http/Request), Object(Closure))
#30 D:/projetos/estudo/loop-lab/vendor/laravel/framework/src/Illuminate/Cookie/Middleware/EncryptCookies.php(74): Illuminate/Pipeline/Pipeline->Illuminate/Pipeline/{closure}(Object(Illuminate/Http/Request))
#31 D:/projetos/estudo/loop-lab/vendor/laravel/framework/src/Illuminate/Pipeline/Pipeline.php(219): Illuminate/Cookie/Middleware/EncryptCookies->handle(Object(Illuminate/Http/Request), Object(Closure))
#32 D:/projetos/estudo/loop-lab/vendor/laravel/framework/src/Illuminate/Pipeline/Pipeline.php(137): Illuminate/Pipeline/Pipeline->Illuminate/Pipeline/{closure}(Object(Illuminate/Http/Request))
#33 D:/projetos/estudo/loop-lab/vendor/laravel/framework/src/Illuminate/Routing/Router.php(821): Illuminate/Pipeline/Pipeline->then(Object(Closure))
#34 D:/projetos/estudo/loop-lab/vendor/laravel/framework/src/Illuminate/Routing/Router.php(800): Illuminate/Routing/Router->runRouteWithinStack(Object(Illuminate/Routing/Route), Object(Illuminate/Http/Request))
#35 D:/projetos/estudo/loop-lab/vendor/laravel/framework/src/Illuminate/Routing/Router.php(764): Illuminate/Routing/Router->runRoute(Object(Illuminate/Http/Request), Object(Illuminate/Routing/Route))
#36 D:/projetos/estudo/loop-lab/vendor/laravel/framework/src/Illuminate/Routing/Router.php(753): Illuminate/Routing/Router->dispatchToRoute(Object(Illuminate/Http/Request))
#37 D:/projetos/estudo/loop-lab/vendor/laravel/framework/src/Illuminate/Foundation/Http/Kernel.php(200): Illuminate/Routing/Router->dispatch(Object(Illuminate/Http/Request))
#38 D:/projetos/estudo/loop-lab/vendor/laravel/framework/src/Illuminate/Pipeline/Pipeline.php(180): Illuminate/Foundation/Http/Kernel->Illuminate/Foundation/Http/{closure}(Object(Illuminate/Http/Request))
#39 D:/projetos/estudo/loop-lab/vendor/laravel/framework/src/Illuminate/Foundation/Http/Middleware/TransformsRequest.php(21): Illuminate/Pipeline/Pipeline->Illuminate/Pipeline/{closure}(Object(Illuminate/Http/Request))
#40 D:/projetos/estudo/loop-lab/vendor/laravel/framework/src/Illuminate/Foundation/Http/Middleware/ConvertEmptyStringsToNull.php(31): Illuminate/Foundation/Http/Middleware/TransformsRequest->handle(Object(Illuminate/Http/Request), Object(Closure))
#41 D:/projetos/estudo/loop-lab/vendor/laravel/framework/src/Illuminate/Pipeline/Pipeline.php(219): Illuminate/Foundation/Http/Middleware/ConvertEmptyStringsToNull->handle(Object(Illuminate/Http/Request), Object(Closure))
#42 D:/projetos/estudo/loop-lab/vendor/laravel/framework/src/Illuminate/Foundation/Http/Middleware/TransformsRequest.php(21): Illuminate/Pipeline/Pipeline->Illuminate/Pipeline/{closure}(Object(Illuminate/Http/Request))
#43 D:/projetos/estudo/loop-lab/vendor/laravel/framework/src/Illuminate/Foundation/Http/Middleware/TrimStrings.php(51): Illuminate/Foundation/Http/Middleware/TransformsRequest->handle(Object(Illuminate/Http/Request), Object(Closure))
#44 D:/projetos/estudo/loop-lab/vendor/laravel/framework/src/Illuminate/Pipeline/Pipeline.php(219): Illuminate/Foundation/Http/Middleware/TrimStrings->handle(Object(Illuminate/Http/Request), Object(Closure))
#45 D:/projetos/estudo/loop-lab/vendor/laravel/framework/src/Illuminate/Http/Middleware/ValidatePostSize.php(27): Illuminate/Pipeline/Pipeline->Illuminate/Pipeline/{closure}(Object(Illuminate/Http/Request))
#46 D:/projetos/estudo/loop-lab/vendor/laravel/framework/src/Illuminate/Pipeline/Pipeline.php(219): Illuminate/Http/Middleware/ValidatePostSize->handle(Object(Illuminate/Http/Request), Object(Closure))
#47 D:/projetos/estudo/loop-lab/vendor/laravel/framework/src/Illuminate/Foundation/Http/Middleware/PreventRequestsDuringMaintenance.php(109): Illuminate/Pipeline/Pipeline->Illuminate/Pipeline/{closure}(Object(Illuminate/Http/Request))
#48 D:/projetos/estudo/loop-lab/vendor/laravel/framework/src/Illuminate/Pipeline/Pipeline.php(219): Illuminate/Foundation/Http/Middleware/PreventRequestsDuringMaintenance->handle(Object(Illuminate/Http/Request), Object(Closure))
#49 D:/projetos/estudo/loop-lab/vendor/laravel/framework/src/Illuminate/Http/Middleware/HandleCors.php(61): Illuminate/Pipeline/Pipeline->Illuminate/Pipeline/{closure}(Object(Illuminate/Http/Request))
#50 D:/projetos/estudo/loop-lab/vendor/laravel/framework/src/Illuminate/Pipeline/Pipeline.php(219): Illuminate/Http/Middleware/HandleCors->handle(Object(Illuminate/Http/Request), Object(Closure))
#51 D:/projetos/estudo/loop-lab/vendor/laravel/framework/src/Illuminate/Http/Middleware/TrustProxies.php(58): Illuminate/Pipeline/Pipeline->Illuminate/Pipeline/{closure}(Object(Illuminate/Http/Request))
#52 D:/projetos/estudo/loop-lab/vendor/laravel/framework/src/Illuminate/Pipeline/Pipeline.php(219): Illuminate/Http/Middleware/TrustProxies->handle(Object(Illuminate/Http/Request), Object(Closure))
#53 D:/projetos/estudo/loop-lab/vendor/laravel/framework/src/Illuminate/Foundation/Http/Middleware/InvokeDeferredCallbacks.php(22): Illuminate/Pipeline/Pipeline->Illuminate/Pipeline/{closure}(Object(Illuminate/Http/Request))
#54 D:/projetos/estudo/loop-lab/vendor/laravel/framework/src/Illuminate/Pipeline/Pipeline.php(219): Illuminate/Foundation/Http/Middleware/InvokeDeferredCallbacks->handle(Object(Illuminate/Http/Request), Object(Closure))
#55 D:/projetos/estudo/loop-lab/vendor/laravel/framework/src/Illuminate/Http/Middleware/ValidatePathEncoding.php(28): Illuminate/Pipeline/Pipeline->Illuminate/Pipeline/{closure}(Object(Illuminate/Http/Request))
#56 D:/projetos/estudo/loop-lab/vendor/laravel/framework/src/Illuminate/Pipeline/Pipeline.php(219): Illuminate/Http/Middleware/ValidatePathEncoding->handle(Object(Illuminate/Http/Request), Object(Closure))
#57 D:/projetos/estudo/loop-lab/vendor/laravel/framework/src/Illuminate/Pipeline/Pipeline.php(137): Illuminate/Pipeline/Pipeline->Illuminate/Pipeline/{closure}(Object(Illuminate/Http/Request))
#58 D:/projetos/estudo/loop-lab/vendor/laravel/framework/src/Illuminate/Foundation/Http/Kernel.php(175): Illuminate/Pipeline/Pipeline->then(Object(Closure))
#59 D:/projetos/estudo/loop-lab/vendor/laravel/framework/src/Illuminate/Foundation/Http/Kernel.php(144): Illuminate/Foundation/Http/Kernel->sendRequestThroughRouter(Object(Illuminate/Http/Request))
#60 D:/projetos/estudo/loop-lab/vendor/laravel/framework/src/Illuminate/Foundation/Testing/Concerns/MakesHttpRequests.php(638): Illuminate/Foundation/Http/Kernel->handle(Object(Illuminate/Http/Request))
#61 D:/projetos/estudo/loop-lab/vendor/laravel/framework/src/Illuminate/Foundation/Testing/Concerns/MakesHttpRequests.php(604): Illuminate/Foundation/Testing/TestCase->call('POST', 'http://localhos...', Array, Array, Array, Array, '{\"code\":\"B\"}')
#62 D:/projetos/estudo/loop-lab/vendor/laravel/framework/src/Illuminate/Foundation/Testing/Concerns/MakesHttpRequests.php(411): Illuminate/Foundation/Testing/TestCase->json('POST', 'http://localhos...', Array, Array, 0)
#63 D:/projetos/estudo/loop-lab/tests/Feature/LearningFlowTest.php(150): Illuminate/Foundation/Testing/TestCase->postJson('http://localhos...', Array)
#64 D:/projetos/estudo/loop-lab/vendor/phpunit/phpunit/src/Framework/TestCase.php(1318): Tests/Feature/LearningFlowTest->test_prediction_exercise_can_be_answered()
#65 D:/projetos/estudo/loop-lab/vendor/phpunit/phpunit/src/Framework/TestCase.php(1355): PHPUnit/Framework/TestCase->invokeTestMethod('test_prediction...', Array)
#66 D:/projetos/estudo/loop-lab/vendor/phpunit/phpunit/src/Framework/TestCase.php(521): PHPUnit/Framework/TestCase->runTest()
#67 D:/projetos/estudo/loop-lab/vendor/phpunit/phpunit/src/Framework/TestRunner/TestRunner.php(99): PHPUnit/Framework/TestCase->runBare()
#68 D:/projetos/estudo/loop-lab/vendor/phpunit/phpunit/src/Framework/TestCase.php(361): PHPUnit/Framework/TestRunner->run(Object(Tests/Feature/LearningFlowTest))
#69 D:/projetos/estudo/loop-lab/vendor/phpunit/phpunit/src/Framework/TestSuite.php(374): PHPUnit/Framework/TestCase->run()
#70 D:/projetos/estudo/loop-lab/vendor/phpunit/phpunit/src/Framework/TestSuite.php(374): PHPUnit/Framework/TestSuite->run()
#71 D:/projetos/estudo/loop-lab/vendor/phpunit/phpunit/src/Framework/TestSuite.php(374): PHPUnit/Framework/TestSuite->run()
#72 D:/projetos/estudo/loop-lab/vendor/phpunit/phpunit/src/TextUI/TestRunner.php(64): PHPUnit/Framework/TestSuite->run()
#73 D:/projetos/estudo/loop-lab/vendor/phpunit/phpunit/src/TextUI/Application.php(229): PHPUnit/TextUI/TestRunner->run(Object(PHPUnit/TextUI/Configuration/Configuration), Object(PHPUnit/Runner/ResultCache/DefaultResultCache), Object(PHPUnit/Framework/TestSuite))
#74 D:/projetos/estudo/loop-lab/vendor/phpunit/phpunit/phpunit(104): PHPUnit/TextUI/Application->run(Array)
#75 {main}
"} 
[2026-08-17 12:55:12] testing.ERROR: SQLSTATE[HY000]: General error: 1 ambiguous column name: position (Connection: sqlite, Database: :memory:, SQL: select "lessons".* from "lessons" inner join "modules" on "modules"."id" = "lessons"."module_id" where "is_published" = 1 and (exists (select * from "modules" where "lessons"."module_id" = "modules"."id" and "position" > 4) or ("module_id" = 4 and "position" > 2)) order by "modules"."position" asc, "lessons"."position" asc limit 1) {"exception":"[object] (Illuminate\\Database\\QueryException(code: HY000): SQLSTATE[HY000]: General error: 1 ambiguous column name: position (Connection: sqlite, Database: :memory:, SQL: select \"lessons\".* from \"lessons\" inner join \"modules\" on \"modules\".\"id\" = \"lessons\".\"module_id\" where \"is_published\" = 1 and (exists (select * from \"modules\" where \"lessons\".\"module_id\" = \"modules\".\"id\" and \"position\" > 4) or (\"module_id\" = 4 and \"position\" > 2)) order by \"modules\".\"position\" asc, \"lessons\".\"position\" asc limit 1) at D:/projetos/estudo/loop-lab/vendor/laravel/framework/src/Illuminate/Database/Connection.php:857)
[stacktrace]
#0 D:/projetos/estudo/loop-lab/vendor/laravel/framework/src/Illuminate/Database/Connection.php(813): Illuminate/Database/Connection->runQueryCallback('select \"lessons...', Array, Object(Closure))
#1 D:/projetos/estudo/loop-lab/vendor/laravel/framework/src/Illuminate/Database/Connection.php(426): Illuminate/Database/Connection->run('select \"lessons...', Array, Object(Closure))
#2 D:/projetos/estudo/loop-lab/vendor/laravel/framework/src/Illuminate/Database/Query/Builder.php(3573): Illuminate/Database/Connection->select('select \"lessons...', Array, true, Array)
#3 D:/projetos/estudo/loop-lab/vendor/laravel/framework/src/Illuminate/Database/Query/Builder.php(3557): Illuminate/Database/Query/Builder->runSelect()
#4 D:/projetos/estudo/loop-lab/vendor/laravel/framework/src/Illuminate/Database/Eloquent/Builder.php(908): Illuminate/Database/Query/Builder->get(Array)
#5 D:/projetos/estudo/loop-lab/vendor/laravel/framework/src/Illuminate/Database/Eloquent/Builder.php(890): Illuminate/Database/Eloquent/Builder->getModels(Array)
#6 D:/projetos/estudo/loop-lab/vendor/laravel/framework/src/Illuminate/Database/Concerns/BuildsQueries.php(366): Illuminate/Database/Eloquent/Builder->get(Array)
#7 D:/projetos/estudo/loop-lab/app/Services/LearningPathService.php(32): Illuminate/Database/Eloquent/Builder->first()
#8 D:/projetos/estudo/loop-lab/app/Http/Controllers/LearningController.php(71): App/Services/LearningPathService->next(Object(App/Models/Exercise))
#9 D:/projetos/estudo/loop-lab/vendor/laravel/framework/src/Illuminate/Routing/ControllerDispatcher.php(46): App/Http/Controllers/LearningController->validateAnswer(Object(App/Http/Requests/RunCodeRequest), Object(App/Models/Exercise), Object(App/Services/ExerciseValidator), Object(App/Services/LearningPathService))
#10 D:/projetos/estudo/loop-lab/vendor/laravel/framework/src/Illuminate/Routing/Route.php(276): Illuminate/Routing/ControllerDispatcher->dispatch(Object(Illuminate/Routing/Route), Object(App/Http/Controllers/LearningController), 'validateAnswer')
#11 D:/projetos/estudo/loop-lab/vendor/laravel/framework/src/Illuminate/Routing/Route.php(216): Illuminate/Routing/Route->runController()
#12 D:/projetos/estudo/loop-lab/vendor/laravel/framework/src/Illuminate/Routing/Router.php(822): Illuminate/Routing/Route->run()
#13 D:/projetos/estudo/loop-lab/vendor/laravel/framework/src/Illuminate/Pipeline/Pipeline.php(180): Illuminate/Routing/Router->Illuminate/Routing/{closure}(Object(Illuminate/Http/Request))
#14 D:/projetos/estudo/loop-lab/vendor/laravel/framework/src/Illuminate/Routing/Middleware/SubstituteBindings.php(52): Illuminate/Pipeline/Pipeline->Illuminate/Pipeline/{closure}(Object(Illuminate/Http/Request))
#15 D:/projetos/estudo/loop-lab/vendor/laravel/framework/src/Illuminate/Pipeline/Pipeline.php(219): Illuminate/Routing/Middleware/SubstituteBindings->handle(Object(Illuminate/Http/Request), Object(Closure))
#16 D:/projetos/estudo/loop-lab/vendor/laravel/framework/src/Illuminate/Routing/Middleware/ThrottleRequests.php(168): Illuminate/Pipeline/Pipeline->Illuminate/Pipeline/{closure}(Object(Illuminate/Http/Request))
#17 D:/projetos/estudo/loop-lab/vendor/laravel/framework/src/Illuminate/Routing/Middleware/ThrottleRequests.php(93): Illuminate/Routing/Middleware/ThrottleRequests->handleRequest(Object(Illuminate/Http/Request), Object(Closure), Array)
#18 D:/projetos/estudo/loop-lab/vendor/laravel/framework/src/Illuminate/Pipeline/Pipeline.php(219): Illuminate/Routing/Middleware/ThrottleRequests->handle(Object(Illuminate/Http/Request), Object(Closure), '20', '1')
#19 D:/projetos/estudo/loop-lab/vendor/laravel/framework/src/Illuminate/Foundation/Http/Middleware/PreventRequestForgery.php(104): Illuminate/Pipeline/Pipeline->Illuminate/Pipeline/{closure}(Object(Illuminate/Http/Request))
#20 D:/projetos/estudo/loop-lab/vendor/laravel/framework/src/Illuminate/Pipeline/Pipeline.php(219): Illuminate/Foundation/Http/Middleware/PreventRequestForgery->handle(Object(Illuminate/Http/Request), Object(Closure))
#21 D:/projetos/estudo/loop-lab/vendor/laravel/framework/src/Illuminate/View/Middleware/ShareErrorsFromSession.php(48): Illuminate/Pipeline/Pipeline->Illuminate/Pipeline/{closure}(Object(Illuminate/Http/Request))
#22 D:/projetos/estudo/loop-lab/vendor/laravel/framework/src/Illuminate/Pipeline/Pipeline.php(219): Illuminate/View/Middleware/ShareErrorsFromSession->handle(Object(Illuminate/Http/Request), Object(Closure))
#23 D:/projetos/estudo/loop-lab/vendor/laravel/framework/src/Illuminate/Session/Middleware/StartSession.php(120): Illuminate/Pipeline/Pipeline->Illuminate/Pipeline/{closure}(Object(Illuminate/Http/Request))
#24 D:/projetos/estudo/loop-lab/vendor/laravel/framework/src/Illuminate/Session/Middleware/StartSession.php(63): Illuminate/Session/Middleware/StartSession->handleStatefulRequest(Object(Illuminate/Http/Request), Object(Illuminate/Session/Store), Object(Closure))
#25 D:/projetos/estudo/loop-lab/vendor/laravel/framework/src/Illuminate/Pipeline/Pipeline.php(219): Illuminate/Session/Middleware/StartSession->handle(Object(Illuminate/Http/Request), Object(Closure))
#26 D:/projetos/estudo/loop-lab/vendor/laravel/framework/src/Illuminate/Cookie/Middleware/AddQueuedCookiesToResponse.php(36): Illuminate/Pipeline/Pipeline->Illuminate/Pipeline/{closure}(Object(Illuminate/Http/Request))
#27 D:/projetos/estudo/loop-lab/vendor/laravel/framework/src/Illuminate/Pipeline/Pipeline.php(219): Illuminate/Cookie/Middleware/AddQueuedCookiesToResponse->handle(Object(Illuminate/Http/Request), Object(Closure))
#28 D:/projetos/estudo/loop-lab/vendor/laravel/framework/src/Illuminate/Cookie/Middleware/EncryptCookies.php(74): Illuminate/Pipeline/Pipeline->Illuminate/Pipeline/{closure}(Object(Illuminate/Http/Request))
#29 D:/projetos/estudo/loop-lab/vendor/laravel/framework/src/Illuminate/Pipeline/Pipeline.php(219): Illuminate/Cookie/Middleware/EncryptCookies->handle(Object(Illuminate/Http/Request), Object(Closure))
#30 D:/projetos/estudo/loop-lab/vendor/laravel/framework/src/Illuminate/Pipeline/Pipeline.php(137): Illuminate/Pipeline/Pipeline->Illuminate/Pipeline/{closure}(Object(Illuminate/Http/Request))
#31 D:/projetos/estudo/loop-lab/vendor/laravel/framework/src/Illuminate/Routing/Router.php(821): Illuminate/Pipeline/Pipeline->then(Object(Closure))
#32 D:/projetos/estudo/loop-lab/vendor/laravel/framework/src/Illuminate/Routing/Router.php(800): Illuminate/Routing/Router->runRouteWithinStack(Object(Illuminate/Routing/Route), Object(Illuminate/Http/Request))
#33 D:/projetos/estudo/loop-lab/vendor/laravel/framework/src/Illuminate/Routing/Router.php(764): Illuminate/Routing/Router->runRoute(Object(Illuminate/Http/Request), Object(Illuminate/Routing/Route))
#34 D:/projetos/estudo/loop-lab/vendor/laravel/framework/src/Illuminate/Routing/Router.php(753): Illuminate/Routing/Router->dispatchToRoute(Object(Illuminate/Http/Request))
#35 D:/projetos/estudo/loop-lab/vendor/laravel/framework/src/Illuminate/Foundation/Http/Kernel.php(200): Illuminate/Routing/Router->dispatch(Object(Illuminate/Http/Request))
#36 D:/projetos/estudo/loop-lab/vendor/laravel/framework/src/Illuminate/Pipeline/Pipeline.php(180): Illuminate/Foundation/Http/Kernel->Illuminate/Foundation/Http/{closure}(Object(Illuminate/Http/Request))
#37 D:/projetos/estudo/loop-lab/vendor/laravel/framework/src/Illuminate/Foundation/Http/Middleware/TransformsRequest.php(21): Illuminate/Pipeline/Pipeline->Illuminate/Pipeline/{closure}(Object(Illuminate/Http/Request))
#38 D:/projetos/estudo/loop-lab/vendor/laravel/framework/src/Illuminate/Foundation/Http/Middleware/ConvertEmptyStringsToNull.php(31): Illuminate/Foundation/Http/Middleware/TransformsRequest->handle(Object(Illuminate/Http/Request), Object(Closure))
#39 D:/projetos/estudo/loop-lab/vendor/laravel/framework/src/Illuminate/Pipeline/Pipeline.php(219): Illuminate/Foundation/Http/Middleware/ConvertEmptyStringsToNull->handle(Object(Illuminate/Http/Request), Object(Closure))
#40 D:/projetos/estudo/loop-lab/vendor/laravel/framework/src/Illuminate/Foundation/Http/Middleware/TransformsRequest.php(21): Illuminate/Pipeline/Pipeline->Illuminate/Pipeline/{closure}(Object(Illuminate/Http/Request))
#41 D:/projetos/estudo/loop-lab/vendor/laravel/framework/src/Illuminate/Foundation/Http/Middleware/TrimStrings.php(51): Illuminate/Foundation/Http/Middleware/TransformsRequest->handle(Object(Illuminate/Http/Request), Object(Closure))
#42 D:/projetos/estudo/loop-lab/vendor/laravel/framework/src/Illuminate/Pipeline/Pipeline.php(219): Illuminate/Foundation/Http/Middleware/TrimStrings->handle(Object(Illuminate/Http/Request), Object(Closure))
#43 D:/projetos/estudo/loop-lab/vendor/laravel/framework/src/Illuminate/Http/Middleware/ValidatePostSize.php(27): Illuminate/Pipeline/Pipeline->Illuminate/Pipeline/{closure}(Object(Illuminate/Http/Request))
#44 D:/projetos/estudo/loop-lab/vendor/laravel/framework/src/Illuminate/Pipeline/Pipeline.php(219): Illuminate/Http/Middleware/ValidatePostSize->handle(Object(Illuminate/Http/Request), Object(Closure))
#45 D:/projetos/estudo/loop-lab/vendor/laravel/framework/src/Illuminate/Foundation/Http/Middleware/PreventRequestsDuringMaintenance.php(109): Illuminate/Pipeline/Pipeline->Illuminate/Pipeline/{closure}(Object(Illuminate/Http/Request))
#46 D:/projetos/estudo/loop-lab/vendor/laravel/framework/src/Illuminate/Pipeline/Pipeline.php(219): Illuminate/Foundation/Http/Middleware/PreventRequestsDuringMaintenance->handle(Object(Illuminate/Http/Request), Object(Closure))
#47 D:/projetos/estudo/loop-lab/vendor/laravel/framework/src/Illuminate/Http/Middleware/HandleCors.php(61): Illuminate/Pipeline/Pipeline->Illuminate/Pipeline/{closure}(Object(Illuminate/Http/Request))
#48 D:/projetos/estudo/loop-lab/vendor/laravel/framework/src/Illuminate/Pipeline/Pipeline.php(219): Illuminate/Http/Middleware/HandleCors->handle(Object(Illuminate/Http/Request), Object(Closure))
#49 D:/projetos/estudo/loop-lab/vendor/laravel/framework/src/Illuminate/Http/Middleware/TrustProxies.php(58): Illuminate/Pipeline/Pipeline->Illuminate/Pipeline/{closure}(Object(Illuminate/Http/Request))
#50 D:/projetos/estudo/loop-lab/vendor/laravel/framework/src/Illuminate/Pipeline/Pipeline.php(219): Illuminate/Http/Middleware/TrustProxies->handle(Object(Illuminate/Http/Request), Object(Closure))
#51 D:/projetos/estudo/loop-lab/vendor/laravel/framework/src/Illuminate/Foundation/Http/Middleware/InvokeDeferredCallbacks.php(22): Illuminate/Pipeline/Pipeline->Illuminate/Pipeline/{closure}(Object(Illuminate/Http/Request))
#52 D:/projetos/estudo/loop-lab/vendor/laravel/framework/src/Illuminate/Pipeline/Pipeline.php(219): Illuminate/Foundation/Http/Middleware/InvokeDeferredCallbacks->handle(Object(Illuminate/Http/Request), Object(Closure))
#53 D:/projetos/estudo/loop-lab/vendor/laravel/framework/src/Illuminate/Http/Middleware/ValidatePathEncoding.php(28): Illuminate/Pipeline/Pipeline->Illuminate/Pipeline/{closure}(Object(Illuminate/Http/Request))
#54 D:/projetos/estudo/loop-lab/vendor/laravel/framework/src/Illuminate/Pipeline/Pipeline.php(219): Illuminate/Http/Middleware/ValidatePathEncoding->handle(Object(Illuminate/Http/Request), Object(Closure))
#55 D:/projetos/estudo/loop-lab/vendor/laravel/framework/src/Illuminate/Pipeline/Pipeline.php(137): Illuminate/Pipeline/Pipeline->Illuminate/Pipeline/{closure}(Object(Illuminate/Http/Request))
#56 D:/projetos/estudo/loop-lab/vendor/laravel/framework/src/Illuminate/Foundation/Http/Kernel.php(175): Illuminate/Pipeline/Pipeline->then(Object(Closure))
#57 D:/projetos/estudo/loop-lab/vendor/laravel/framework/src/Illuminate/Foundation/Http/Kernel.php(144): Illuminate/Foundation/Http/Kernel->sendRequestThroughRouter(Object(Illuminate/Http/Request))
#58 D:/projetos/estudo/loop-lab/vendor/laravel/framework/src/Illuminate/Foundation/Testing/Concerns/MakesHttpRequests.php(638): Illuminate/Foundation/Http/Kernel->handle(Object(Illuminate/Http/Request))
#59 D:/projetos/estudo/loop-lab/vendor/laravel/framework/src/Illuminate/Foundation/Testing/Concerns/MakesHttpRequests.php(604): Illuminate/Foundation/Testing/TestCase->call('POST', 'http://localhos...', Array, Array, Array, Array, '{\"code\":\"<?php ...')
#60 D:/projetos/estudo/loop-lab/vendor/laravel/framework/src/Illuminate/Foundation/Testing/Concerns/MakesHttpRequests.php(411): Illuminate/Foundation/Testing/TestCase->json('POST', 'http://localhos...', Array, Array, 0)
#61 D:/projetos/estudo/loop-lab/tests/Feature/LearningFlowTest.php(133): Illuminate/Foundation/Testing/TestCase->postJson('http://localhos...', Array)
#62 D:/projetos/estudo/loop-lab/vendor/phpunit/phpunit/src/Framework/TestCase.php(1318): Tests/Feature/LearningFlowTest->test_hidden_inputs_reject_a_hardcoded_answer()
#63 D:/projetos/estudo/loop-lab/vendor/phpunit/phpunit/src/Framework/TestCase.php(1355): PHPUnit/Framework/TestCase->invokeTestMethod('test_hidden_inp...', Array)
#64 D:/projetos/estudo/loop-lab/vendor/phpunit/phpunit/src/Framework/TestCase.php(521): PHPUnit/Framework/TestCase->runTest()
#65 D:/projetos/estudo/loop-lab/vendor/phpunit/phpunit/src/Framework/TestRunner/TestRunner.php(99): PHPUnit/Framework/TestCase->runBare()
#66 D:/projetos/estudo/loop-lab/vendor/phpunit/phpunit/src/Framework/TestCase.php(361): PHPUnit/Framework/TestRunner->run(Object(Tests/Feature/LearningFlowTest))
#67 D:/projetos/estudo/loop-lab/vendor/phpunit/phpunit/src/Framework/TestSuite.php(374): PHPUnit/Framework/TestCase->run()
#68 D:/projetos/estudo/loop-lab/vendor/phpunit/phpunit/src/Framework/TestSuite.php(374): PHPUnit/Framework/TestSuite->run()
#69 D:/projetos/estudo/loop-lab/vendor/phpunit/phpunit/src/Framework/TestSuite.php(374): PHPUnit/Framework/TestSuite->run()
#70 D:/projetos/estudo/loop-lab/vendor/phpunit/phpunit/src/TextUI/TestRunner.php(64): PHPUnit/Framework/TestSuite->run()
#71 D:/projetos/estudo/loop-lab/vendor/phpunit/phpunit/src/TextUI/Application.php(229): PHPUnit/TextUI/TestRunner->run(Object(PHPUnit/TextUI/Configuration/Configuration), Object(PHPUnit/Runner/ResultCache/DefaultResultCache), Object(PHPUnit/Framework/TestSuite))
#72 D:/projetos/estudo/loop-lab/vendor/phpunit/phpunit/phpunit(104): PHPUnit/TextUI/Application->run(Array)
#73 {main}

[previous exception] [object] (PDOException(code: HY000): SQLSTATE[HY000]: General error: 1 ambiguous column name: position at D:/projetos/estudo/loop-lab/vendor/laravel/framework/src/Illuminate/Database/Connection.php:435)
[stacktrace]
#0 D:/projetos/estudo/loop-lab/vendor/laravel/framework/src/Illuminate/Database/Connection.php(435): PDO->prepare('select \"lessons...')
#1 D:/projetos/estudo/loop-lab/vendor/laravel/framework/src/Illuminate/Database/Connection.php(846): Illuminate/Database/Connection->Illuminate/Database/{closure}('select \"lessons...', Array)
#2 D:/projetos/estudo/loop-lab/vendor/laravel/framework/src/Illuminate/Database/Connection.php(813): Illuminate/Database/Connection->runQueryCallback('select \"lessons...', Array, Object(Closure))
#3 D:/projetos/estudo/loop-lab/vendor/laravel/framework/src/Illuminate/Database/Connection.php(426): Illuminate/Database/Connection->run('select \"lessons...', Array, Object(Closure))
#4 D:/projetos/estudo/loop-lab/vendor/laravel/framework/src/Illuminate/Database/Query/Builder.php(3573): Illuminate/Database/Connection->select('select \"lessons...', Array, true, Array)
#5 D:/projetos/estudo/loop-lab/vendor/laravel/framework/src/Illuminate/Database/Query/Builder.php(3557): Illuminate/Database/Query/Builder->runSelect()
#6 D:/projetos/estudo/loop-lab/vendor/laravel/framework/src/Illuminate/Database/Eloquent/Builder.php(908): Illuminate/Database/Query/Builder->get(Array)
#7 D:/projetos/estudo/loop-lab/vendor/laravel/framework/src/Illuminate/Database/Eloquent/Builder.php(890): Illuminate/Database/Eloquent/Builder->getModels(Array)
#8 D:/projetos/estudo/loop-lab/vendor/laravel/framework/src/Illuminate/Database/Concerns/BuildsQueries.php(366): Illuminate/Database/Eloquent/Builder->get(Array)
#9 D:/projetos/estudo/loop-lab/app/Services/LearningPathService.php(32): Illuminate/Database/Eloquent/Builder->first()
#10 D:/projetos/estudo/loop-lab/app/Http/Controllers/LearningController.php(71): App/Services/LearningPathService->next(Object(App/Models/Exercise))
#11 D:/projetos/estudo/loop-lab/vendor/laravel/framework/src/Illuminate/Routing/ControllerDispatcher.php(46): App/Http/Controllers/LearningController->validateAnswer(Object(App/Http/Requests/RunCodeRequest), Object(App/Models/Exercise), Object(App/Services/ExerciseValidator), Object(App/Services/LearningPathService))
#12 D:/projetos/estudo/loop-lab/vendor/laravel/framework/src/Illuminate/Routing/Route.php(276): Illuminate/Routing/ControllerDispatcher->dispatch(Object(Illuminate/Routing/Route), Object(App/Http/Controllers/LearningController), 'validateAnswer')
#13 D:/projetos/estudo/loop-lab/vendor/laravel/framework/src/Illuminate/Routing/Route.php(216): Illuminate/Routing/Route->runController()
#14 D:/projetos/estudo/loop-lab/vendor/laravel/framework/src/Illuminate/Routing/Router.php(822): Illuminate/Routing/Route->run()
#15 D:/projetos/estudo/loop-lab/vendor/laravel/framework/src/Illuminate/Pipeline/Pipeline.php(180): Illuminate/Routing/Router->Illuminate/Routing/{closure}(Object(Illuminate/Http/Request))
#16 D:/projetos/estudo/loop-lab/vendor/laravel/framework/src/Illuminate/Routing/Middleware/SubstituteBindings.php(52): Illuminate/Pipeline/Pipeline->Illuminate/Pipeline/{closure}(Object(Illuminate/Http/Request))
#17 D:/projetos/estudo/loop-lab/vendor/laravel/framework/src/Illuminate/Pipeline/Pipeline.php(219): Illuminate/Routing/Middleware/SubstituteBindings->handle(Object(Illuminate/Http/Request), Object(Closure))
#18 D:/projetos/estudo/loop-lab/vendor/laravel/framework/src/Illuminate/Routing/Middleware/ThrottleRequests.php(168): Illuminate/Pipeline/Pipeline->Illuminate/Pipeline/{closure}(Object(Illuminate/Http/Request))
#19 D:/projetos/estudo/loop-lab/vendor/laravel/framework/src/Illuminate/Routing/Middleware/ThrottleRequests.php(93): Illuminate/Routing/Middleware/ThrottleRequests->handleRequest(Object(Illuminate/Http/Request), Object(Closure), Array)
#20 D:/projetos/estudo/loop-lab/vendor/laravel/framework/src/Illuminate/Pipeline/Pipeline.php(219): Illuminate/Routing/Middleware/ThrottleRequests->handle(Object(Illuminate/Http/Request), Object(Closure), '20', '1')
#21 D:/projetos/estudo/loop-lab/vendor/laravel/framework/src/Illuminate/Foundation/Http/Middleware/PreventRequestForgery.php(104): Illuminate/Pipeline/Pipeline->Illuminate/Pipeline/{closure}(Object(Illuminate/Http/Request))
#22 D:/projetos/estudo/loop-lab/vendor/laravel/framework/src/Illuminate/Pipeline/Pipeline.php(219): Illuminate/Foundation/Http/Middleware/PreventRequestForgery->handle(Object(Illuminate/Http/Request), Object(Closure))
#23 D:/projetos/estudo/loop-lab/vendor/laravel/framework/src/Illuminate/View/Middleware/ShareErrorsFromSession.php(48): Illuminate/Pipeline/Pipeline->Illuminate/Pipeline/{closure}(Object(Illuminate/Http/Request))
#24 D:/projetos/estudo/loop-lab/vendor/laravel/framework/src/Illuminate/Pipeline/Pipeline.php(219): Illuminate/View/Middleware/ShareErrorsFromSession->handle(Object(Illuminate/Http/Request), Object(Closure))
#25 D:/projetos/estudo/loop-lab/vendor/laravel/framework/src/Illuminate/Session/Middleware/StartSession.php(120): Illuminate/Pipeline/Pipeline->Illuminate/Pipeline/{closure}(Object(Illuminate/Http/Request))
#26 D:/projetos/estudo/loop-lab/vendor/laravel/framework/src/Illuminate/Session/Middleware/StartSession.php(63): Illuminate/Session/Middleware/StartSession->handleStatefulRequest(Object(Illuminate/Http/Request), Object(Illuminate/Session/Store), Object(Closure))
#27 D:/projetos/estudo/loop-lab/vendor/laravel/framework/src/Illuminate/Pipeline/Pipeline.php(219): Illuminate/Session/Middleware/StartSession->handle(Object(Illuminate/Http/Request), Object(Closure))
#28 D:/projetos/estudo/loop-lab/vendor/laravel/framework/src/Illuminate/Cookie/Middleware/AddQueuedCookiesToResponse.php(36): Illuminate/Pipeline/Pipeline->Illuminate/Pipeline/{closure}(Object(Illuminate/Http/Request))
#29 D:/projetos/estudo/loop-lab/vendor/laravel/framework/src/Illuminate/Pipeline/Pipeline.php(219): Illuminate/Cookie/Middleware/AddQueuedCookiesToResponse->handle(Object(Illuminate/Http/Request), Object(Closure))
#30 D:/projetos/estudo/loop-lab/vendor/laravel/framework/src/Illuminate/Cookie/Middleware/EncryptCookies.php(74): Illuminate/Pipeline/Pipeline->Illuminate/Pipeline/{closure}(Object(Illuminate/Http/Request))
#31 D:/projetos/estudo/loop-lab/vendor/laravel/framework/src/Illuminate/Pipeline/Pipeline.php(219): Illuminate/Cookie/Middleware/EncryptCookies->handle(Object(Illuminate/Http/Request), Object(Closure))
#32 D:/projetos/estudo/loop-lab/vendor/laravel/framework/src/Illuminate/Pipeline/Pipeline.php(137): Illuminate/Pipeline/Pipeline->Illuminate/Pipeline/{closure}(Object(Illuminate/Http/Request))
#33 D:/projetos/estudo/loop-lab/vendor/laravel/framework/src/Illuminate/Routing/Router.php(821): Illuminate/Pipeline/Pipeline->then(Object(Closure))
#34 D:/projetos/estudo/loop-lab/vendor/laravel/framework/src/Illuminate/Routing/Router.php(800): Illuminate/Routing/Router->runRouteWithinStack(Object(Illuminate/Routing/Route), Object(Illuminate/Http/Request))
#35 D:/projetos/estudo/loop-lab/vendor/laravel/framework/src/Illuminate/Routing/Router.php(764): Illuminate/Routing/Router->runRoute(Object(Illuminate/Http/Request), Object(Illuminate/Routing/Route))
#36 D:/projetos/estudo/loop-lab/vendor/laravel/framework/src/Illuminate/Routing/Router.php(753): Illuminate/Routing/Router->dispatchToRoute(Object(Illuminate/Http/Request))
#37 D:/projetos/estudo/loop-lab/vendor/laravel/framework/src/Illuminate/Foundation/Http/Kernel.php(200): Illuminate/Routing/Router->dispatch(Object(Illuminate/Http/Request))
#38 D:/projetos/estudo/loop-lab/vendor/laravel/framework/src/Illuminate/Pipeline/Pipeline.php(180): Illuminate/Foundation/Http/Kernel->Illuminate/Foundation/Http/{closure}(Object(Illuminate/Http/Request))
#39 D:/projetos/estudo/loop-lab/vendor/laravel/framework/src/Illuminate/Foundation/Http/Middleware/TransformsRequest.php(21): Illuminate/Pipeline/Pipeline->Illuminate/Pipeline/{closure}(Object(Illuminate/Http/Request))
#40 D:/projetos/estudo/loop-lab/vendor/laravel/framework/src/Illuminate/Foundation/Http/Middleware/ConvertEmptyStringsToNull.php(31): Illuminate/Foundation/Http/Middleware/TransformsRequest->handle(Object(Illuminate/Http/Request), Object(Closure))
#41 D:/projetos/estudo/loop-lab/vendor/laravel/framework/src/Illuminate/Pipeline/Pipeline.php(219): Illuminate/Foundation/Http/Middleware/ConvertEmptyStringsToNull->handle(Object(Illuminate/Http/Request), Object(Closure))
#42 D:/projetos/estudo/loop-lab/vendor/laravel/framework/src/Illuminate/Foundation/Http/Middleware/TransformsRequest.php(21): Illuminate/Pipeline/Pipeline->Illuminate/Pipeline/{closure}(Object(Illuminate/Http/Request))
#43 D:/projetos/estudo/loop-lab/vendor/laravel/framework/src/Illuminate/Foundation/Http/Middleware/TrimStrings.php(51): Illuminate/Foundation/Http/Middleware/TransformsRequest->handle(Object(Illuminate/Http/Request), Object(Closure))
#44 D:/projetos/estudo/loop-lab/vendor/laravel/framework/src/Illuminate/Pipeline/Pipeline.php(219): Illuminate/Foundation/Http/Middleware/TrimStrings->handle(Object(Illuminate/Http/Request), Object(Closure))
#45 D:/projetos/estudo/loop-lab/vendor/laravel/framework/src/Illuminate/Http/Middleware/ValidatePostSize.php(27): Illuminate/Pipeline/Pipeline->Illuminate/Pipeline/{closure}(Object(Illuminate/Http/Request))
#46 D:/projetos/estudo/loop-lab/vendor/laravel/framework/src/Illuminate/Pipeline/Pipeline.php(219): Illuminate/Http/Middleware/ValidatePostSize->handle(Object(Illuminate/Http/Request), Object(Closure))
#47 D:/projetos/estudo/loop-lab/vendor/laravel/framework/src/Illuminate/Foundation/Http/Middleware/PreventRequestsDuringMaintenance.php(109): Illuminate/Pipeline/Pipeline->Illuminate/Pipeline/{closure}(Object(Illuminate/Http/Request))
#48 D:/projetos/estudo/loop-lab/vendor/laravel/framework/src/Illuminate/Pipeline/Pipeline.php(219): Illuminate/Foundation/Http/Middleware/PreventRequestsDuringMaintenance->handle(Object(Illuminate/Http/Request), Object(Closure))
#49 D:/projetos/estudo/loop-lab/vendor/laravel/framework/src/Illuminate/Http/Middleware/HandleCors.php(61): Illuminate/Pipeline/Pipeline->Illuminate/Pipeline/{closure}(Object(Illuminate/Http/Request))
#50 D:/projetos/estudo/loop-lab/vendor/laravel/framework/src/Illuminate/Pipeline/Pipeline.php(219): Illuminate/Http/Middleware/HandleCors->handle(Object(Illuminate/Http/Request), Object(Closure))
#51 D:/projetos/estudo/loop-lab/vendor/laravel/framework/src/Illuminate/Http/Middleware/TrustProxies.php(58): Illuminate/Pipeline/Pipeline->Illuminate/Pipeline/{closure}(Object(Illuminate/Http/Request))
#52 D:/projetos/estudo/loop-lab/vendor/laravel/framework/src/Illuminate/Pipeline/Pipeline.php(219): Illuminate/Http/Middleware/TrustProxies->handle(Object(Illuminate/Http/Request), Object(Closure))
#53 D:/projetos/estudo/loop-lab/vendor/laravel/framework/src/Illuminate/Foundation/Http/Middleware/InvokeDeferredCallbacks.php(22): Illuminate/Pipeline/Pipeline->Illuminate/Pipeline/{closure}(Object(Illuminate/Http/Request))
#54 D:/projetos/estudo/loop-lab/vendor/laravel/framework/src/Illuminate/Pipeline/Pipeline.php(219): Illuminate/Foundation/Http/Middleware/InvokeDeferredCallbacks->handle(Object(Illuminate/Http/Request), Object(Closure))
#55 D:/projetos/estudo/loop-lab/vendor/laravel/framework/src/Illuminate/Http/Middleware/ValidatePathEncoding.php(28): Illuminate/Pipeline/Pipeline->Illuminate/Pipeline/{closure}(Object(Illuminate/Http/Request))
#56 D:/projetos/estudo/loop-lab/vendor/laravel/framework/src/Illuminate/Pipeline/Pipeline.php(219): Illuminate/Http/Middleware/ValidatePathEncoding->handle(Object(Illuminate/Http/Request), Object(Closure))
#57 D:/projetos/estudo/loop-lab/vendor/laravel/framework/src/Illuminate/Pipeline/Pipeline.php(137): Illuminate/Pipeline/Pipeline->Illuminate/Pipeline/{closure}(Object(Illuminate/Http/Request))
#58 D:/projetos/estudo/loop-lab/vendor/laravel/framework/src/Illuminate/Foundation/Http/Kernel.php(175): Illuminate/Pipeline/Pipeline->then(Object(Closure))
#59 D:/projetos/estudo/loop-lab/vendor/laravel/framework/src/Illuminate/Foundation/Http/Kernel.php(144): Illuminate/Foundation/Http/Kernel->sendRequestThroughRouter(Object(Illuminate/Http/Request))
#60 D:/projetos/estudo/loop-lab/vendor/laravel/framework/src/Illuminate/Foundation/Testing/Concerns/MakesHttpRequests.php(638): Illuminate/Foundation/Http/Kernel->handle(Object(Illuminate/Http/Request))
#61 D:/projetos/estudo/loop-lab/vendor/laravel/framework/src/Illuminate/Foundation/Testing/Concerns/MakesHttpRequests.php(604): Illuminate/Foundation/Testing/TestCase->call('POST', 'http://localhos...', Array, Array, Array, Array, '{\"code\":\"<?php ...')
#62 D:/projetos/estudo/loop-lab/vendor/laravel/framework/src/Illuminate/Foundation/Testing/Concerns/MakesHttpRequests.php(411): Illuminate/Foundation/Testing/TestCase->json('POST', 'http://localhos...', Array, Array, 0)
#63 D:/projetos/estudo/loop-lab/tests/Feature/LearningFlowTest.php(133): Illuminate/Foundation/Testing/TestCase->postJson('http://localhos...', Array)
#64 D:/projetos/estudo/loop-lab/vendor/phpunit/phpunit/src/Framework/TestCase.php(1318): Tests/Feature/LearningFlowTest->test_hidden_inputs_reject_a_hardcoded_answer()
#65 D:/projetos/estudo/loop-lab/vendor/phpunit/phpunit/src/Framework/TestCase.php(1355): PHPUnit/Framework/TestCase->invokeTestMethod('test_hidden_inp...', Array)
#66 D:/projetos/estudo/loop-lab/vendor/phpunit/phpunit/src/Framework/TestCase.php(521): PHPUnit/Framework/TestCase->runTest()
#67 D:/projetos/estudo/loop-lab/vendor/phpunit/phpunit/src/Framework/TestRunner/TestRunner.php(99): PHPUnit/Framework/TestCase->runBare()
#68 D:/projetos/estudo/loop-lab/vendor/phpunit/phpunit/src/Framework/TestCase.php(361): PHPUnit/Framework/TestRunner->run(Object(Tests/Feature/LearningFlowTest))
#69 D:/projetos/estudo/loop-lab/vendor/phpunit/phpunit/src/Framework/TestSuite.php(374): PHPUnit/Framework/TestCase->run()
#70 D:/projetos/estudo/loop-lab/vendor/phpunit/phpunit/src/Framework/TestSuite.php(374): PHPUnit/Framework/TestSuite->run()
#71 D:/projetos/estudo/loop-lab/vendor/phpunit/phpunit/src/Framework/TestSuite.php(374): PHPUnit/Framework/TestSuite->run()
#72 D:/projetos/estudo/loop-lab/vendor/phpunit/phpunit/src/TextUI/TestRunner.php(64): PHPUnit/Framework/TestSuite->run()
#73 D:/projetos/estudo/loop-lab/vendor/phpunit/phpunit/src/TextUI/Application.php(229): PHPUnit/TextUI/TestRunner->run(Object(PHPUnit/TextUI/Configuration/Configuration), Object(PHPUnit/Runner/ResultCache/DefaultResultCache), Object(PHPUnit/Framework/TestSuite))
#74 D:/projetos/estudo/loop-lab/vendor/phpunit/phpunit/phpunit(104): PHPUnit/TextUI/Application->run(Array)
#75 {main}
"} 
[2026-08-17 12:55:16] testing.ERROR: SQLSTATE[HY000]: General error: 1 ambiguous column name: position (Connection: sqlite, Database: :memory:, SQL: select "lessons".* from "lessons" inner join "modules" on "modules"."id" = "lessons"."module_id" where "is_published" = 1 and (exists (select * from "modules" where "lessons"."module_id" = "modules"."id" and "position" > 3) or ("module_id" = 3 and "position" > 1)) order by "modules"."position" asc, "lessons"."position" asc limit 1) {"exception":"[object] (Illuminate\\Database\\QueryException(code: HY000): SQLSTATE[HY000]: General error: 1 ambiguous column name: position (Connection: sqlite, Database: :memory:, SQL: select \"lessons\".* from \"lessons\" inner join \"modules\" on \"modules\".\"id\" = \"lessons\".\"module_id\" where \"is_published\" = 1 and (exists (select * from \"modules\" where \"lessons\".\"module_id\" = \"modules\".\"id\" and \"position\" > 3) or (\"module_id\" = 3 and \"position\" > 1)) order by \"modules\".\"position\" asc, \"lessons\".\"position\" asc limit 1) at D:/projetos/estudo/loop-lab/vendor/laravel/framework/src/Illuminate/Database/Connection.php:857)
[stacktrace]
#0 D:/projetos/estudo/loop-lab/vendor/laravel/framework/src/Illuminate/Database/Connection.php(813): Illuminate/Database/Connection->runQueryCallback('select \"lessons...', Array, Object(Closure))
#1 D:/projetos/estudo/loop-lab/vendor/laravel/framework/src/Illuminate/Database/Connection.php(426): Illuminate/Database/Connection->run('select \"lessons...', Array, Object(Closure))
#2 D:/projetos/estudo/loop-lab/vendor/laravel/framework/src/Illuminate/Database/Query/Builder.php(3573): Illuminate/Database/Connection->select('select \"lessons...', Array, true, Array)
#3 D:/projetos/estudo/loop-lab/vendor/laravel/framework/src/Illuminate/Database/Query/Builder.php(3557): Illuminate/Database/Query/Builder->runSelect()
#4 D:/projetos/estudo/loop-lab/vendor/laravel/framework/src/Illuminate/Database/Eloquent/Builder.php(908): Illuminate/Database/Query/Builder->get(Array)
#5 D:/projetos/estudo/loop-lab/vendor/laravel/framework/src/Illuminate/Database/Eloquent/Builder.php(890): Illuminate/Database/Eloquent/Builder->getModels(Array)
#6 D:/projetos/estudo/loop-lab/vendor/laravel/framework/src/Illuminate/Database/Concerns/BuildsQueries.php(366): Illuminate/Database/Eloquent/Builder->get(Array)
#7 D:/projetos/estudo/loop-lab/app/Services/LearningPathService.php(32): Illuminate/Database/Eloquent/Builder->first()
#8 D:/projetos/estudo/loop-lab/app/Http/Controllers/LearningController.php(71): App/Services/LearningPathService->next(Object(App/Models/Exercise))
#9 D:/projetos/estudo/loop-lab/vendor/laravel/framework/src/Illuminate/Routing/ControllerDispatcher.php(46): App/Http/Controllers/LearningController->validateAnswer(Object(App/Http/Requests/RunCodeRequest), Object(App/Models/Exercise), Object(App/Services/ExerciseValidator), Object(App/Services/LearningPathService))
#10 D:/projetos/estudo/loop-lab/vendor/laravel/framework/src/Illuminate/Routing/Route.php(276): Illuminate/Routing/ControllerDispatcher->dispatch(Object(Illuminate/Routing/Route), Object(App/Http/Controllers/LearningController), 'validateAnswer')
#11 D:/projetos/estudo/loop-lab/vendor/laravel/framework/src/Illuminate/Routing/Route.php(216): Illuminate/Routing/Route->runController()
#12 D:/projetos/estudo/loop-lab/vendor/laravel/framework/src/Illuminate/Routing/Router.php(822): Illuminate/Routing/Route->run()
#13 D:/projetos/estudo/loop-lab/vendor/laravel/framework/src/Illuminate/Pipeline/Pipeline.php(180): Illuminate/Routing/Router->Illuminate/Routing/{closure}(Object(Illuminate/Http/Request))
#14 D:/projetos/estudo/loop-lab/vendor/laravel/framework/src/Illuminate/Routing/Middleware/SubstituteBindings.php(52): Illuminate/Pipeline/Pipeline->Illuminate/Pipeline/{closure}(Object(Illuminate/Http/Request))
#15 D:/projetos/estudo/loop-lab/vendor/laravel/framework/src/Illuminate/Pipeline/Pipeline.php(219): Illuminate/Routing/Middleware/SubstituteBindings->handle(Object(Illuminate/Http/Request), Object(Closure))
#16 D:/projetos/estudo/loop-lab/vendor/laravel/framework/src/Illuminate/Routing/Middleware/ThrottleRequests.php(168): Illuminate/Pipeline/Pipeline->Illuminate/Pipeline/{closure}(Object(Illuminate/Http/Request))
#17 D:/projetos/estudo/loop-lab/vendor/laravel/framework/src/Illuminate/Routing/Middleware/ThrottleRequests.php(93): Illuminate/Routing/Middleware/ThrottleRequests->handleRequest(Object(Illuminate/Http/Request), Object(Closure), Array)
#18 D:/projetos/estudo/loop-lab/vendor/laravel/framework/src/Illuminate/Pipeline/Pipeline.php(219): Illuminate/Routing/Middleware/ThrottleRequests->handle(Object(Illuminate/Http/Request), Object(Closure), '20', '1')
#19 D:/projetos/estudo/loop-lab/vendor/laravel/framework/src/Illuminate/Foundation/Http/Middleware/PreventRequestForgery.php(104): Illuminate/Pipeline/Pipeline->Illuminate/Pipeline/{closure}(Object(Illuminate/Http/Request))
#20 D:/projetos/estudo/loop-lab/vendor/laravel/framework/src/Illuminate/Pipeline/Pipeline.php(219): Illuminate/Foundation/Http/Middleware/PreventRequestForgery->handle(Object(Illuminate/Http/Request), Object(Closure))
#21 D:/projetos/estudo/loop-lab/vendor/laravel/framework/src/Illuminate/View/Middleware/ShareErrorsFromSession.php(48): Illuminate/Pipeline/Pipeline->Illuminate/Pipeline/{closure}(Object(Illuminate/Http/Request))
#22 D:/projetos/estudo/loop-lab/vendor/laravel/framework/src/Illuminate/Pipeline/Pipeline.php(219): Illuminate/View/Middleware/ShareErrorsFromSession->handle(Object(Illuminate/Http/Request), Object(Closure))
#23 D:/projetos/estudo/loop-lab/vendor/laravel/framework/src/Illuminate/Session/Middleware/StartSession.php(120): Illuminate/Pipeline/Pipeline->Illuminate/Pipeline/{closure}(Object(Illuminate/Http/Request))
#24 D:/projetos/estudo/loop-lab/vendor/laravel/framework/src/Illuminate/Session/Middleware/StartSession.php(63): Illuminate/Session/Middleware/StartSession->handleStatefulRequest(Object(Illuminate/Http/Request), Object(Illuminate/Session/Store), Object(Closure))
#25 D:/projetos/estudo/loop-lab/vendor/laravel/framework/src/Illuminate/Pipeline/Pipeline.php(219): Illuminate/Session/Middleware/StartSession->handle(Object(Illuminate/Http/Request), Object(Closure))
#26 D:/projetos/estudo/loop-lab/vendor/laravel/framework/src/Illuminate/Cookie/Middleware/AddQueuedCookiesToResponse.php(36): Illuminate/Pipeline/Pipeline->Illuminate/Pipeline/{closure}(Object(Illuminate/Http/Request))
#27 D:/projetos/estudo/loop-lab/vendor/laravel/framework/src/Illuminate/Pipeline/Pipeline.php(219): Illuminate/Cookie/Middleware/AddQueuedCookiesToResponse->handle(Object(Illuminate/Http/Request), Object(Closure))
#28 D:/projetos/estudo/loop-lab/vendor/laravel/framework/src/Illuminate/Cookie/Middleware/EncryptCookies.php(74): Illuminate/Pipeline/Pipeline->Illuminate/Pipeline/{closure}(Object(Illuminate/Http/Request))
#29 D:/projetos/estudo/loop-lab/vendor/laravel/framework/src/Illuminate/Pipeline/Pipeline.php(219): Illuminate/Cookie/Middleware/EncryptCookies->handle(Object(Illuminate/Http/Request), Object(Closure))
#30 D:/projetos/estudo/loop-lab/vendor/laravel/framework/src/Illuminate/Pipeline/Pipeline.php(137): Illuminate/Pipeline/Pipeline->Illuminate/Pipeline/{closure}(Object(Illuminate/Http/Request))
#31 D:/projetos/estudo/loop-lab/vendor/laravel/framework/src/Illuminate/Routing/Router.php(821): Illuminate/Pipeline/Pipeline->then(Object(Closure))
#32 D:/projetos/estudo/loop-lab/vendor/laravel/framework/src/Illuminate/Routing/Router.php(800): Illuminate/Routing/Router->runRouteWithinStack(Object(Illuminate/Routing/Route), Object(Illuminate/Http/Request))
#33 D:/projetos/estudo/loop-lab/vendor/laravel/framework/src/Illuminate/Routing/Router.php(764): Illuminate/Routing/Router->runRoute(Object(Illuminate/Http/Request), Object(Illuminate/Routing/Route))
#34 D:/projetos/estudo/loop-lab/vendor/laravel/framework/src/Illuminate/Routing/Router.php(753): Illuminate/Routing/Router->dispatchToRoute(Object(Illuminate/Http/Request))
#35 D:/projetos/estudo/loop-lab/vendor/laravel/framework/src/Illuminate/Foundation/Http/Kernel.php(200): Illuminate/Routing/Router->dispatch(Object(Illuminate/Http/Request))
#36 D:/projetos/estudo/loop-lab/vendor/laravel/framework/src/Illuminate/Pipeline/Pipeline.php(180): Illuminate/Foundation/Http/Kernel->Illuminate/Foundation/Http/{closure}(Object(Illuminate/Http/Request))
#37 D:/projetos/estudo/loop-lab/vendor/laravel/framework/src/Illuminate/Foundation/Http/Middleware/TransformsRequest.php(21): Illuminate/Pipeline/Pipeline->Illuminate/Pipeline/{closure}(Object(Illuminate/Http/Request))
#38 D:/projetos/estudo/loop-lab/vendor/laravel/framework/src/Illuminate/Foundation/Http/Middleware/ConvertEmptyStringsToNull.php(31): Illuminate/Foundation/Http/Middleware/TransformsRequest->handle(Object(Illuminate/Http/Request), Object(Closure))
#39 D:/projetos/estudo/loop-lab/vendor/laravel/framework/src/Illuminate/Pipeline/Pipeline.php(219): Illuminate/Foundation/Http/Middleware/ConvertEmptyStringsToNull->handle(Object(Illuminate/Http/Request), Object(Closure))
#40 D:/projetos/estudo/loop-lab/vendor/laravel/framework/src/Illuminate/Foundation/Http/Middleware/TransformsRequest.php(21): Illuminate/Pipeline/Pipeline->Illuminate/Pipeline/{closure}(Object(Illuminate/Http/Request))
#41 D:/projetos/estudo/loop-lab/vendor/laravel/framework/src/Illuminate/Foundation/Http/Middleware/TrimStrings.php(51): Illuminate/Foundation/Http/Middleware/TransformsRequest->handle(Object(Illuminate/Http/Request), Object(Closure))
#42 D:/projetos/estudo/loop-lab/vendor/laravel/framework/src/Illuminate/Pipeline/Pipeline.php(219): Illuminate/Foundation/Http/Middleware/TrimStrings->handle(Object(Illuminate/Http/Request), Object(Closure))
#43 D:/projetos/estudo/loop-lab/vendor/laravel/framework/src/Illuminate/Http/Middleware/ValidatePostSize.php(27): Illuminate/Pipeline/Pipeline->Illuminate/Pipeline/{closure}(Object(Illuminate/Http/Request))
#44 D:/projetos/estudo/loop-lab/vendor/laravel/framework/src/Illuminate/Pipeline/Pipeline.php(219): Illuminate/Http/Middleware/ValidatePostSize->handle(Object(Illuminate/Http/Request), Object(Closure))
#45 D:/projetos/estudo/loop-lab/vendor/laravel/framework/src/Illuminate/Foundation/Http/Middleware/PreventRequestsDuringMaintenance.php(109): Illuminate/Pipeline/Pipeline->Illuminate/Pipeline/{closure}(Object(Illuminate/Http/Request))
#46 D:/projetos/estudo/loop-lab/vendor/laravel/framework/src/Illuminate/Pipeline/Pipeline.php(219): Illuminate/Foundation/Http/Middleware/PreventRequestsDuringMaintenance->handle(Object(Illuminate/Http/Request), Object(Closure))
#47 D:/projetos/estudo/loop-lab/vendor/laravel/framework/src/Illuminate/Http/Middleware/HandleCors.php(61): Illuminate/Pipeline/Pipeline->Illuminate/Pipeline/{closure}(Object(Illuminate/Http/Request))
#48 D:/projetos/estudo/loop-lab/vendor/laravel/framework/src/Illuminate/Pipeline/Pipeline.php(219): Illuminate/Http/Middleware/HandleCors->handle(Object(Illuminate/Http/Request), Object(Closure))
#49 D:/projetos/estudo/loop-lab/vendor/laravel/framework/src/Illuminate/Http/Middleware/TrustProxies.php(58): Illuminate/Pipeline/Pipeline->Illuminate/Pipeline/{closure}(Object(Illuminate/Http/Request))
#50 D:/projetos/estudo/loop-lab/vendor/laravel/framework/src/Illuminate/Pipeline/Pipeline.php(219): Illuminate/Http/Middleware/TrustProxies->handle(Object(Illuminate/Http/Request), Object(Closure))
#51 D:/projetos/estudo/loop-lab/vendor/laravel/framework/src/Illuminate/Foundation/Http/Middleware/InvokeDeferredCallbacks.php(22): Illuminate/Pipeline/Pipeline->Illuminate/Pipeline/{closure}(Object(Illuminate/Http/Request))
#52 D:/projetos/estudo/loop-lab/vendor/laravel/framework/src/Illuminate/Pipeline/Pipeline.php(219): Illuminate/Foundation/Http/Middleware/InvokeDeferredCallbacks->handle(Object(Illuminate/Http/Request), Object(Closure))
#53 D:/projetos/estudo/loop-lab/vendor/laravel/framework/src/Illuminate/Http/Middleware/ValidatePathEncoding.php(28): Illuminate/Pipeline/Pipeline->Illuminate/Pipeline/{closure}(Object(Illuminate/Http/Request))
#54 D:/projetos/estudo/loop-lab/vendor/laravel/framework/src/Illuminate/Pipeline/Pipeline.php(219): Illuminate/Http/Middleware/ValidatePathEncoding->handle(Object(Illuminate/Http/Request), Object(Closure))
#55 D:/projetos/estudo/loop-lab/vendor/laravel/framework/src/Illuminate/Pipeline/Pipeline.php(137): Illuminate/Pipeline/Pipeline->Illuminate/Pipeline/{closure}(Object(Illuminate/Http/Request))
#56 D:/projetos/estudo/loop-lab/vendor/laravel/framework/src/Illuminate/Foundation/Http/Kernel.php(175): Illuminate/Pipeline/Pipeline->then(Object(Closure))
#57 D:/projetos/estudo/loop-lab/vendor/laravel/framework/src/Illuminate/Foundation/Http/Kernel.php(144): Illuminate/Foundation/Http/Kernel->sendRequestThroughRouter(Object(Illuminate/Http/Request))
#58 D:/projetos/estudo/loop-lab/vendor/laravel/framework/src/Illuminate/Foundation/Testing/Concerns/MakesHttpRequests.php(638): Illuminate/Foundation/Http/Kernel->handle(Object(Illuminate/Http/Request))
#59 D:/projetos/estudo/loop-lab/vendor/laravel/framework/src/Illuminate/Foundation/Testing/Concerns/MakesHttpRequests.php(604): Illuminate/Foundation/Testing/TestCase->call('POST', 'http://localhos...', Array, Array, Array, Array, '{\"code\":\"B\"}')
#60 D:/projetos/estudo/loop-lab/vendor/laravel/framework/src/Illuminate/Foundation/Testing/Concerns/MakesHttpRequests.php(411): Illuminate/Foundation/Testing/TestCase->json('POST', 'http://localhos...', Array, Array, 0)
#61 D:/projetos/estudo/loop-lab/tests/Feature/LearningFlowTest.php(150): Illuminate/Foundation/Testing/TestCase->postJson('http://localhos...', Array)
#62 D:/projetos/estudo/loop-lab/vendor/phpunit/phpunit/src/Framework/TestCase.php(1318): Tests/Feature/LearningFlowTest->test_prediction_exercise_can_be_answered()
#63 D:/projetos/estudo/loop-lab/vendor/phpunit/phpunit/src/Framework/TestCase.php(1355): PHPUnit/Framework/TestCase->invokeTestMethod('test_prediction...', Array)
#64 D:/projetos/estudo/loop-lab/vendor/phpunit/phpunit/src/Framework/TestCase.php(521): PHPUnit/Framework/TestCase->runTest()
#65 D:/projetos/estudo/loop-lab/vendor/phpunit/phpunit/src/Framework/TestRunner/TestRunner.php(99): PHPUnit/Framework/TestCase->runBare()
#66 D:/projetos/estudo/loop-lab/vendor/phpunit/phpunit/src/Framework/TestCase.php(361): PHPUnit/Framework/TestRunner->run(Object(Tests/Feature/LearningFlowTest))
#67 D:/projetos/estudo/loop-lab/vendor/phpunit/phpunit/src/Framework/TestSuite.php(374): PHPUnit/Framework/TestCase->run()
#68 D:/projetos/estudo/loop-lab/vendor/phpunit/phpunit/src/Framework/TestSuite.php(374): PHPUnit/Framework/TestSuite->run()
#69 D:/projetos/estudo/loop-lab/vendor/phpunit/phpunit/src/Framework/TestSuite.php(374): PHPUnit/Framework/TestSuite->run()
#70 D:/projetos/estudo/loop-lab/vendor/phpunit/phpunit/src/TextUI/TestRunner.php(64): PHPUnit/Framework/TestSuite->run()
#71 D:/projetos/estudo/loop-lab/vendor/phpunit/phpunit/src/TextUI/Application.php(229): PHPUnit/TextUI/TestRunner->run(Object(PHPUnit/TextUI/Configuration/Configuration), Object(PHPUnit/Runner/ResultCache/DefaultResultCache), Object(PHPUnit/Framework/TestSuite))
#72 D:/projetos/estudo/loop-lab/vendor/phpunit/phpunit/phpunit(104): PHPUnit/TextUI/Application->run(Array)
#73 {main}

[previous exception] [object] (PDOException(code: HY000): SQLSTATE[HY000]: General error: 1 ambiguous column name: position at D:/projetos/estudo/loop-lab/vendor/laravel/framework/src/Illuminate/Database/Connection.php:435)
[stacktrace]
#0 D:/projetos/estudo/loop-lab/vendor/laravel/framework/src/Illuminate/Database/Connection.php(435): PDO->prepare('select \"lessons...')
#1 D:/projetos/estudo/loop-lab/vendor/laravel/framework/src/Illuminate/Database/Connection.php(846): Illuminate/Database/Connection->Illuminate/Database/{closure}('select \"lessons...', Array)
#2 D:/projetos/estudo/loop-lab/vendor/laravel/framework/src/Illuminate/Database/Connection.php(813): Illuminate/Database/Connection->runQueryCallback('select \"lessons...', Array, Object(Closure))
#3 D:/projetos/estudo/loop-lab/vendor/laravel/framework/src/Illuminate/Database/Connection.php(426): Illuminate/Database/Connection->run('select \"lessons...', Array, Object(Closure))
#4 D:/projetos/estudo/loop-lab/vendor/laravel/framework/src/Illuminate/Database/Query/Builder.php(3573): Illuminate/Database/Connection->select('select \"lessons...', Array, true, Array)
#5 D:/projetos/estudo/loop-lab/vendor/laravel/framework/src/Illuminate/Database/Query/Builder.php(3557): Illuminate/Database/Query/Builder->runSelect()
#6 D:/projetos/estudo/loop-lab/vendor/laravel/framework/src/Illuminate/Database/Eloquent/Builder.php(908): Illuminate/Database/Query/Builder->get(Array)
#7 D:/projetos/estudo/loop-lab/vendor/laravel/framework/src/Illuminate/Database/Eloquent/Builder.php(890): Illuminate/Database/Eloquent/Builder->getModels(Array)
#8 D:/projetos/estudo/loop-lab/vendor/laravel/framework/src/Illuminate/Database/Concerns/BuildsQueries.php(366): Illuminate/Database/Eloquent/Builder->get(Array)
#9 D:/projetos/estudo/loop-lab/app/Services/LearningPathService.php(32): Illuminate/Database/Eloquent/Builder->first()
#10 D:/projetos/estudo/loop-lab/app/Http/Controllers/LearningController.php(71): App/Services/LearningPathService->next(Object(App/Models/Exercise))
#11 D:/projetos/estudo/loop-lab/vendor/laravel/framework/src/Illuminate/Routing/ControllerDispatcher.php(46): App/Http/Controllers/LearningController->validateAnswer(Object(App/Http/Requests/RunCodeRequest), Object(App/Models/Exercise), Object(App/Services/ExerciseValidator), Object(App/Services/LearningPathService))
#12 D:/projetos/estudo/loop-lab/vendor/laravel/framework/src/Illuminate/Routing/Route.php(276): Illuminate/Routing/ControllerDispatcher->dispatch(Object(Illuminate/Routing/Route), Object(App/Http/Controllers/LearningController), 'validateAnswer')
#13 D:/projetos/estudo/loop-lab/vendor/laravel/framework/src/Illuminate/Routing/Route.php(216): Illuminate/Routing/Route->runController()
#14 D:/projetos/estudo/loop-lab/vendor/laravel/framework/src/Illuminate/Routing/Router.php(822): Illuminate/Routing/Route->run()
#15 D:/projetos/estudo/loop-lab/vendor/laravel/framework/src/Illuminate/Pipeline/Pipeline.php(180): Illuminate/Routing/Router->Illuminate/Routing/{closure}(Object(Illuminate/Http/Request))
#16 D:/projetos/estudo/loop-lab/vendor/laravel/framework/src/Illuminate/Routing/Middleware/SubstituteBindings.php(52): Illuminate/Pipeline/Pipeline->Illuminate/Pipeline/{closure}(Object(Illuminate/Http/Request))
#17 D:/projetos/estudo/loop-lab/vendor/laravel/framework/src/Illuminate/Pipeline/Pipeline.php(219): Illuminate/Routing/Middleware/SubstituteBindings->handle(Object(Illuminate/Http/Request), Object(Closure))
#18 D:/projetos/estudo/loop-lab/vendor/laravel/framework/src/Illuminate/Routing/Middleware/ThrottleRequests.php(168): Illuminate/Pipeline/Pipeline->Illuminate/Pipeline/{closure}(Object(Illuminate/Http/Request))
#19 D:/projetos/estudo/loop-lab/vendor/laravel/framework/src/Illuminate/Routing/Middleware/ThrottleRequests.php(93): Illuminate/Routing/Middleware/ThrottleRequests->handleRequest(Object(Illuminate/Http/Request), Object(Closure), Array)
#20 D:/projetos/estudo/loop-lab/vendor/laravel/framework/src/Illuminate/Pipeline/Pipeline.php(219): Illuminate/Routing/Middleware/ThrottleRequests->handle(Object(Illuminate/Http/Request), Object(Closure), '20', '1')
#21 D:/projetos/estudo/loop-lab/vendor/laravel/framework/src/Illuminate/Foundation/Http/Middleware/PreventRequestForgery.php(104): Illuminate/Pipeline/Pipeline->Illuminate/Pipeline/{closure}(Object(Illuminate/Http/Request))
#22 D:/projetos/estudo/loop-lab/vendor/laravel/framework/src/Illuminate/Pipeline/Pipeline.php(219): Illuminate/Foundation/Http/Middleware/PreventRequestForgery->handle(Object(Illuminate/Http/Request), Object(Closure))
#23 D:/projetos/estudo/loop-lab/vendor/laravel/framework/src/Illuminate/View/Middleware/ShareErrorsFromSession.php(48): Illuminate/Pipeline/Pipeline->Illuminate/Pipeline/{closure}(Object(Illuminate/Http/Request))
#24 D:/projetos/estudo/loop-lab/vendor/laravel/framework/src/Illuminate/Pipeline/Pipeline.php(219): Illuminate/View/Middleware/ShareErrorsFromSession->handle(Object(Illuminate/Http/Request), Object(Closure))
#25 D:/projetos/estudo/loop-lab/vendor/laravel/framework/src/Illuminate/Session/Middleware/StartSession.php(120): Illuminate/Pipeline/Pipeline->Illuminate/Pipeline/{closure}(Object(Illuminate/Http/Request))
#26 D:/projetos/estudo/loop-lab/vendor/laravel/framework/src/Illuminate/Session/Middleware/StartSession.php(63): Illuminate/Session/Middleware/StartSession->handleStatefulRequest(Object(Illuminate/Http/Request), Object(Illuminate/Session/Store), Object(Closure))
#27 D:/projetos/estudo/loop-lab/vendor/laravel/framework/src/Illuminate/Pipeline/Pipeline.php(219): Illuminate/Session/Middleware/StartSession->handle(Object(Illuminate/Http/Request), Object(Closure))
#28 D:/projetos/estudo/loop-lab/vendor/laravel/framework/src/Illuminate/Cookie/Middleware/AddQueuedCookiesToResponse.php(36): Illuminate/Pipeline/Pipeline->Illuminate/Pipeline/{closure}(Object(Illuminate/Http/Request))
#29 D:/projetos/estudo/loop-lab/vendor/laravel/framework/src/Illuminate/Pipeline/Pipeline.php(219): Illuminate/Cookie/Middleware/AddQueuedCookiesToResponse->handle(Object(Illuminate/Http/Request), Object(Closure))
#30 D:/projetos/estudo/loop-lab/vendor/laravel/framework/src/Illuminate/Cookie/Middleware/EncryptCookies.php(74): Illuminate/Pipeline/Pipeline->Illuminate/Pipeline/{closure}(Object(Illuminate/Http/Request))
#31 D:/projetos/estudo/loop-lab/vendor/laravel/framework/src/Illuminate/Pipeline/Pipeline.php(219): Illuminate/Cookie/Middleware/EncryptCookies->handle(Object(Illuminate/Http/Request), Object(Closure))
#32 D:/projetos/estudo/loop-lab/vendor/laravel/framework/src/Illuminate/Pipeline/Pipeline.php(137): Illuminate/Pipeline/Pipeline->Illuminate/Pipeline/{closure}(Object(Illuminate/Http/Request))
#33 D:/projetos/estudo/loop-lab/vendor/laravel/framework/src/Illuminate/Routing/Router.php(821): Illuminate/Pipeline/Pipeline->then(Object(Closure))
#34 D:/projetos/estudo/loop-lab/vendor/laravel/framework/src/Illuminate/Routing/Router.php(800): Illuminate/Routing/Router->runRouteWithinStack(Object(Illuminate/Routing/Route), Object(Illuminate/Http/Request))
#35 D:/projetos/estudo/loop-lab/vendor/laravel/framework/src/Illuminate/Routing/Router.php(764): Illuminate/Routing/Router->runRoute(Object(Illuminate/Http/Request), Object(Illuminate/Routing/Route))
#36 D:/projetos/estudo/loop-lab/vendor/laravel/framework/src/Illuminate/Routing/Router.php(753): Illuminate/Routing/Router->dispatchToRoute(Object(Illuminate/Http/Request))
#37 D:/projetos/estudo/loop-lab/vendor/laravel/framework/src/Illuminate/Foundation/Http/Kernel.php(200): Illuminate/Routing/Router->dispatch(Object(Illuminate/Http/Request))
#38 D:/projetos/estudo/loop-lab/vendor/laravel/framework/src/Illuminate/Pipeline/Pipeline.php(180): Illuminate/Foundation/Http/Kernel->Illuminate/Foundation/Http/{closure}(Object(Illuminate/Http/Request))
#39 D:/projetos/estudo/loop-lab/vendor/laravel/framework/src/Illuminate/Foundation/Http/Middleware/TransformsRequest.php(21): Illuminate/Pipeline/Pipeline->Illuminate/Pipeline/{closure}(Object(Illuminate/Http/Request))
#40 D:/projetos/estudo/loop-lab/vendor/laravel/framework/src/Illuminate/Foundation/Http/Middleware/ConvertEmptyStringsToNull.php(31): Illuminate/Foundation/Http/Middleware/TransformsRequest->handle(Object(Illuminate/Http/Request), Object(Closure))
#41 D:/projetos/estudo/loop-lab/vendor/laravel/framework/src/Illuminate/Pipeline/Pipeline.php(219): Illuminate/Foundation/Http/Middleware/ConvertEmptyStringsToNull->handle(Object(Illuminate/Http/Request), Object(Closure))
#42 D:/projetos/estudo/loop-lab/vendor/laravel/framework/src/Illuminate/Foundation/Http/Middleware/TransformsRequest.php(21): Illuminate/Pipeline/Pipeline->Illuminate/Pipeline/{closure}(Object(Illuminate/Http/Request))
#43 D:/projetos/estudo/loop-lab/vendor/laravel/framework/src/Illuminate/Foundation/Http/Middleware/TrimStrings.php(51): Illuminate/Foundation/Http/Middleware/TransformsRequest->handle(Object(Illuminate/Http/Request), Object(Closure))
#44 D:/projetos/estudo/loop-lab/vendor/laravel/framework/src/Illuminate/Pipeline/Pipeline.php(219): Illuminate/Foundation/Http/Middleware/TrimStrings->handle(Object(Illuminate/Http/Request), Object(Closure))
#45 D:/projetos/estudo/loop-lab/vendor/laravel/framework/src/Illuminate/Http/Middleware/ValidatePostSize.php(27): Illuminate/Pipeline/Pipeline->Illuminate/Pipeline/{closure}(Object(Illuminate/Http/Request))
#46 D:/projetos/estudo/loop-lab/vendor/laravel/framework/src/Illuminate/Pipeline/Pipeline.php(219): Illuminate/Http/Middleware/ValidatePostSize->handle(Object(Illuminate/Http/Request), Object(Closure))
#47 D:/projetos/estudo/loop-lab/vendor/laravel/framework/src/Illuminate/Foundation/Http/Middleware/PreventRequestsDuringMaintenance.php(109): Illuminate/Pipeline/Pipeline->Illuminate/Pipeline/{closure}(Object(Illuminate/Http/Request))
#48 D:/projetos/estudo/loop-lab/vendor/laravel/framework/src/Illuminate/Pipeline/Pipeline.php(219): Illuminate/Foundation/Http/Middleware/PreventRequestsDuringMaintenance->handle(Object(Illuminate/Http/Request), Object(Closure))
#49 D:/projetos/estudo/loop-lab/vendor/laravel/framework/src/Illuminate/Http/Middleware/HandleCors.php(61): Illuminate/Pipeline/Pipeline->Illuminate/Pipeline/{closure}(Object(Illuminate/Http/Request))
#50 D:/projetos/estudo/loop-lab/vendor/laravel/framework/src/Illuminate/Pipeline/Pipeline.php(219): Illuminate/Http/Middleware/HandleCors->handle(Object(Illuminate/Http/Request), Object(Closure))
#51 D:/projetos/estudo/loop-lab/vendor/laravel/framework/src/Illuminate/Http/Middleware/TrustProxies.php(58): Illuminate/Pipeline/Pipeline->Illuminate/Pipeline/{closure}(Object(Illuminate/Http/Request))
#52 D:/projetos/estudo/loop-lab/vendor/laravel/framework/src/Illuminate/Pipeline/Pipeline.php(219): Illuminate/Http/Middleware/TrustProxies->handle(Object(Illuminate/Http/Request), Object(Closure))
#53 D:/projetos/estudo/loop-lab/vendor/laravel/framework/src/Illuminate/Foundation/Http/Middleware/InvokeDeferredCallbacks.php(22): Illuminate/Pipeline/Pipeline->Illuminate/Pipeline/{closure}(Object(Illuminate/Http/Request))
#54 D:/projetos/estudo/loop-lab/vendor/laravel/framework/src/Illuminate/Pipeline/Pipeline.php(219): Illuminate/Foundation/Http/Middleware/InvokeDeferredCallbacks->handle(Object(Illuminate/Http/Request), Object(Closure))
#55 D:/projetos/estudo/loop-lab/vendor/laravel/framework/src/Illuminate/Http/Middleware/ValidatePathEncoding.php(28): Illuminate/Pipeline/Pipeline->Illuminate/Pipeline/{closure}(Object(Illuminate/Http/Request))
#56 D:/projetos/estudo/loop-lab/vendor/laravel/framework/src/Illuminate/Pipeline/Pipeline.php(219): Illuminate/Http/Middleware/ValidatePathEncoding->handle(Object(Illuminate/Http/Request), Object(Closure))
#57 D:/projetos/estudo/loop-lab/vendor/laravel/framework/src/Illuminate/Pipeline/Pipeline.php(137): Illuminate/Pipeline/Pipeline->Illuminate/Pipeline/{closure}(Object(Illuminate/Http/Request))
#58 D:/projetos/estudo/loop-lab/vendor/laravel/framework/src/Illuminate/Foundation/Http/Kernel.php(175): Illuminate/Pipeline/Pipeline->then(Object(Closure))
#59 D:/projetos/estudo/loop-lab/vendor/laravel/framework/src/Illuminate/Foundation/Http/Kernel.php(144): Illuminate/Foundation/Http/Kernel->sendRequestThroughRouter(Object(Illuminate/Http/Request))
#60 D:/projetos/estudo/loop-lab/vendor/laravel/framework/src/Illuminate/Foundation/Testing/Concerns/MakesHttpRequests.php(638): Illuminate/Foundation/Http/Kernel->handle(Object(Illuminate/Http/Request))
#61 D:/projetos/estudo/loop-lab/vendor/laravel/framework/src/Illuminate/Foundation/Testing/Concerns/MakesHttpRequests.php(604): Illuminate/Foundation/Testing/TestCase->call('POST', 'http://localhos...', Array, Array, Array, Array, '{\"code\":\"B\"}')
#62 D:/projetos/estudo/loop-lab/vendor/laravel/framework/src/Illuminate/Foundation/Testing/Concerns/MakesHttpRequests.php(411): Illuminate/Foundation/Testing/TestCase->json('POST', 'http://localhos...', Array, Array, 0)
#63 D:/projetos/estudo/loop-lab/tests/Feature/LearningFlowTest.php(150): Illuminate/Foundation/Testing/TestCase->postJson('http://localhos...', Array)
#64 D:/projetos/estudo/loop-lab/vendor/phpunit/phpunit/src/Framework/TestCase.php(1318): Tests/Feature/LearningFlowTest->test_prediction_exercise_can_be_answered()
#65 D:/projetos/estudo/loop-lab/vendor/phpunit/phpunit/src/Framework/TestCase.php(1355): PHPUnit/Framework/TestCase->invokeTestMethod('test_prediction...', Array)
#66 D:/projetos/estudo/loop-lab/vendor/phpunit/phpunit/src/Framework/TestCase.php(521): PHPUnit/Framework/TestCase->runTest()
#67 D:/projetos/estudo/loop-lab/vendor/phpunit/phpunit/src/Framework/TestRunner/TestRunner.php(99): PHPUnit/Framework/TestCase->runBare()
#68 D:/projetos/estudo/loop-lab/vendor/phpunit/phpunit/src/Framework/TestCase.php(361): PHPUnit/Framework/TestRunner->run(Object(Tests/Feature/LearningFlowTest))
#69 D:/projetos/estudo/loop-lab/vendor/phpunit/phpunit/src/Framework/TestSuite.php(374): PHPUnit/Framework/TestCase->run()
#70 D:/projetos/estudo/loop-lab/vendor/phpunit/phpunit/src/Framework/TestSuite.php(374): PHPUnit/Framework/TestSuite->run()
#71 D:/projetos/estudo/loop-lab/vendor/phpunit/phpunit/src/Framework/TestSuite.php(374): PHPUnit/Framework/TestSuite->run()
#72 D:/projetos/estudo/loop-lab/vendor/phpunit/phpunit/src/TextUI/TestRunner.php(64): PHPUnit/Framework/TestSuite->run()
#73 D:/projetos/estudo/loop-lab/vendor/phpunit/phpunit/src/TextUI/Application.php(229): PHPUnit/TextUI/TestRunner->run(Object(PHPUnit/TextUI/Configuration/Configuration), Object(PHPUnit/Runner/ResultCache/DefaultResultCache), Object(PHPUnit/Framework/TestSuite))
#74 D:/projetos/estudo/loop-lab/vendor/phpunit/phpunit/phpunit(104): PHPUnit/TextUI/Application->run(Array)
#75 {main}
"} 
[2026-08-17 12:55:46] testing.ERROR: SQLSTATE[HY000]: General error: 1 ambiguous column name: position (Connection: sqlite, Database: :memory:, SQL: select "lessons".* from "lessons" inner join "modules" on "modules"."id" = "lessons"."module_id" where "is_published" = 1 and (exists (select * from "modules" where "lessons"."module_id" = "modules"."id" and "position" > 4) or ("module_id" = 4 and "position" > 2)) order by "modules"."position" asc, "lessons"."position" asc limit 1) {"exception":"[object] (Illuminate\\Database\\QueryException(code: HY000): SQLSTATE[HY000]: General error: 1 ambiguous column name: position (Connection: sqlite, Database: :memory:, SQL: select \"lessons\".* from \"lessons\" inner join \"modules\" on \"modules\".\"id\" = \"lessons\".\"module_id\" where \"is_published\" = 1 and (exists (select * from \"modules\" where \"lessons\".\"module_id\" = \"modules\".\"id\" and \"position\" > 4) or (\"module_id\" = 4 and \"position\" > 2)) order by \"modules\".\"position\" asc, \"lessons\".\"position\" asc limit 1) at D:/projetos/estudo/loop-lab/vendor/laravel/framework/src/Illuminate/Database/Connection.php:857)
[stacktrace]
#0 D:/projetos/estudo/loop-lab/vendor/laravel/framework/src/Illuminate/Database/Connection.php(813): Illuminate/Database/Connection->runQueryCallback('select \"lessons...', Array, Object(Closure))
#1 D:/projetos/estudo/loop-lab/vendor/laravel/framework/src/Illuminate/Database/Connection.php(426): Illuminate/Database/Connection->run('select \"lessons...', Array, Object(Closure))
#2 D:/projetos/estudo/loop-lab/vendor/laravel/framework/src/Illuminate/Database/Query/Builder.php(3573): Illuminate/Database/Connection->select('select \"lessons...', Array, true, Array)
#3 D:/projetos/estudo/loop-lab/vendor/laravel/framework/src/Illuminate/Database/Query/Builder.php(3557): Illuminate/Database/Query/Builder->runSelect()
#4 D:/projetos/estudo/loop-lab/vendor/laravel/framework/src/Illuminate/Database/Eloquent/Builder.php(908): Illuminate/Database/Query/Builder->get(Array)
#5 D:/projetos/estudo/loop-lab/vendor/laravel/framework/src/Illuminate/Database/Eloquent/Builder.php(890): Illuminate/Database/Eloquent/Builder->getModels(Array)
#6 D:/projetos/estudo/loop-lab/vendor/laravel/framework/src/Illuminate/Database/Concerns/BuildsQueries.php(366): Illuminate/Database/Eloquent/Builder->get(Array)
#7 D:/projetos/estudo/loop-lab/app/Services/LearningPathService.php(32): Illuminate/Database/Eloquent/Builder->first()
#8 D:/projetos/estudo/loop-lab/app/Http/Controllers/LearningController.php(71): App/Services/LearningPathService->next(Object(App/Models/Exercise))
#9 D:/projetos/estudo/loop-lab/vendor/laravel/framework/src/Illuminate/Routing/ControllerDispatcher.php(46): App/Http/Controllers/LearningController->validateAnswer(Object(App/Http/Requests/RunCodeRequest), Object(App/Models/Exercise), Object(App/Services/ExerciseValidator), Object(App/Services/LearningPathService))
#10 D:/projetos/estudo/loop-lab/vendor/laravel/framework/src/Illuminate/Routing/Route.php(276): Illuminate/Routing/ControllerDispatcher->dispatch(Object(Illuminate/Routing/Route), Object(App/Http/Controllers/LearningController), 'validateAnswer')
#11 D:/projetos/estudo/loop-lab/vendor/laravel/framework/src/Illuminate/Routing/Route.php(216): Illuminate/Routing/Route->runController()
#12 D:/projetos/estudo/loop-lab/vendor/laravel/framework/src/Illuminate/Routing/Router.php(822): Illuminate/Routing/Route->run()
#13 D:/projetos/estudo/loop-lab/vendor/laravel/framework/src/Illuminate/Pipeline/Pipeline.php(180): Illuminate/Routing/Router->Illuminate/Routing/{closure}(Object(Illuminate/Http/Request))
#14 D:/projetos/estudo/loop-lab/vendor/laravel/framework/src/Illuminate/Routing/Middleware/SubstituteBindings.php(52): Illuminate/Pipeline/Pipeline->Illuminate/Pipeline/{closure}(Object(Illuminate/Http/Request))
#15 D:/projetos/estudo/loop-lab/vendor/laravel/framework/src/Illuminate/Pipeline/Pipeline.php(219): Illuminate/Routing/Middleware/SubstituteBindings->handle(Object(Illuminate/Http/Request), Object(Closure))
#16 D:/projetos/estudo/loop-lab/vendor/laravel/framework/src/Illuminate/Routing/Middleware/ThrottleRequests.php(168): Illuminate/Pipeline/Pipeline->Illuminate/Pipeline/{closure}(Object(Illuminate/Http/Request))
#17 D:/projetos/estudo/loop-lab/vendor/laravel/framework/src/Illuminate/Routing/Middleware/ThrottleRequests.php(93): Illuminate/Routing/Middleware/ThrottleRequests->handleRequest(Object(Illuminate/Http/Request), Object(Closure), Array)
#18 D:/projetos/estudo/loop-lab/vendor/laravel/framework/src/Illuminate/Pipeline/Pipeline.php(219): Illuminate/Routing/Middleware/ThrottleRequests->handle(Object(Illuminate/Http/Request), Object(Closure), '20', '1')
#19 D:/projetos/estudo/loop-lab/vendor/laravel/framework/src/Illuminate/Foundation/Http/Middleware/PreventRequestForgery.php(104): Illuminate/Pipeline/Pipeline->Illuminate/Pipeline/{closure}(Object(Illuminate/Http/Request))
#20 D:/projetos/estudo/loop-lab/vendor/laravel/framework/src/Illuminate/Pipeline/Pipeline.php(219): Illuminate/Foundation/Http/Middleware/PreventRequestForgery->handle(Object(Illuminate/Http/Request), Object(Closure))
#21 D:/projetos/estudo/loop-lab/vendor/laravel/framework/src/Illuminate/View/Middleware/ShareErrorsFromSession.php(48): Illuminate/Pipeline/Pipeline->Illuminate/Pipeline/{closure}(Object(Illuminate/Http/Request))
#22 D:/projetos/estudo/loop-lab/vendor/laravel/framework/src/Illuminate/Pipeline/Pipeline.php(219): Illuminate/View/Middleware/ShareErrorsFromSession->handle(Object(Illuminate/Http/Request), Object(Closure))
#23 D:/projetos/estudo/loop-lab/vendor/laravel/framework/src/Illuminate/Session/Middleware/StartSession.php(120): Illuminate/Pipeline/Pipeline->Illuminate/Pipeline/{closure}(Object(Illuminate/Http/Request))
#24 D:/projetos/estudo/loop-lab/vendor/laravel/framework/src/Illuminate/Session/Middleware/StartSession.php(63): Illuminate/Session/Middleware/StartSession->handleStatefulRequest(Object(Illuminate/Http/Request), Object(Illuminate/Session/Store), Object(Closure))
#25 D:/projetos/estudo/loop-lab/vendor/laravel/framework/src/Illuminate/Pipeline/Pipeline.php(219): Illuminate/Session/Middleware/StartSession->handle(Object(Illuminate/Http/Request), Object(Closure))
#26 D:/projetos/estudo/loop-lab/vendor/laravel/framework/src/Illuminate/Cookie/Middleware/AddQueuedCookiesToResponse.php(36): Illuminate/Pipeline/Pipeline->Illuminate/Pipeline/{closure}(Object(Illuminate/Http/Request))
#27 D:/projetos/estudo/loop-lab/vendor/laravel/framework/src/Illuminate/Pipeline/Pipeline.php(219): Illuminate/Cookie/Middleware/AddQueuedCookiesToResponse->handle(Object(Illuminate/Http/Request), Object(Closure))
#28 D:/projetos/estudo/loop-lab/vendor/laravel/framework/src/Illuminate/Cookie/Middleware/EncryptCookies.php(74): Illuminate/Pipeline/Pipeline->Illuminate/Pipeline/{closure}(Object(Illuminate/Http/Request))
#29 D:/projetos/estudo/loop-lab/vendor/laravel/framework/src/Illuminate/Pipeline/Pipeline.php(219): Illuminate/Cookie/Middleware/EncryptCookies->handle(Object(Illuminate/Http/Request), Object(Closure))
#30 D:/projetos/estudo/loop-lab/vendor/laravel/framework/src/Illuminate/Pipeline/Pipeline.php(137): Illuminate/Pipeline/Pipeline->Illuminate/Pipeline/{closure}(Object(Illuminate/Http/Request))
#31 D:/projetos/estudo/loop-lab/vendor/laravel/framework/src/Illuminate/Routing/Router.php(821): Illuminate/Pipeline/Pipeline->then(Object(Closure))
#32 D:/projetos/estudo/loop-lab/vendor/laravel/framework/src/Illuminate/Routing/Router.php(800): Illuminate/Routing/Router->runRouteWithinStack(Object(Illuminate/Routing/Route), Object(Illuminate/Http/Request))
#33 D:/projetos/estudo/loop-lab/vendor/laravel/framework/src/Illuminate/Routing/Router.php(764): Illuminate/Routing/Router->runRoute(Object(Illuminate/Http/Request), Object(Illuminate/Routing/Route))
#34 D:/projetos/estudo/loop-lab/vendor/laravel/framework/src/Illuminate/Routing/Router.php(753): Illuminate/Routing/Router->dispatchToRoute(Object(Illuminate/Http/Request))
#35 D:/projetos/estudo/loop-lab/vendor/laravel/framework/src/Illuminate/Foundation/Http/Kernel.php(200): Illuminate/Routing/Router->dispatch(Object(Illuminate/Http/Request))
#36 D:/projetos/estudo/loop-lab/vendor/laravel/framework/src/Illuminate/Pipeline/Pipeline.php(180): Illuminate/Foundation/Http/Kernel->Illuminate/Foundation/Http/{closure}(Object(Illuminate/Http/Request))
#37 D:/projetos/estudo/loop-lab/vendor/laravel/framework/src/Illuminate/Foundation/Http/Middleware/TransformsRequest.php(21): Illuminate/Pipeline/Pipeline->Illuminate/Pipeline/{closure}(Object(Illuminate/Http/Request))
#38 D:/projetos/estudo/loop-lab/vendor/laravel/framework/src/Illuminate/Foundation/Http/Middleware/ConvertEmptyStringsToNull.php(31): Illuminate/Foundation/Http/Middleware/TransformsRequest->handle(Object(Illuminate/Http/Request), Object(Closure))
#39 D:/projetos/estudo/loop-lab/vendor/laravel/framework/src/Illuminate/Pipeline/Pipeline.php(219): Illuminate/Foundation/Http/Middleware/ConvertEmptyStringsToNull->handle(Object(Illuminate/Http/Request), Object(Closure))
#40 D:/projetos/estudo/loop-lab/vendor/laravel/framework/src/Illuminate/Foundation/Http/Middleware/TransformsRequest.php(21): Illuminate/Pipeline/Pipeline->Illuminate/Pipeline/{closure}(Object(Illuminate/Http/Request))
#41 D:/projetos/estudo/loop-lab/vendor/laravel/framework/src/Illuminate/Foundation/Http/Middleware/TrimStrings.php(51): Illuminate/Foundation/Http/Middleware/TransformsRequest->handle(Object(Illuminate/Http/Request), Object(Closure))
#42 D:/projetos/estudo/loop-lab/vendor/laravel/framework/src/Illuminate/Pipeline/Pipeline.php(219): Illuminate/Foundation/Http/Middleware/TrimStrings->handle(Object(Illuminate/Http/Request), Object(Closure))
#43 D:/projetos/estudo/loop-lab/vendor/laravel/framework/src/Illuminate/Http/Middleware/ValidatePostSize.php(27): Illuminate/Pipeline/Pipeline->Illuminate/Pipeline/{closure}(Object(Illuminate/Http/Request))
#44 D:/projetos/estudo/loop-lab/vendor/laravel/framework/src/Illuminate/Pipeline/Pipeline.php(219): Illuminate/Http/Middleware/ValidatePostSize->handle(Object(Illuminate/Http/Request), Object(Closure))
#45 D:/projetos/estudo/loop-lab/vendor/laravel/framework/src/Illuminate/Foundation/Http/Middleware/PreventRequestsDuringMaintenance.php(109): Illuminate/Pipeline/Pipeline->Illuminate/Pipeline/{closure}(Object(Illuminate/Http/Request))
#46 D:/projetos/estudo/loop-lab/vendor/laravel/framework/src/Illuminate/Pipeline/Pipeline.php(219): Illuminate/Foundation/Http/Middleware/PreventRequestsDuringMaintenance->handle(Object(Illuminate/Http/Request), Object(Closure))
#47 D:/projetos/estudo/loop-lab/vendor/laravel/framework/src/Illuminate/Http/Middleware/HandleCors.php(61): Illuminate/Pipeline/Pipeline->Illuminate/Pipeline/{closure}(Object(Illuminate/Http/Request))
#48 D:/projetos/estudo/loop-lab/vendor/laravel/framework/src/Illuminate/Pipeline/Pipeline.php(219): Illuminate/Http/Middleware/HandleCors->handle(Object(Illuminate/Http/Request), Object(Closure))
#49 D:/projetos/estudo/loop-lab/vendor/laravel/framework/src/Illuminate/Http/Middleware/TrustProxies.php(58): Illuminate/Pipeline/Pipeline->Illuminate/Pipeline/{closure}(Object(Illuminate/Http/Request))
#50 D:/projetos/estudo/loop-lab/vendor/laravel/framework/src/Illuminate/Pipeline/Pipeline.php(219): Illuminate/Http/Middleware/TrustProxies->handle(Object(Illuminate/Http/Request), Object(Closure))
#51 D:/projetos/estudo/loop-lab/vendor/laravel/framework/src/Illuminate/Foundation/Http/Middleware/InvokeDeferredCallbacks.php(22): Illuminate/Pipeline/Pipeline->Illuminate/Pipeline/{closure}(Object(Illuminate/Http/Request))
#52 D:/projetos/estudo/loop-lab/vendor/laravel/framework/src/Illuminate/Pipeline/Pipeline.php(219): Illuminate/Foundation/Http/Middleware/InvokeDeferredCallbacks->handle(Object(Illuminate/Http/Request), Object(Closure))
#53 D:/projetos/estudo/loop-lab/vendor/laravel/framework/src/Illuminate/Http/Middleware/ValidatePathEncoding.php(28): Illuminate/Pipeline/Pipeline->Illuminate/Pipeline/{closure}(Object(Illuminate/Http/Request))
#54 D:/projetos/estudo/loop-lab/vendor/laravel/framework/src/Illuminate/Pipeline/Pipeline.php(219): Illuminate/Http/Middleware/ValidatePathEncoding->handle(Object(Illuminate/Http/Request), Object(Closure))
#55 D:/projetos/estudo/loop-lab/vendor/laravel/framework/src/Illuminate/Pipeline/Pipeline.php(137): Illuminate/Pipeline/Pipeline->Illuminate/Pipeline/{closure}(Object(Illuminate/Http/Request))
#56 D:/projetos/estudo/loop-lab/vendor/laravel/framework/src/Illuminate/Foundation/Http/Kernel.php(175): Illuminate/Pipeline/Pipeline->then(Object(Closure))
#57 D:/projetos/estudo/loop-lab/vendor/laravel/framework/src/Illuminate/Foundation/Http/Kernel.php(144): Illuminate/Foundation/Http/Kernel->sendRequestThroughRouter(Object(Illuminate/Http/Request))
#58 D:/projetos/estudo/loop-lab/vendor/laravel/framework/src/Illuminate/Foundation/Testing/Concerns/MakesHttpRequests.php(638): Illuminate/Foundation/Http/Kernel->handle(Object(Illuminate/Http/Request))
#59 D:/projetos/estudo/loop-lab/vendor/laravel/framework/src/Illuminate/Foundation/Testing/Concerns/MakesHttpRequests.php(604): Illuminate/Foundation/Testing/TestCase->call('POST', 'http://localhos...', Array, Array, Array, Array, '{\"code\":\"<?php ...')
#60 D:/projetos/estudo/loop-lab/vendor/laravel/framework/src/Illuminate/Foundation/Testing/Concerns/MakesHttpRequests.php(411): Illuminate/Foundation/Testing/TestCase->json('POST', 'http://localhos...', Array, Array, 0)
#61 D:/projetos/estudo/loop-lab/tests/Feature/LearningFlowTest.php(133): Illuminate/Foundation/Testing/TestCase->postJson('http://localhos...', Array)
#62 D:/projetos/estudo/loop-lab/vendor/phpunit/phpunit/src/Framework/TestCase.php(1318): Tests/Feature/LearningFlowTest->test_hidden_inputs_reject_a_hardcoded_answer()
#63 D:/projetos/estudo/loop-lab/vendor/phpunit/phpunit/src/Framework/TestCase.php(1355): PHPUnit/Framework/TestCase->invokeTestMethod('test_hidden_inp...', Array)
#64 D:/projetos/estudo/loop-lab/vendor/phpunit/phpunit/src/Framework/TestCase.php(521): PHPUnit/Framework/TestCase->runTest()
#65 D:/projetos/estudo/loop-lab/vendor/phpunit/phpunit/src/Framework/TestRunner/TestRunner.php(99): PHPUnit/Framework/TestCase->runBare()
#66 D:/projetos/estudo/loop-lab/vendor/phpunit/phpunit/src/Framework/TestCase.php(361): PHPUnit/Framework/TestRunner->run(Object(Tests/Feature/LearningFlowTest))
#67 D:/projetos/estudo/loop-lab/vendor/phpunit/phpunit/src/Framework/TestSuite.php(374): PHPUnit/Framework/TestCase->run()
#68 D:/projetos/estudo/loop-lab/vendor/phpunit/phpunit/src/Framework/TestSuite.php(374): PHPUnit/Framework/TestSuite->run()
#69 D:/projetos/estudo/loop-lab/vendor/phpunit/phpunit/src/Framework/TestSuite.php(374): PHPUnit/Framework/TestSuite->run()
#70 D:/projetos/estudo/loop-lab/vendor/phpunit/phpunit/src/TextUI/TestRunner.php(64): PHPUnit/Framework/TestSuite->run()
#71 D:/projetos/estudo/loop-lab/vendor/phpunit/phpunit/src/TextUI/Application.php(229): PHPUnit/TextUI/TestRunner->run(Object(PHPUnit/TextUI/Configuration/Configuration), Object(PHPUnit/Runner/ResultCache/DefaultResultCache), Object(PHPUnit/Framework/TestSuite))
#72 D:/projetos/estudo/loop-lab/vendor/phpunit/phpunit/phpunit(104): PHPUnit/TextUI/Application->run(Array)
#73 {main}

[previous exception] [object] (PDOException(code: HY000): SQLSTATE[HY000]: General error: 1 ambiguous column name: position at D:/projetos/estudo/loop-lab/vendor/laravel/framework/src/Illuminate/Database/Connection.php:435)
[stacktrace]
#0 D:/projetos/estudo/loop-lab/vendor/laravel/framework/src/Illuminate/Database/Connection.php(435): PDO->prepare('select \"lessons...')
#1 D:/projetos/estudo/loop-lab/vendor/laravel/framework/src/Illuminate/Database/Connection.php(846): Illuminate/Database/Connection->Illuminate/Database/{closure}('select \"lessons...', Array)
#2 D:/projetos/estudo/loop-lab/vendor/laravel/framework/src/Illuminate/Database/Connection.php(813): Illuminate/Database/Connection->runQueryCallback('select \"lessons...', Array, Object(Closure))
#3 D:/projetos/estudo/loop-lab/vendor/laravel/framework/src/Illuminate/Database/Connection.php(426): Illuminate/Database/Connection->run('select \"lessons...', Array, Object(Closure))
#4 D:/projetos/estudo/loop-lab/vendor/laravel/framework/src/Illuminate/Database/Query/Builder.php(3573): Illuminate/Database/Connection->select('select \"lessons...', Array, true, Array)
#5 D:/projetos/estudo/loop-lab/vendor/laravel/framework/src/Illuminate/Database/Query/Builder.php(3557): Illuminate/Database/Query/Builder->runSelect()
#6 D:/projetos/estudo/loop-lab/vendor/laravel/framework/src/Illuminate/Database/Eloquent/Builder.php(908): Illuminate/Database/Query/Builder->get(Array)
#7 D:/projetos/estudo/loop-lab/vendor/laravel/framework/src/Illuminate/Database/Eloquent/Builder.php(890): Illuminate/Database/Eloquent/Builder->getModels(Array)
#8 D:/projetos/estudo/loop-lab/vendor/laravel/framework/src/Illuminate/Database/Concerns/BuildsQueries.php(366): Illuminate/Database/Eloquent/Builder->get(Array)
#9 D:/projetos/estudo/loop-lab/app/Services/LearningPathService.php(32): Illuminate/Database/Eloquent/Builder->first()
#10 D:/projetos/estudo/loop-lab/app/Http/Controllers/LearningController.php(71): App/Services/LearningPathService->next(Object(App/Models/Exercise))
#11 D:/projetos/estudo/loop-lab/vendor/laravel/framework/src/Illuminate/Routing/ControllerDispatcher.php(46): App/Http/Controllers/LearningController->validateAnswer(Object(App/Http/Requests/RunCodeRequest), Object(App/Models/Exercise), Object(App/Services/ExerciseValidator), Object(App/Services/LearningPathService))
#12 D:/projetos/estudo/loop-lab/vendor/laravel/framework/src/Illuminate/Routing/Route.php(276): Illuminate/Routing/ControllerDispatcher->dispatch(Object(Illuminate/Routing/Route), Object(App/Http/Controllers/LearningController), 'validateAnswer')
#13 D:/projetos/estudo/loop-lab/vendor/laravel/framework/src/Illuminate/Routing/Route.php(216): Illuminate/Routing/Route->runController()
#14 D:/projetos/estudo/loop-lab/vendor/laravel/framework/src/Illuminate/Routing/Router.php(822): Illuminate/Routing/Route->run()
#15 D:/projetos/estudo/loop-lab/vendor/laravel/framework/src/Illuminate/Pipeline/Pipeline.php(180): Illuminate/Routing/Router->Illuminate/Routing/{closure}(Object(Illuminate/Http/Request))
#16 D:/projetos/estudo/loop-lab/vendor/laravel/framework/src/Illuminate/Routing/Middleware/SubstituteBindings.php(52): Illuminate/Pipeline/Pipeline->Illuminate/Pipeline/{closure}(Object(Illuminate/Http/Request))
#17 D:/projetos/estudo/loop-lab/vendor/laravel/framework/src/Illuminate/Pipeline/Pipeline.php(219): Illuminate/Routing/Middleware/SubstituteBindings->handle(Object(Illuminate/Http/Request), Object(Closure))
#18 D:/projetos/estudo/loop-lab/vendor/laravel/framework/src/Illuminate/Routing/Middleware/ThrottleRequests.php(168): Illuminate/Pipeline/Pipeline->Illuminate/Pipeline/{closure}(Object(Illuminate/Http/Request))
#19 D:/projetos/estudo/loop-lab/vendor/laravel/framework/src/Illuminate/Routing/Middleware/ThrottleRequests.php(93): Illuminate/Routing/Middleware/ThrottleRequests->handleRequest(Object(Illuminate/Http/Request), Object(Closure), Array)
#20 D:/projetos/estudo/loop-lab/vendor/laravel/framework/src/Illuminate/Pipeline/Pipeline.php(219): Illuminate/Routing/Middleware/ThrottleRequests->handle(Object(Illuminate/Http/Request), Object(Closure), '20', '1')
#21 D:/projetos/estudo/loop-lab/vendor/laravel/framework/src/Illuminate/Foundation/Http/Middleware/PreventRequestForgery.php(104): Illuminate/Pipeline/Pipeline->Illuminate/Pipeline/{closure}(Object(Illuminate/Http/Request))
#22 D:/projetos/estudo/loop-lab/vendor/laravel/framework/src/Illuminate/Pipeline/Pipeline.php(219): Illuminate/Foundation/Http/Middleware/PreventRequestForgery->handle(Object(Illuminate/Http/Request), Object(Closure))
#23 D:/projetos/estudo/loop-lab/vendor/laravel/framework/src/Illuminate/View/Middleware/ShareErrorsFromSession.php(48): Illuminate/Pipeline/Pipeline->Illuminate/Pipeline/{closure}(Object(Illuminate/Http/Request))
#24 D:/projetos/estudo/loop-lab/vendor/laravel/framework/src/Illuminate/Pipeline/Pipeline.php(219): Illuminate/View/Middleware/ShareErrorsFromSession->handle(Object(Illuminate/Http/Request), Object(Closure))
#25 D:/projetos/estudo/loop-lab/vendor/laravel/framework/src/Illuminate/Session/Middleware/StartSession.php(120): Illuminate/Pipeline/Pipeline->Illuminate/Pipeline/{closure}(Object(Illuminate/Http/Request))
#26 D:/projetos/estudo/loop-lab/vendor/laravel/framework/src/Illuminate/Session/Middleware/StartSession.php(63): Illuminate/Session/Middleware/StartSession->handleStatefulRequest(Object(Illuminate/Http/Request), Object(Illuminate/Session/Store), Object(Closure))
#27 D:/projetos/estudo/loop-lab/vendor/laravel/framework/src/Illuminate/Pipeline/Pipeline.php(219): Illuminate/Session/Middleware/StartSession->handle(Object(Illuminate/Http/Request), Object(Closure))
#28 D:/projetos/estudo/loop-lab/vendor/laravel/framework/src/Illuminate/Cookie/Middleware/AddQueuedCookiesToResponse.php(36): Illuminate/Pipeline/Pipeline->Illuminate/Pipeline/{closure}(Object(Illuminate/Http/Request))
#29 D:/projetos/estudo/loop-lab/vendor/laravel/framework/src/Illuminate/Pipeline/Pipeline.php(219): Illuminate/Cookie/Middleware/AddQueuedCookiesToResponse->handle(Object(Illuminate/Http/Request), Object(Closure))
#30 D:/projetos/estudo/loop-lab/vendor/laravel/framework/src/Illuminate/Cookie/Middleware/EncryptCookies.php(74): Illuminate/Pipeline/Pipeline->Illuminate/Pipeline/{closure}(Object(Illuminate/Http/Request))
#31 D:/projetos/estudo/loop-lab/vendor/laravel/framework/src/Illuminate/Pipeline/Pipeline.php(219): Illuminate/Cookie/Middleware/EncryptCookies->handle(Object(Illuminate/Http/Request), Object(Closure))
#32 D:/projetos/estudo/loop-lab/vendor/laravel/framework/src/Illuminate/Pipeline/Pipeline.php(137): Illuminate/Pipeline/Pipeline->Illuminate/Pipeline/{closure}(Object(Illuminate/Http/Request))
#33 D:/projetos/estudo/loop-lab/vendor/laravel/framework/src/Illuminate/Routing/Router.php(821): Illuminate/Pipeline/Pipeline->then(Object(Closure))
#34 D:/projetos/estudo/loop-lab/vendor/laravel/framework/src/Illuminate/Routing/Router.php(800): Illuminate/Routing/Router->runRouteWithinStack(Object(Illuminate/Routing/Route), Object(Illuminate/Http/Request))
#35 D:/projetos/estudo/loop-lab/vendor/laravel/framework/src/Illuminate/Routing/Router.php(764): Illuminate/Routing/Router->runRoute(Object(Illuminate/Http/Request), Object(Illuminate/Routing/Route))
#36 D:/projetos/estudo/loop-lab/vendor/laravel/framework/src/Illuminate/Routing/Router.php(753): Illuminate/Routing/Router->dispatchToRoute(Object(Illuminate/Http/Request))
#37 D:/projetos/estudo/loop-lab/vendor/laravel/framework/src/Illuminate/Foundation/Http/Kernel.php(200): Illuminate/Routing/Router->dispatch(Object(Illuminate/Http/Request))
#38 D:/projetos/estudo/loop-lab/vendor/laravel/framework/src/Illuminate/Pipeline/Pipeline.php(180): Illuminate/Foundation/Http/Kernel->Illuminate/Foundation/Http/{closure}(Object(Illuminate/Http/Request))
#39 D:/projetos/estudo/loop-lab/vendor/laravel/framework/src/Illuminate/Foundation/Http/Middleware/TransformsRequest.php(21): Illuminate/Pipeline/Pipeline->Illuminate/Pipeline/{closure}(Object(Illuminate/Http/Request))
#40 D:/projetos/estudo/loop-lab/vendor/laravel/framework/src/Illuminate/Foundation/Http/Middleware/ConvertEmptyStringsToNull.php(31): Illuminate/Foundation/Http/Middleware/TransformsRequest->handle(Object(Illuminate/Http/Request), Object(Closure))
#41 D:/projetos/estudo/loop-lab/vendor/laravel/framework/src/Illuminate/Pipeline/Pipeline.php(219): Illuminate/Foundation/Http/Middleware/ConvertEmptyStringsToNull->handle(Object(Illuminate/Http/Request), Object(Closure))
#42 D:/projetos/estudo/loop-lab/vendor/laravel/framework/src/Illuminate/Foundation/Http/Middleware/TransformsRequest.php(21): Illuminate/Pipeline/Pipeline->Illuminate/Pipeline/{closure}(Object(Illuminate/Http/Request))
#43 D:/projetos/estudo/loop-lab/vendor/laravel/framework/src/Illuminate/Foundation/Http/Middleware/TrimStrings.php(51): Illuminate/Foundation/Http/Middleware/TransformsRequest->handle(Object(Illuminate/Http/Request), Object(Closure))
#44 D:/projetos/estudo/loop-lab/vendor/laravel/framework/src/Illuminate/Pipeline/Pipeline.php(219): Illuminate/Foundation/Http/Middleware/TrimStrings->handle(Object(Illuminate/Http/Request), Object(Closure))
#45 D:/projetos/estudo/loop-lab/vendor/laravel/framework/src/Illuminate/Http/Middleware/ValidatePostSize.php(27): Illuminate/Pipeline/Pipeline->Illuminate/Pipeline/{closure}(Object(Illuminate/Http/Request))
#46 D:/projetos/estudo/loop-lab/vendor/laravel/framework/src/Illuminate/Pipeline/Pipeline.php(219): Illuminate/Http/Middleware/ValidatePostSize->handle(Object(Illuminate/Http/Request), Object(Closure))
#47 D:/projetos/estudo/loop-lab/vendor/laravel/framework/src/Illuminate/Foundation/Http/Middleware/PreventRequestsDuringMaintenance.php(109): Illuminate/Pipeline/Pipeline->Illuminate/Pipeline/{closure}(Object(Illuminate/Http/Request))
#48 D:/projetos/estudo/loop-lab/vendor/laravel/framework/src/Illuminate/Pipeline/Pipeline.php(219): Illuminate/Foundation/Http/Middleware/PreventRequestsDuringMaintenance->handle(Object(Illuminate/Http/Request), Object(Closure))
#49 D:/projetos/estudo/loop-lab/vendor/laravel/framework/src/Illuminate/Http/Middleware/HandleCors.php(61): Illuminate/Pipeline/Pipeline->Illuminate/Pipeline/{closure}(Object(Illuminate/Http/Request))
#50 D:/projetos/estudo/loop-lab/vendor/laravel/framework/src/Illuminate/Pipeline/Pipeline.php(219): Illuminate/Http/Middleware/HandleCors->handle(Object(Illuminate/Http/Request), Object(Closure))
#51 D:/projetos/estudo/loop-lab/vendor/laravel/framework/src/Illuminate/Http/Middleware/TrustProxies.php(58): Illuminate/Pipeline/Pipeline->Illuminate/Pipeline/{closure}(Object(Illuminate/Http/Request))
#52 D:/projetos/estudo/loop-lab/vendor/laravel/framework/src/Illuminate/Pipeline/Pipeline.php(219): Illuminate/Http/Middleware/TrustProxies->handle(Object(Illuminate/Http/Request), Object(Closure))
#53 D:/projetos/estudo/loop-lab/vendor/laravel/framework/src/Illuminate/Foundation/Http/Middleware/InvokeDeferredCallbacks.php(22): Illuminate/Pipeline/Pipeline->Illuminate/Pipeline/{closure}(Object(Illuminate/Http/Request))
#54 D:/projetos/estudo/loop-lab/vendor/laravel/framework/src/Illuminate/Pipeline/Pipeline.php(219): Illuminate/Foundation/Http/Middleware/InvokeDeferredCallbacks->handle(Object(Illuminate/Http/Request), Object(Closure))
#55 D:/projetos/estudo/loop-lab/vendor/laravel/framework/src/Illuminate/Http/Middleware/ValidatePathEncoding.php(28): Illuminate/Pipeline/Pipeline->Illuminate/Pipeline/{closure}(Object(Illuminate/Http/Request))
#56 D:/projetos/estudo/loop-lab/vendor/laravel/framework/src/Illuminate/Pipeline/Pipeline.php(219): Illuminate/Http/Middleware/ValidatePathEncoding->handle(Object(Illuminate/Http/Request), Object(Closure))
#57 D:/projetos/estudo/loop-lab/vendor/laravel/framework/src/Illuminate/Pipeline/Pipeline.php(137): Illuminate/Pipeline/Pipeline->Illuminate/Pipeline/{closure}(Object(Illuminate/Http/Request))
#58 D:/projetos/estudo/loop-lab/vendor/laravel/framework/src/Illuminate/Foundation/Http/Kernel.php(175): Illuminate/Pipeline/Pipeline->then(Object(Closure))
#59 D:/projetos/estudo/loop-lab/vendor/laravel/framework/src/Illuminate/Foundation/Http/Kernel.php(144): Illuminate/Foundation/Http/Kernel->sendRequestThroughRouter(Object(Illuminate/Http/Request))
#60 D:/projetos/estudo/loop-lab/vendor/laravel/framework/src/Illuminate/Foundation/Testing/Concerns/MakesHttpRequests.php(638): Illuminate/Foundation/Http/Kernel->handle(Object(Illuminate/Http/Request))
#61 D:/projetos/estudo/loop-lab/vendor/laravel/framework/src/Illuminate/Foundation/Testing/Concerns/MakesHttpRequests.php(604): Illuminate/Foundation/Testing/TestCase->call('POST', 'http://localhos...', Array, Array, Array, Array, '{\"code\":\"<?php ...')
#62 D:/projetos/estudo/loop-lab/vendor/laravel/framework/src/Illuminate/Foundation/Testing/Concerns/MakesHttpRequests.php(411): Illuminate/Foundation/Testing/TestCase->json('POST', 'http://localhos...', Array, Array, 0)
#63 D:/projetos/estudo/loop-lab/tests/Feature/LearningFlowTest.php(133): Illuminate/Foundation/Testing/TestCase->postJson('http://localhos...', Array)
#64 D:/projetos/estudo/loop-lab/vendor/phpunit/phpunit/src/Framework/TestCase.php(1318): Tests/Feature/LearningFlowTest->test_hidden_inputs_reject_a_hardcoded_answer()
#65 D:/projetos/estudo/loop-lab/vendor/phpunit/phpunit/src/Framework/TestCase.php(1355): PHPUnit/Framework/TestCase->invokeTestMethod('test_hidden_inp...', Array)
#66 D:/projetos/estudo/loop-lab/vendor/phpunit/phpunit/src/Framework/TestCase.php(521): PHPUnit/Framework/TestCase->runTest()
#67 D:/projetos/estudo/loop-lab/vendor/phpunit/phpunit/src/Framework/TestRunner/TestRunner.php(99): PHPUnit/Framework/TestCase->runBare()
#68 D:/projetos/estudo/loop-lab/vendor/phpunit/phpunit/src/Framework/TestCase.php(361): PHPUnit/Framework/TestRunner->run(Object(Tests/Feature/LearningFlowTest))
#69 D:/projetos/estudo/loop-lab/vendor/phpunit/phpunit/src/Framework/TestSuite.php(374): PHPUnit/Framework/TestCase->run()
#70 D:/projetos/estudo/loop-lab/vendor/phpunit/phpunit/src/Framework/TestSuite.php(374): PHPUnit/Framework/TestSuite->run()
#71 D:/projetos/estudo/loop-lab/vendor/phpunit/phpunit/src/Framework/TestSuite.php(374): PHPUnit/Framework/TestSuite->run()
#72 D:/projetos/estudo/loop-lab/vendor/phpunit/phpunit/src/TextUI/TestRunner.php(64): PHPUnit/Framework/TestSuite->run()
#73 D:/projetos/estudo/loop-lab/vendor/phpunit/phpunit/src/TextUI/Application.php(229): PHPUnit/TextUI/TestRunner->run(Object(PHPUnit/TextUI/Configuration/Configuration), Object(PHPUnit/Runner/ResultCache/DefaultResultCache), Object(PHPUnit/Framework/TestSuite))
#74 D:/projetos/estudo/loop-lab/vendor/phpunit/phpunit/phpunit(104): PHPUnit/TextUI/Application->run(Array)
#75 {main}
"} 
[2026-08-17 12:55:50] testing.ERROR: SQLSTATE[HY000]: General error: 1 ambiguous column name: position (Connection: sqlite, Database: :memory:, SQL: select "lessons".* from "lessons" inner join "modules" on "modules"."id" = "lessons"."module_id" where "is_published" = 1 and (exists (select * from "modules" where "lessons"."module_id" = "modules"."id" and "position" > 3) or ("module_id" = 3 and "position" > 1)) order by "modules"."position" asc, "lessons"."position" asc limit 1) {"exception":"[object] (Illuminate\\Database\\QueryException(code: HY000): SQLSTATE[HY000]: General error: 1 ambiguous column name: position (Connection: sqlite, Database: :memory:, SQL: select \"lessons\".* from \"lessons\" inner join \"modules\" on \"modules\".\"id\" = \"lessons\".\"module_id\" where \"is_published\" = 1 and (exists (select * from \"modules\" where \"lessons\".\"module_id\" = \"modules\".\"id\" and \"position\" > 3) or (\"module_id\" = 3 and \"position\" > 1)) order by \"modules\".\"position\" asc, \"lessons\".\"position\" asc limit 1) at D:/projetos/estudo/loop-lab/vendor/laravel/framework/src/Illuminate/Database/Connection.php:857)
[stacktrace]
#0 D:/projetos/estudo/loop-lab/vendor/laravel/framework/src/Illuminate/Database/Connection.php(813): Illuminate/Database/Connection->runQueryCallback('select \"lessons...', Array, Object(Closure))
#1 D:/projetos/estudo/loop-lab/vendor/laravel/framework/src/Illuminate/Database/Connection.php(426): Illuminate/Database/Connection->run('select \"lessons...', Array, Object(Closure))
#2 D:/projetos/estudo/loop-lab/vendor/laravel/framework/src/Illuminate/Database/Query/Builder.php(3573): Illuminate/Database/Connection->select('select \"lessons...', Array, true, Array)
#3 D:/projetos/estudo/loop-lab/vendor/laravel/framework/src/Illuminate/Database/Query/Builder.php(3557): Illuminate/Database/Query/Builder->runSelect()
#4 D:/projetos/estudo/loop-lab/vendor/laravel/framework/src/Illuminate/Database/Eloquent/Builder.php(908): Illuminate/Database/Query/Builder->get(Array)
#5 D:/projetos/estudo/loop-lab/vendor/laravel/framework/src/Illuminate/Database/Eloquent/Builder.php(890): Illuminate/Database/Eloquent/Builder->getModels(Array)
#6 D:/projetos/estudo/loop-lab/vendor/laravel/framework/src/Illuminate/Database/Concerns/BuildsQueries.php(366): Illuminate/Database/Eloquent/Builder->get(Array)
#7 D:/projetos/estudo/loop-lab/app/Services/LearningPathService.php(32): Illuminate/Database/Eloquent/Builder->first()
#8 D:/projetos/estudo/loop-lab/app/Http/Controllers/LearningController.php(71): App/Services/LearningPathService->next(Object(App/Models/Exercise))
#9 D:/projetos/estudo/loop-lab/vendor/laravel/framework/src/Illuminate/Routing/ControllerDispatcher.php(46): App/Http/Controllers/LearningController->validateAnswer(Object(App/Http/Requests/RunCodeRequest), Object(App/Models/Exercise), Object(App/Services/ExerciseValidator), Object(App/Services/LearningPathService))
#10 D:/projetos/estudo/loop-lab/vendor/laravel/framework/src/Illuminate/Routing/Route.php(276): Illuminate/Routing/ControllerDispatcher->dispatch(Object(Illuminate/Routing/Route), Object(App/Http/Controllers/LearningController), 'validateAnswer')
#11 D:/projetos/estudo/loop-lab/vendor/laravel/framework/src/Illuminate/Routing/Route.php(216): Illuminate/Routing/Route->runController()
#12 D:/projetos/estudo/loop-lab/vendor/laravel/framework/src/Illuminate/Routing/Router.php(822): Illuminate/Routing/Route->run()
#13 D:/projetos/estudo/loop-lab/vendor/laravel/framework/src/Illuminate/Pipeline/Pipeline.php(180): Illuminate/Routing/Router->Illuminate/Routing/{closure}(Object(Illuminate/Http/Request))
#14 D:/projetos/estudo/loop-lab/vendor/laravel/framework/src/Illuminate/Routing/Middleware/SubstituteBindings.php(52): Illuminate/Pipeline/Pipeline->Illuminate/Pipeline/{closure}(Object(Illuminate/Http/Request))
#15 D:/projetos/estudo/loop-lab/vendor/laravel/framework/src/Illuminate/Pipeline/Pipeline.php(219): Illuminate/Routing/Middleware/SubstituteBindings->handle(Object(Illuminate/Http/Request), Object(Closure))
#16 D:/projetos/estudo/loop-lab/vendor/laravel/framework/src/Illuminate/Routing/Middleware/ThrottleRequests.php(168): Illuminate/Pipeline/Pipeline->Illuminate/Pipeline/{closure}(Object(Illuminate/Http/Request))
#17 D:/projetos/estudo/loop-lab/vendor/laravel/framework/src/Illuminate/Routing/Middleware/ThrottleRequests.php(93): Illuminate/Routing/Middleware/ThrottleRequests->handleRequest(Object(Illuminate/Http/Request), Object(Closure), Array)
#18 D:/projetos/estudo/loop-lab/vendor/laravel/framework/src/Illuminate/Pipeline/Pipeline.php(219): Illuminate/Routing/Middleware/ThrottleRequests->handle(Object(Illuminate/Http/Request), Object(Closure), '20', '1')
#19 D:/projetos/estudo/loop-lab/vendor/laravel/framework/src/Illuminate/Foundation/Http/Middleware/PreventRequestForgery.php(104): Illuminate/Pipeline/Pipeline->Illuminate/Pipeline/{closure}(Object(Illuminate/Http/Request))
#20 D:/projetos/estudo/loop-lab/vendor/laravel/framework/src/Illuminate/Pipeline/Pipeline.php(219): Illuminate/Foundation/Http/Middleware/PreventRequestForgery->handle(Object(Illuminate/Http/Request), Object(Closure))
#21 D:/projetos/estudo/loop-lab/vendor/laravel/framework/src/Illuminate/View/Middleware/ShareErrorsFromSession.php(48): Illuminate/Pipeline/Pipeline->Illuminate/Pipeline/{closure}(Object(Illuminate/Http/Request))
#22 D:/projetos/estudo/loop-lab/vendor/laravel/framework/src/Illuminate/Pipeline/Pipeline.php(219): Illuminate/View/Middleware/ShareErrorsFromSession->handle(Object(Illuminate/Http/Request), Object(Closure))
#23 D:/projetos/estudo/loop-lab/vendor/laravel/framework/src/Illuminate/Session/Middleware/StartSession.php(120): Illuminate/Pipeline/Pipeline->Illuminate/Pipeline/{closure}(Object(Illuminate/Http/Request))
#24 D:/projetos/estudo/loop-lab/vendor/laravel/framework/src/Illuminate/Session/Middleware/StartSession.php(63): Illuminate/Session/Middleware/StartSession->handleStatefulRequest(Object(Illuminate/Http/Request), Object(Illuminate/Session/Store), Object(Closure))
#25 D:/projetos/estudo/loop-lab/vendor/laravel/framework/src/Illuminate/Pipeline/Pipeline.php(219): Illuminate/Session/Middleware/StartSession->handle(Object(Illuminate/Http/Request), Object(Closure))
#26 D:/projetos/estudo/loop-lab/vendor/laravel/framework/src/Illuminate/Cookie/Middleware/AddQueuedCookiesToResponse.php(36): Illuminate/Pipeline/Pipeline->Illuminate/Pipeline/{closure}(Object(Illuminate/Http/Request))
#27 D:/projetos/estudo/loop-lab/vendor/laravel/framework/src/Illuminate/Pipeline/Pipeline.php(219): Illuminate/Cookie/Middleware/AddQueuedCookiesToResponse->handle(Object(Illuminate/Http/Request), Object(Closure))
#28 D:/projetos/estudo/loop-lab/vendor/laravel/framework/src/Illuminate/Cookie/Middleware/EncryptCookies.php(74): Illuminate/Pipeline/Pipeline->Illuminate/Pipeline/{closure}(Object(Illuminate/Http/Request))
#29 D:/projetos/estudo/loop-lab/vendor/laravel/framework/src/Illuminate/Pipeline/Pipeline.php(219): Illuminate/Cookie/Middleware/EncryptCookies->handle(Object(Illuminate/Http/Request), Object(Closure))
#30 D:/projetos/estudo/loop-lab/vendor/laravel/framework/src/Illuminate/Pipeline/Pipeline.php(137): Illuminate/Pipeline/Pipeline->Illuminate/Pipeline/{closure}(Object(Illuminate/Http/Request))
#31 D:/projetos/estudo/loop-lab/vendor/laravel/framework/src/Illuminate/Routing/Router.php(821): Illuminate/Pipeline/Pipeline->then(Object(Closure))
#32 D:/projetos/estudo/loop-lab/vendor/laravel/framework/src/Illuminate/Routing/Router.php(800): Illuminate/Routing/Router->runRouteWithinStack(Object(Illuminate/Routing/Route), Object(Illuminate/Http/Request))
#33 D:/projetos/estudo/loop-lab/vendor/laravel/framework/src/Illuminate/Routing/Router.php(764): Illuminate/Routing/Router->runRoute(Object(Illuminate/Http/Request), Object(Illuminate/Routing/Route))
#34 D:/projetos/estudo/loop-lab/vendor/laravel/framework/src/Illuminate/Routing/Router.php(753): Illuminate/Routing/Router->dispatchToRoute(Object(Illuminate/Http/Request))
#35 D:/projetos/estudo/loop-lab/vendor/laravel/framework/src/Illuminate/Foundation/Http/Kernel.php(200): Illuminate/Routing/Router->dispatch(Object(Illuminate/Http/Request))
#36 D:/projetos/estudo/loop-lab/vendor/laravel/framework/src/Illuminate/Pipeline/Pipeline.php(180): Illuminate/Foundation/Http/Kernel->Illuminate/Foundation/Http/{closure}(Object(Illuminate/Http/Request))
#37 D:/projetos/estudo/loop-lab/vendor/laravel/framework/src/Illuminate/Foundation/Http/Middleware/TransformsRequest.php(21): Illuminate/Pipeline/Pipeline->Illuminate/Pipeline/{closure}(Object(Illuminate/Http/Request))
#38 D:/projetos/estudo/loop-lab/vendor/laravel/framework/src/Illuminate/Foundation/Http/Middleware/ConvertEmptyStringsToNull.php(31): Illuminate/Foundation/Http/Middleware/TransformsRequest->handle(Object(Illuminate/Http/Request), Object(Closure))
#39 D:/projetos/estudo/loop-lab/vendor/laravel/framework/src/Illuminate/Pipeline/Pipeline.php(219): Illuminate/Foundation/Http/Middleware/ConvertEmptyStringsToNull->handle(Object(Illuminate/Http/Request), Object(Closure))
#40 D:/projetos/estudo/loop-lab/vendor/laravel/framework/src/Illuminate/Foundation/Http/Middleware/TransformsRequest.php(21): Illuminate/Pipeline/Pipeline->Illuminate/Pipeline/{closure}(Object(Illuminate/Http/Request))
#41 D:/projetos/estudo/loop-lab/vendor/laravel/framework/src/Illuminate/Foundation/Http/Middleware/TrimStrings.php(51): Illuminate/Foundation/Http/Middleware/TransformsRequest->handle(Object(Illuminate/Http/Request), Object(Closure))
#42 D:/projetos/estudo/loop-lab/vendor/laravel/framework/src/Illuminate/Pipeline/Pipeline.php(219): Illuminate/Foundation/Http/Middleware/TrimStrings->handle(Object(Illuminate/Http/Request), Object(Closure))
#43 D:/projetos/estudo/loop-lab/vendor/laravel/framework/src/Illuminate/Http/Middleware/ValidatePostSize.php(27): Illuminate/Pipeline/Pipeline->Illuminate/Pipeline/{closure}(Object(Illuminate/Http/Request))
#44 D:/projetos/estudo/loop-lab/vendor/laravel/framework/src/Illuminate/Pipeline/Pipeline.php(219): Illuminate/Http/Middleware/ValidatePostSize->handle(Object(Illuminate/Http/Request), Object(Closure))
#45 D:/projetos/estudo/loop-lab/vendor/laravel/framework/src/Illuminate/Foundation/Http/Middleware/PreventRequestsDuringMaintenance.php(109): Illuminate/Pipeline/Pipeline->Illuminate/Pipeline/{closure}(Object(Illuminate/Http/Request))
#46 D:/projetos/estudo/loop-lab/vendor/laravel/framework/src/Illuminate/Pipeline/Pipeline.php(219): Illuminate/Foundation/Http/Middleware/PreventRequestsDuringMaintenance->handle(Object(Illuminate/Http/Request), Object(Closure))
#47 D:/projetos/estudo/loop-lab/vendor/laravel/framework/src/Illuminate/Http/Middleware/HandleCors.php(61): Illuminate/Pipeline/Pipeline->Illuminate/Pipeline/{closure}(Object(Illuminate/Http/Request))
#48 D:/projetos/estudo/loop-lab/vendor/laravel/framework/src/Illuminate/Pipeline/Pipeline.php(219): Illuminate/Http/Middleware/HandleCors->handle(Object(Illuminate/Http/Request), Object(Closure))
#49 D:/projetos/estudo/loop-lab/vendor/laravel/framework/src/Illuminate/Http/Middleware/TrustProxies.php(58): Illuminate/Pipeline/Pipeline->Illuminate/Pipeline/{closure}(Object(Illuminate/Http/Request))
#50 D:/projetos/estudo/loop-lab/vendor/laravel/framework/src/Illuminate/Pipeline/Pipeline.php(219): Illuminate/Http/Middleware/TrustProxies->handle(Object(Illuminate/Http/Request), Object(Closure))
#51 D:/projetos/estudo/loop-lab/vendor/laravel/framework/src/Illuminate/Foundation/Http/Middleware/InvokeDeferredCallbacks.php(22): Illuminate/Pipeline/Pipeline->Illuminate/Pipeline/{closure}(Object(Illuminate/Http/Request))
#52 D:/projetos/estudo/loop-lab/vendor/laravel/framework/src/Illuminate/Pipeline/Pipeline.php(219): Illuminate/Foundation/Http/Middleware/InvokeDeferredCallbacks->handle(Object(Illuminate/Http/Request), Object(Closure))
#53 D:/projetos/estudo/loop-lab/vendor/laravel/framework/src/Illuminate/Http/Middleware/ValidatePathEncoding.php(28): Illuminate/Pipeline/Pipeline->Illuminate/Pipeline/{closure}(Object(Illuminate/Http/Request))
#54 D:/projetos/estudo/loop-lab/vendor/laravel/framework/src/Illuminate/Pipeline/Pipeline.php(219): Illuminate/Http/Middleware/ValidatePathEncoding->handle(Object(Illuminate/Http/Request), Object(Closure))
#55 D:/projetos/estudo/loop-lab/vendor/laravel/framework/src/Illuminate/Pipeline/Pipeline.php(137): Illuminate/Pipeline/Pipeline->Illuminate/Pipeline/{closure}(Object(Illuminate/Http/Request))
#56 D:/projetos/estudo/loop-lab/vendor/laravel/framework/src/Illuminate/Foundation/Http/Kernel.php(175): Illuminate/Pipeline/Pipeline->then(Object(Closure))
#57 D:/projetos/estudo/loop-lab/vendor/laravel/framework/src/Illuminate/Foundation/Http/Kernel.php(144): Illuminate/Foundation/Http/Kernel->sendRequestThroughRouter(Object(Illuminate/Http/Request))
#58 D:/projetos/estudo/loop-lab/vendor/laravel/framework/src/Illuminate/Foundation/Testing/Concerns/MakesHttpRequests.php(638): Illuminate/Foundation/Http/Kernel->handle(Object(Illuminate/Http/Request))
#59 D:/projetos/estudo/loop-lab/vendor/laravel/framework/src/Illuminate/Foundation/Testing/Concerns/MakesHttpRequests.php(604): Illuminate/Foundation/Testing/TestCase->call('POST', 'http://localhos...', Array, Array, Array, Array, '{\"code\":\"B\"}')
#60 D:/projetos/estudo/loop-lab/vendor/laravel/framework/src/Illuminate/Foundation/Testing/Concerns/MakesHttpRequests.php(411): Illuminate/Foundation/Testing/TestCase->json('POST', 'http://localhos...', Array, Array, 0)
#61 D:/projetos/estudo/loop-lab/tests/Feature/LearningFlowTest.php(150): Illuminate/Foundation/Testing/TestCase->postJson('http://localhos...', Array)
#62 D:/projetos/estudo/loop-lab/vendor/phpunit/phpunit/src/Framework/TestCase.php(1318): Tests/Feature/LearningFlowTest->test_prediction_exercise_can_be_answered()
#63 D:/projetos/estudo/loop-lab/vendor/phpunit/phpunit/src/Framework/TestCase.php(1355): PHPUnit/Framework/TestCase->invokeTestMethod('test_prediction...', Array)
#64 D:/projetos/estudo/loop-lab/vendor/phpunit/phpunit/src/Framework/TestCase.php(521): PHPUnit/Framework/TestCase->runTest()
#65 D:/projetos/estudo/loop-lab/vendor/phpunit/phpunit/src/Framework/TestRunner/TestRunner.php(99): PHPUnit/Framework/TestCase->runBare()
#66 D:/projetos/estudo/loop-lab/vendor/phpunit/phpunit/src/Framework/TestCase.php(361): PHPUnit/Framework/TestRunner->run(Object(Tests/Feature/LearningFlowTest))
#67 D:/projetos/estudo/loop-lab/vendor/phpunit/phpunit/src/Framework/TestSuite.php(374): PHPUnit/Framework/TestCase->run()
#68 D:/projetos/estudo/loop-lab/vendor/phpunit/phpunit/src/Framework/TestSuite.php(374): PHPUnit/Framework/TestSuite->run()
#69 D:/projetos/estudo/loop-lab/vendor/phpunit/phpunit/src/Framework/TestSuite.php(374): PHPUnit/Framework/TestSuite->run()
#70 D:/projetos/estudo/loop-lab/vendor/phpunit/phpunit/src/TextUI/TestRunner.php(64): PHPUnit/Framework/TestSuite->run()
#71 D:/projetos/estudo/loop-lab/vendor/phpunit/phpunit/src/TextUI/Application.php(229): PHPUnit/TextUI/TestRunner->run(Object(PHPUnit/TextUI/Configuration/Configuration), Object(PHPUnit/Runner/ResultCache/DefaultResultCache), Object(PHPUnit/Framework/TestSuite))
#72 D:/projetos/estudo/loop-lab/vendor/phpunit/phpunit/phpunit(104): PHPUnit/TextUI/Application->run(Array)
#73 {main}

[previous exception] [object] (PDOException(code: HY000): SQLSTATE[HY000]: General error: 1 ambiguous column name: position at D:/projetos/estudo/loop-lab/vendor/laravel/framework/src/Illuminate/Database/Connection.php:435)
[stacktrace]
#0 D:/projetos/estudo/loop-lab/vendor/laravel/framework/src/Illuminate/Database/Connection.php(435): PDO->prepare('select \"lessons...')
#1 D:/projetos/estudo/loop-lab/vendor/laravel/framework/src/Illuminate/Database/Connection.php(846): Illuminate/Database/Connection->Illuminate/Database/{closure}('select \"lessons...', Array)
#2 D:/projetos/estudo/loop-lab/vendor/laravel/framework/src/Illuminate/Database/Connection.php(813): Illuminate/Database/Connection->runQueryCallback('select \"lessons...', Array, Object(Closure))
#3 D:/projetos/estudo/loop-lab/vendor/laravel/framework/src/Illuminate/Database/Connection.php(426): Illuminate/Database/Connection->run('select \"lessons...', Array, Object(Closure))
#4 D:/projetos/estudo/loop-lab/vendor/laravel/framework/src/Illuminate/Database/Query/Builder.php(3573): Illuminate/Database/Connection->select('select \"lessons...', Array, true, Array)
#5 D:/projetos/estudo/loop-lab/vendor/laravel/framework/src/Illuminate/Database/Query/Builder.php(3557): Illuminate/Database/Query/Builder->runSelect()
#6 D:/projetos/estudo/loop-lab/vendor/laravel/framework/src/Illuminate/Database/Eloquent/Builder.php(908): Illuminate/Database/Query/Builder->get(Array)
#7 D:/projetos/estudo/loop-lab/vendor/laravel/framework/src/Illuminate/Database/Eloquent/Builder.php(890): Illuminate/Database/Eloquent/Builder->getModels(Array)
#8 D:/projetos/estudo/loop-lab/vendor/laravel/framework/src/Illuminate/Database/Concerns/BuildsQueries.php(366): Illuminate/Database/Eloquent/Builder->get(Array)
#9 D:/projetos/estudo/loop-lab/app/Services/LearningPathService.php(32): Illuminate/Database/Eloquent/Builder->first()
#10 D:/projetos/estudo/loop-lab/app/Http/Controllers/LearningController.php(71): App/Services/LearningPathService->next(Object(App/Models/Exercise))
#11 D:/projetos/estudo/loop-lab/vendor/laravel/framework/src/Illuminate/Routing/ControllerDispatcher.php(46): App/Http/Controllers/LearningController->validateAnswer(Object(App/Http/Requests/RunCodeRequest), Object(App/Models/Exercise), Object(App/Services/ExerciseValidator), Object(App/Services/LearningPathService))
#12 D:/projetos/estudo/loop-lab/vendor/laravel/framework/src/Illuminate/Routing/Route.php(276): Illuminate/Routing/ControllerDispatcher->dispatch(Object(Illuminate/Routing/Route), Object(App/Http/Controllers/LearningController), 'validateAnswer')
#13 D:/projetos/estudo/loop-lab/vendor/laravel/framework/src/Illuminate/Routing/Route.php(216): Illuminate/Routing/Route->runController()
#14 D:/projetos/estudo/loop-lab/vendor/laravel/framework/src/Illuminate/Routing/Router.php(822): Illuminate/Routing/Route->run()
#15 D:/projetos/estudo/loop-lab/vendor/laravel/framework/src/Illuminate/Pipeline/Pipeline.php(180): Illuminate/Routing/Router->Illuminate/Routing/{closure}(Object(Illuminate/Http/Request))
#16 D:/projetos/estudo/loop-lab/vendor/laravel/framework/src/Illuminate/Routing/Middleware/SubstituteBindings.php(52): Illuminate/Pipeline/Pipeline->Illuminate/Pipeline/{closure}(Object(Illuminate/Http/Request))
#17 D:/projetos/estudo/loop-lab/vendor/laravel/framework/src/Illuminate/Pipeline/Pipeline.php(219): Illuminate/Routing/Middleware/SubstituteBindings->handle(Object(Illuminate/Http/Request), Object(Closure))
#18 D:/projetos/estudo/loop-lab/vendor/laravel/framework/src/Illuminate/Routing/Middleware/ThrottleRequests.php(168): Illuminate/Pipeline/Pipeline->Illuminate/Pipeline/{closure}(Object(Illuminate/Http/Request))
#19 D:/projetos/estudo/loop-lab/vendor/laravel/framework/src/Illuminate/Routing/Middleware/ThrottleRequests.php(93): Illuminate/Routing/Middleware/ThrottleRequests->handleRequest(Object(Illuminate/Http/Request), Object(Closure), Array)
#20 D:/projetos/estudo/loop-lab/vendor/laravel/framework/src/Illuminate/Pipeline/Pipeline.php(219): Illuminate/Routing/Middleware/ThrottleRequests->handle(Object(Illuminate/Http/Request), Object(Closure), '20', '1')
#21 D:/projetos/estudo/loop-lab/vendor/laravel/framework/src/Illuminate/Foundation/Http/Middleware/PreventRequestForgery.php(104): Illuminate/Pipeline/Pipeline->Illuminate/Pipeline/{closure}(Object(Illuminate/Http/Request))
#22 D:/projetos/estudo/loop-lab/vendor/laravel/framework/src/Illuminate/Pipeline/Pipeline.php(219): Illuminate/Foundation/Http/Middleware/PreventRequestForgery->handle(Object(Illuminate/Http/Request), Object(Closure))
#23 D:/projetos/estudo/loop-lab/vendor/laravel/framework/src/Illuminate/View/Middleware/ShareErrorsFromSession.php(48): Illuminate/Pipeline/Pipeline->Illuminate/Pipeline/{closure}(Object(Illuminate/Http/Request))
#24 D:/projetos/estudo/loop-lab/vendor/laravel/framework/src/Illuminate/Pipeline/Pipeline.php(219): Illuminate/View/Middleware/ShareErrorsFromSession->handle(Object(Illuminate/Http/Request), Object(Closure))
#25 D:/projetos/estudo/loop-lab/vendor/laravel/framework/src/Illuminate/Session/Middleware/StartSession.php(120): Illuminate/Pipeline/Pipeline->Illuminate/Pipeline/{closure}(Object(Illuminate/Http/Request))
#26 D:/projetos/estudo/loop-lab/vendor/laravel/framework/src/Illuminate/Session/Middleware/StartSession.php(63): Illuminate/Session/Middleware/StartSession->handleStatefulRequest(Object(Illuminate/Http/Request), Object(Illuminate/Session/Store), Object(Closure))
#27 D:/projetos/estudo/loop-lab/vendor/laravel/framework/src/Illuminate/Pipeline/Pipeline.php(219): Illuminate/Session/Middleware/StartSession->handle(Object(Illuminate/Http/Request), Object(Closure))
#28 D:/projetos/estudo/loop-lab/vendor/laravel/framework/src/Illuminate/Cookie/Middleware/AddQueuedCookiesToResponse.php(36): Illuminate/Pipeline/Pipeline->Illuminate/Pipeline/{closure}(Object(Illuminate/Http/Request))
#29 D:/projetos/estudo/loop-lab/vendor/laravel/framework/src/Illuminate/Pipeline/Pipeline.php(219): Illuminate/Cookie/Middleware/AddQueuedCookiesToResponse->handle(Object(Illuminate/Http/Request), Object(Closure))
#30 D:/projetos/estudo/loop-lab/vendor/laravel/framework/src/Illuminate/Cookie/Middleware/EncryptCookies.php(74): Illuminate/Pipeline/Pipeline->Illuminate/Pipeline/{closure}(Object(Illuminate/Http/Request))
#31 D:/projetos/estudo/loop-lab/vendor/laravel/framework/src/Illuminate/Pipeline/Pipeline.php(219): Illuminate/Cookie/Middleware/EncryptCookies->handle(Object(Illuminate/Http/Request), Object(Closure))
#32 D:/projetos/estudo/loop-lab/vendor/laravel/framework/src/Illuminate/Pipeline/Pipeline.php(137): Illuminate/Pipeline/Pipeline->Illuminate/Pipeline/{closure}(Object(Illuminate/Http/Request))
#33 D:/projetos/estudo/loop-lab/vendor/laravel/framework/src/Illuminate/Routing/Router.php(821): Illuminate/Pipeline/Pipeline->then(Object(Closure))
#34 D:/projetos/estudo/loop-lab/vendor/laravel/framework/src/Illuminate/Routing/Router.php(800): Illuminate/Routing/Router->runRouteWithinStack(Object(Illuminate/Routing/Route), Object(Illuminate/Http/Request))
#35 D:/projetos/estudo/loop-lab/vendor/laravel/framework/src/Illuminate/Routing/Router.php(764): Illuminate/Routing/Router->runRoute(Object(Illuminate/Http/Request), Object(Illuminate/Routing/Route))
#36 D:/projetos/estudo/loop-lab/vendor/laravel/framework/src/Illuminate/Routing/Router.php(753): Illuminate/Routing/Router->dispatchToRoute(Object(Illuminate/Http/Request))
#37 D:/projetos/estudo/loop-lab/vendor/laravel/framework/src/Illuminate/Foundation/Http/Kernel.php(200): Illuminate/Routing/Router->dispatch(Object(Illuminate/Http/Request))
#38 D:/projetos/estudo/loop-lab/vendor/laravel/framework/src/Illuminate/Pipeline/Pipeline.php(180): Illuminate/Foundation/Http/Kernel->Illuminate/Foundation/Http/{closure}(Object(Illuminate/Http/Request))
#39 D:/projetos/estudo/loop-lab/vendor/laravel/framework/src/Illuminate/Foundation/Http/Middleware/TransformsRequest.php(21): Illuminate/Pipeline/Pipeline->Illuminate/Pipeline/{closure}(Object(Illuminate/Http/Request))
#40 D:/projetos/estudo/loop-lab/vendor/laravel/framework/src/Illuminate/Foundation/Http/Middleware/ConvertEmptyStringsToNull.php(31): Illuminate/Foundation/Http/Middleware/TransformsRequest->handle(Object(Illuminate/Http/Request), Object(Closure))
#41 D:/projetos/estudo/loop-lab/vendor/laravel/framework/src/Illuminate/Pipeline/Pipeline.php(219): Illuminate/Foundation/Http/Middleware/ConvertEmptyStringsToNull->handle(Object(Illuminate/Http/Request), Object(Closure))
#42 D:/projetos/estudo/loop-lab/vendor/laravel/framework/src/Illuminate/Foundation/Http/Middleware/TransformsRequest.php(21): Illuminate/Pipeline/Pipeline->Illuminate/Pipeline/{closure}(Object(Illuminate/Http/Request))
#43 D:/projetos/estudo/loop-lab/vendor/laravel/framework/src/Illuminate/Foundation/Http/Middleware/TrimStrings.php(51): Illuminate/Foundation/Http/Middleware/TransformsRequest->handle(Object(Illuminate/Http/Request), Object(Closure))
#44 D:/projetos/estudo/loop-lab/vendor/laravel/framework/src/Illuminate/Pipeline/Pipeline.php(219): Illuminate/Foundation/Http/Middleware/TrimStrings->handle(Object(Illuminate/Http/Request), Object(Closure))
#45 D:/projetos/estudo/loop-lab/vendor/laravel/framework/src/Illuminate/Http/Middleware/ValidatePostSize.php(27): Illuminate/Pipeline/Pipeline->Illuminate/Pipeline/{closure}(Object(Illuminate/Http/Request))
#46 D:/projetos/estudo/loop-lab/vendor/laravel/framework/src/Illuminate/Pipeline/Pipeline.php(219): Illuminate/Http/Middleware/ValidatePostSize->handle(Object(Illuminate/Http/Request), Object(Closure))
#47 D:/projetos/estudo/loop-lab/vendor/laravel/framework/src/Illuminate/Foundation/Http/Middleware/PreventRequestsDuringMaintenance.php(109): Illuminate/Pipeline/Pipeline->Illuminate/Pipeline/{closure}(Object(Illuminate/Http/Request))
#48 D:/projetos/estudo/loop-lab/vendor/laravel/framework/src/Illuminate/Pipeline/Pipeline.php(219): Illuminate/Foundation/Http/Middleware/PreventRequestsDuringMaintenance->handle(Object(Illuminate/Http/Request), Object(Closure))
#49 D:/projetos/estudo/loop-lab/vendor/laravel/framework/src/Illuminate/Http/Middleware/HandleCors.php(61): Illuminate/Pipeline/Pipeline->Illuminate/Pipeline/{closure}(Object(Illuminate/Http/Request))
#50 D:/projetos/estudo/loop-lab/vendor/laravel/framework/src/Illuminate/Pipeline/Pipeline.php(219): Illuminate/Http/Middleware/HandleCors->handle(Object(Illuminate/Http/Request), Object(Closure))
#51 D:/projetos/estudo/loop-lab/vendor/laravel/framework/src/Illuminate/Http/Middleware/TrustProxies.php(58): Illuminate/Pipeline/Pipeline->Illuminate/Pipeline/{closure}(Object(Illuminate/Http/Request))
#52 D:/projetos/estudo/loop-lab/vendor/laravel/framework/src/Illuminate/Pipeline/Pipeline.php(219): Illuminate/Http/Middleware/TrustProxies->handle(Object(Illuminate/Http/Request), Object(Closure))
#53 D:/projetos/estudo/loop-lab/vendor/laravel/framework/src/Illuminate/Foundation/Http/Middleware/InvokeDeferredCallbacks.php(22): Illuminate/Pipeline/Pipeline->Illuminate/Pipeline/{closure}(Object(Illuminate/Http/Request))
#54 D:/projetos/estudo/loop-lab/vendor/laravel/framework/src/Illuminate/Pipeline/Pipeline.php(219): Illuminate/Foundation/Http/Middleware/InvokeDeferredCallbacks->handle(Object(Illuminate/Http/Request), Object(Closure))
#55 D:/projetos/estudo/loop-lab/vendor/laravel/framework/src/Illuminate/Http/Middleware/ValidatePathEncoding.php(28): Illuminate/Pipeline/Pipeline->Illuminate/Pipeline/{closure}(Object(Illuminate/Http/Request))
#56 D:/projetos/estudo/loop-lab/vendor/laravel/framework/src/Illuminate/Pipeline/Pipeline.php(219): Illuminate/Http/Middleware/ValidatePathEncoding->handle(Object(Illuminate/Http/Request), Object(Closure))
#57 D:/projetos/estudo/loop-lab/vendor/laravel/framework/src/Illuminate/Pipeline/Pipeline.php(137): Illuminate/Pipeline/Pipeline->Illuminate/Pipeline/{closure}(Object(Illuminate/Http/Request))
#58 D:/projetos/estudo/loop-lab/vendor/laravel/framework/src/Illuminate/Foundation/Http/Kernel.php(175): Illuminate/Pipeline/Pipeline->then(Object(Closure))
#59 D:/projetos/estudo/loop-lab/vendor/laravel/framework/src/Illuminate/Foundation/Http/Kernel.php(144): Illuminate/Foundation/Http/Kernel->sendRequestThroughRouter(Object(Illuminate/Http/Request))
#60 D:/projetos/estudo/loop-lab/vendor/laravel/framework/src/Illuminate/Foundation/Testing/Concerns/MakesHttpRequests.php(638): Illuminate/Foundation/Http/Kernel->handle(Object(Illuminate/Http/Request))
#61 D:/projetos/estudo/loop-lab/vendor/laravel/framework/src/Illuminate/Foundation/Testing/Concerns/MakesHttpRequests.php(604): Illuminate/Foundation/Testing/TestCase->call('POST', 'http://localhos...', Array, Array, Array, Array, '{\"code\":\"B\"}')
#62 D:/projetos/estudo/loop-lab/vendor/laravel/framework/src/Illuminate/Foundation/Testing/Concerns/MakesHttpRequests.php(411): Illuminate/Foundation/Testing/TestCase->json('POST', 'http://localhos...', Array, Array, 0)
#63 D:/projetos/estudo/loop-lab/tests/Feature/LearningFlowTest.php(150): Illuminate/Foundation/Testing/TestCase->postJson('http://localhos...', Array)
#64 D:/projetos/estudo/loop-lab/vendor/phpunit/phpunit/src/Framework/TestCase.php(1318): Tests/Feature/LearningFlowTest->test_prediction_exercise_can_be_answered()
#65 D:/projetos/estudo/loop-lab/vendor/phpunit/phpunit/src/Framework/TestCase.php(1355): PHPUnit/Framework/TestCase->invokeTestMethod('test_prediction...', Array)
#66 D:/projetos/estudo/loop-lab/vendor/phpunit/phpunit/src/Framework/TestCase.php(521): PHPUnit/Framework/TestCase->runTest()
#67 D:/projetos/estudo/loop-lab/vendor/phpunit/phpunit/src/Framework/TestRunner/TestRunner.php(99): PHPUnit/Framework/TestCase->runBare()
#68 D:/projetos/estudo/loop-lab/vendor/phpunit/phpunit/src/Framework/TestCase.php(361): PHPUnit/Framework/TestRunner->run(Object(Tests/Feature/LearningFlowTest))
#69 D:/projetos/estudo/loop-lab/vendor/phpunit/phpunit/src/Framework/TestSuite.php(374): PHPUnit/Framework/TestCase->run()
#70 D:/projetos/estudo/loop-lab/vendor/phpunit/phpunit/src/Framework/TestSuite.php(374): PHPUnit/Framework/TestSuite->run()
#71 D:/projetos/estudo/loop-lab/vendor/phpunit/phpunit/src/Framework/TestSuite.php(374): PHPUnit/Framework/TestSuite->run()
#72 D:/projetos/estudo/loop-lab/vendor/phpunit/phpunit/src/TextUI/TestRunner.php(64): PHPUnit/Framework/TestSuite->run()
#73 D:/projetos/estudo/loop-lab/vendor/phpunit/phpunit/src/TextUI/Application.php(229): PHPUnit/TextUI/TestRunner->run(Object(PHPUnit/TextUI/Configuration/Configuration), Object(PHPUnit/Runner/ResultCache/DefaultResultCache), Object(PHPUnit/Framework/TestSuite))
#74 D:/projetos/estudo/loop-lab/vendor/phpunit/phpunit/phpunit(104): PHPUnit/TextUI/Application->run(Array)
#75 {main}
"} 
[2026-08-17 14:04:37] testing.ERROR: Banco indisponível {"exception":"[object] (RuntimeException(code: 0): Banco indisponível at D:/projetos/estudo/loop-lab/tests/Feature/LearningFlowTest.php:89)
[stacktrace]
#0 D:/projetos/estudo/loop-lab/vendor/phpunit/phpunit/src/Framework/TestCase.php(1318): Tests/Feature/LearningFlowTest->test_validation_result_survives_a_progress_storage_failure()
#1 D:/projetos/estudo/loop-lab/vendor/phpunit/phpunit/src/Framework/TestCase.php(1355): PHPUnit/Framework/TestCase->invokeTestMethod('test_validation...', Array)
#2 D:/projetos/estudo/loop-lab/vendor/phpunit/phpunit/src/Framework/TestCase.php(521): PHPUnit/Framework/TestCase->runTest()
#3 D:/projetos/estudo/loop-lab/vendor/phpunit/phpunit/src/Framework/TestRunner/TestRunner.php(99): PHPUnit/Framework/TestCase->runBare()
#4 D:/projetos/estudo/loop-lab/vendor/phpunit/phpunit/src/Framework/TestCase.php(361): PHPUnit/Framework/TestRunner->run(Object(Tests/Feature/LearningFlowTest))
#5 D:/projetos/estudo/loop-lab/vendor/phpunit/phpunit/src/Framework/TestSuite.php(374): PHPUnit/Framework/TestCase->run()
#6 D:/projetos/estudo/loop-lab/vendor/phpunit/phpunit/src/Framework/TestSuite.php(374): PHPUnit/Framework/TestSuite->run()
#7 D:/projetos/estudo/loop-lab/vendor/phpunit/phpunit/src/Framework/TestSuite.php(374): PHPUnit/Framework/TestSuite->run()
#8 D:/projetos/estudo/loop-lab/vendor/phpunit/phpunit/src/TextUI/TestRunner.php(64): PHPUnit/Framework/TestSuite->run()
#9 D:/projetos/estudo/loop-lab/vendor/phpunit/phpunit/src/TextUI/Application.php(229): PHPUnit/TextUI/TestRunner->run(Object(PHPUnit/TextUI/Configuration/Configuration), Object(PHPUnit/Runner/ResultCache/DefaultResultCache), Object(PHPUnit/Framework/TestSuite))
#10 D:/projetos/estudo/loop-lab/vendor/phpunit/phpunit/phpunit(104): PHPUnit/TextUI/Application->run(Array)
#11 {main}
"} 
[2026-08-17 16:03:29] testing.ERROR: Banco indisponível {"exception":"[object] (RuntimeException(code: 0): Banco indisponível at D:/projetos/estudo/loop-lab/tests/Feature/LearningFlowTest.php:100)
[stacktrace]
#0 D:/projetos/estudo/loop-lab/vendor/phpunit/phpunit/src/Framework/TestCase.php(1318): Tests/Feature/LearningFlowTest->test_validation_result_survives_a_progress_storage_failure()
#1 D:/projetos/estudo/loop-lab/vendor/phpunit/phpunit/src/Framework/TestCase.php(1355): PHPUnit/Framework/TestCase->invokeTestMethod('test_validation...', Array)
#2 D:/projetos/estudo/loop-lab/vendor/phpunit/phpunit/src/Framework/TestCase.php(521): PHPUnit/Framework/TestCase->runTest()
#3 D:/projetos/estudo/loop-lab/vendor/phpunit/phpunit/src/Framework/TestRunner/TestRunner.php(99): PHPUnit/Framework/TestCase->runBare()
#4 D:/projetos/estudo/loop-lab/vendor/phpunit/phpunit/src/Framework/TestCase.php(361): PHPUnit/Framework/TestRunner->run(Object(Tests/Feature/LearningFlowTest))
#5 D:/projetos/estudo/loop-lab/vendor/phpunit/phpunit/src/Framework/TestSuite.php(374): PHPUnit/Framework/TestCase->run()
#6 D:/projetos/estudo/loop-lab/vendor/phpunit/phpunit/src/Framework/TestSuite.php(374): PHPUnit/Framework/TestSuite->run()
#7 D:/projetos/estudo/loop-lab/vendor/phpunit/phpunit/src/Framework/TestSuite.php(374): PHPUnit/Framework/TestSuite->run()
#8 D:/projetos/estudo/loop-lab/vendor/phpunit/phpunit/src/TextUI/TestRunner.php(64): PHPUnit/Framework/TestSuite->run()
#9 D:/projetos/estudo/loop-lab/vendor/phpunit/phpunit/src/TextUI/Application.php(229): PHPUnit/TextUI/TestRunner->run(Object(PHPUnit/TextUI/Configuration/Configuration), Object(PHPUnit/Runner/ResultCache/DefaultResultCache), Object(PHPUnit/Framework/TestSuite))
#10 D:/projetos/estudo/loop-lab/vendor/phpunit/phpunit/phpunit(104): PHPUnit/TextUI/Application->run(Array)
#11 {main}
"} 
[2026-08-17 16:04:37] testing.ERROR: Banco indisponível {"exception":"[object] (RuntimeException(code: 0): Banco indisponível at D:/projetos/estudo/loop-lab/tests/Feature/LearningFlowTest.php:100)
[stacktrace]
#0 D:/projetos/estudo/loop-lab/vendor/phpunit/phpunit/src/Framework/TestCase.php(1318): Tests/Feature/LearningFlowTest->test_validation_result_survives_a_progress_storage_failure()
#1 D:/projetos/estudo/loop-lab/vendor/phpunit/phpunit/src/Framework/TestCase.php(1355): PHPUnit/Framework/TestCase->invokeTestMethod('test_validation...', Array)
#2 D:/projetos/estudo/loop-lab/vendor/phpunit/phpunit/src/Framework/TestCase.php(521): PHPUnit/Framework/TestCase->runTest()
#3 D:/projetos/estudo/loop-lab/vendor/phpunit/phpunit/src/Framework/TestRunner/TestRunner.php(99): PHPUnit/Framework/TestCase->runBare()
#4 D:/projetos/estudo/loop-lab/vendor/phpunit/phpunit/src/Framework/TestCase.php(361): PHPUnit/Framework/TestRunner->run(Object(Tests/Feature/LearningFlowTest))
#5 D:/projetos/estudo/loop-lab/vendor/phpunit/phpunit/src/Framework/TestSuite.php(374): PHPUnit/Framework/TestCase->run()
#6 D:/projetos/estudo/loop-lab/vendor/phpunit/phpunit/src/Framework/TestSuite.php(374): PHPUnit/Framework/TestSuite->run()
#7 D:/projetos/estudo/loop-lab/vendor/phpunit/phpunit/src/Framework/TestSuite.php(374): PHPUnit/Framework/TestSuite->run()
#8 D:/projetos/estudo/loop-lab/vendor/phpunit/phpunit/src/TextUI/TestRunner.php(64): PHPUnit/Framework/TestSuite->run()
#9 D:/projetos/estudo/loop-lab/vendor/phpunit/phpunit/src/TextUI/Application.php(229): PHPUnit/TextUI/TestRunner->run(Object(PHPUnit/TextUI/Configuration/Configuration), Object(PHPUnit/Runner/ResultCache/DefaultResultCache), Object(PHPUnit/Framework/TestSuite))
#10 D:/projetos/estudo/loop-lab/vendor/phpunit/phpunit/phpunit(104): PHPUnit/TextUI/Application->run(Array)
#11 {main}
"} 
[2026-08-17 16:15:02] testing.ERROR: Banco indisponível {"exception":"[object] (RuntimeException(code: 0): Banco indisponível at D:/projetos/estudo/loop-lab/tests/Feature/LearningFlowTest.php:100)
[stacktrace]
#0 D:/projetos/estudo/loop-lab/vendor/phpunit/phpunit/src/Framework/TestCase.php(1318): Tests/Feature/LearningFlowTest->test_validation_result_survives_a_progress_storage_failure()
#1 D:/projetos/estudo/loop-lab/vendor/phpunit/phpunit/src/Framework/TestCase.php(1355): PHPUnit/Framework/TestCase->invokeTestMethod('test_validation...', Array)
#2 D:/projetos/estudo/loop-lab/vendor/phpunit/phpunit/src/Framework/TestCase.php(521): PHPUnit/Framework/TestCase->runTest()
#3 D:/projetos/estudo/loop-lab/vendor/phpunit/phpunit/src/Framework/TestRunner/TestRunner.php(99): PHPUnit/Framework/TestCase->runBare()
#4 D:/projetos/estudo/loop-lab/vendor/phpunit/phpunit/src/Framework/TestCase.php(361): PHPUnit/Framework/TestRunner->run(Object(Tests/Feature/LearningFlowTest))
#5 D:/projetos/estudo/loop-lab/vendor/phpunit/phpunit/src/Framework/TestSuite.php(374): PHPUnit/Framework/TestCase->run()
#6 D:/projetos/estudo/loop-lab/vendor/phpunit/phpunit/src/Framework/TestSuite.php(374): PHPUnit/Framework/TestSuite->run()
#7 D:/projetos/estudo/loop-lab/vendor/phpunit/phpunit/src/Framework/TestSuite.php(374): PHPUnit/Framework/TestSuite->run()
#8 D:/projetos/estudo/loop-lab/vendor/phpunit/phpunit/src/TextUI/TestRunner.php(64): PHPUnit/Framework/TestSuite->run()
#9 D:/projetos/estudo/loop-lab/vendor/phpunit/phpunit/src/TextUI/Application.php(229): PHPUnit/TextUI/TestRunner->run(Object(PHPUnit/TextUI/Configuration/Configuration), Object(PHPUnit/Runner/ResultCache/DefaultResultCache), Object(PHPUnit/Framework/TestSuite))
#10 D:/projetos/estudo/loop-lab/vendor/phpunit/phpunit/phpunit(104): PHPUnit/TextUI/Application->run(Array)
#11 {main}
"} 
[2026-08-17 16:39:21] testing.ERROR: Banco indisponível {"exception":"[object] (RuntimeException(code: 0): Banco indisponível at D:/projetos/estudo/loop-lab/tests/Feature/LearningFlowTest.php:102)
[stacktrace]
#0 D:/projetos/estudo/loop-lab/vendor/phpunit/phpunit/src/Framework/TestCase.php(1318): Tests/Feature/LearningFlowTest->test_validation_result_survives_a_progress_storage_failure()
#1 D:/projetos/estudo/loop-lab/vendor/phpunit/phpunit/src/Framework/TestCase.php(1355): PHPUnit/Framework/TestCase->invokeTestMethod('test_validation...', Array)
#2 D:/projetos/estudo/loop-lab/vendor/phpunit/phpunit/src/Framework/TestCase.php(521): PHPUnit/Framework/TestCase->runTest()
#3 D:/projetos/estudo/loop-lab/vendor/phpunit/phpunit/src/Framework/TestRunner/TestRunner.php(99): PHPUnit/Framework/TestCase->runBare()
#4 D:/projetos/estudo/loop-lab/vendor/phpunit/phpunit/src/Framework/TestCase.php(361): PHPUnit/Framework/TestRunner->run(Object(Tests/Feature/LearningFlowTest))
#5 D:/projetos/estudo/loop-lab/vendor/phpunit/phpunit/src/Framework/TestSuite.php(374): PHPUnit/Framework/TestCase->run()
#6 D:/projetos/estudo/loop-lab/vendor/phpunit/phpunit/src/Framework/TestSuite.php(374): PHPUnit/Framework/TestSuite->run()
#7 D:/projetos/estudo/loop-lab/vendor/phpunit/phpunit/src/Framework/TestSuite.php(374): PHPUnit/Framework/TestSuite->run()
#8 D:/projetos/estudo/loop-lab/vendor/phpunit/phpunit/src/TextUI/TestRunner.php(64): PHPUnit/Framework/TestSuite->run()
#9 D:/projetos/estudo/loop-lab/vendor/phpunit/phpunit/src/TextUI/Application.php(229): PHPUnit/TextUI/TestRunner->run(Object(PHPUnit/TextUI/Configuration/Configuration), Object(PHPUnit/Runner/ResultCache/DefaultResultCache), Object(PHPUnit/Framework/TestSuite))
#10 D:/projetos/estudo/loop-lab/vendor/phpunit/phpunit/phpunit(104): PHPUnit/TextUI/Application->run(Array)
#11 {main}
"} 
[2026-08-17 16:45:58] testing.ERROR: Banco indisponível {"exception":"[object] (RuntimeException(code: 0): Banco indisponível at D:/projetos/estudo/loop-lab/tests/Feature/LearningFlowTest.php:102)
[stacktrace]
#0 D:/projetos/estudo/loop-lab/vendor/phpunit/phpunit/src/Framework/TestCase.php(1318): Tests/Feature/LearningFlowTest->test_validation_result_survives_a_progress_storage_failure()
#1 D:/projetos/estudo/loop-lab/vendor/phpunit/phpunit/src/Framework/TestCase.php(1355): PHPUnit/Framework/TestCase->invokeTestMethod('test_validation...', Array)
#2 D:/projetos/estudo/loop-lab/vendor/phpunit/phpunit/src/Framework/TestCase.php(521): PHPUnit/Framework/TestCase->runTest()
#3 D:/projetos/estudo/loop-lab/vendor/phpunit/phpunit/src/Framework/TestRunner/TestRunner.php(99): PHPUnit/Framework/TestCase->runBare()
#4 D:/projetos/estudo/loop-lab/vendor/phpunit/phpunit/src/Framework/TestCase.php(361): PHPUnit/Framework/TestRunner->run(Object(Tests/Feature/LearningFlowTest))
#5 D:/projetos/estudo/loop-lab/vendor/phpunit/phpunit/src/Framework/TestSuite.php(374): PHPUnit/Framework/TestCase->run()
#6 D:/projetos/estudo/loop-lab/vendor/phpunit/phpunit/src/Framework/TestSuite.php(374): PHPUnit/Framework/TestSuite->run()
#7 D:/projetos/estudo/loop-lab/vendor/phpunit/phpunit/src/Framework/TestSuite.php(374): PHPUnit/Framework/TestSuite->run()
#8 D:/projetos/estudo/loop-lab/vendor/phpunit/phpunit/src/TextUI/TestRunner.php(64): PHPUnit/Framework/TestSuite->run()
#9 D:/projetos/estudo/loop-lab/vendor/phpunit/phpunit/src/TextUI/Application.php(229): PHPUnit/TextUI/TestRunner->run(Object(PHPUnit/TextUI/Configuration/Configuration), Object(PHPUnit/Runner/ResultCache/DefaultResultCache), Object(PHPUnit/Framework/TestSuite))
#10 D:/projetos/estudo/loop-lab/vendor/phpunit/phpunit/phpunit(104): PHPUnit/TextUI/Application->run(Array)
#11 {main}
"} 
[2026-08-18 10:49:30] testing.ERROR: Banco indisponível {"exception":"[object] (RuntimeException(code: 0): Banco indisponível at D:/projetos/estudo/loop-lab/tests/Feature/LearningFlowTest.php:102)
[stacktrace]
#0 D:/projetos/estudo/loop-lab/vendor/phpunit/phpunit/src/Framework/TestCase.php(1318): Tests/Feature/LearningFlowTest->test_validation_result_survives_a_progress_storage_failure()
#1 D:/projetos/estudo/loop-lab/vendor/phpunit/phpunit/src/Framework/TestCase.php(1355): PHPUnit/Framework/TestCase->invokeTestMethod('test_validation...', Array)
#2 D:/projetos/estudo/loop-lab/vendor/phpunit/phpunit/src/Framework/TestCase.php(521): PHPUnit/Framework/TestCase->runTest()
#3 D:/projetos/estudo/loop-lab/vendor/phpunit/phpunit/src/Framework/TestRunner/TestRunner.php(99): PHPUnit/Framework/TestCase->runBare()
#4 D:/projetos/estudo/loop-lab/vendor/phpunit/phpunit/src/Framework/TestCase.php(361): PHPUnit/Framework/TestRunner->run(Object(Tests/Feature/LearningFlowTest))
#5 D:/projetos/estudo/loop-lab/vendor/phpunit/phpunit/src/Framework/TestSuite.php(374): PHPUnit/Framework/TestCase->run()
#6 D:/projetos/estudo/loop-lab/vendor/phpunit/phpunit/src/Framework/TestSuite.php(374): PHPUnit/Framework/TestSuite->run()
#7 D:/projetos/estudo/loop-lab/vendor/phpunit/phpunit/src/Framework/TestSuite.php(374): PHPUnit/Framework/TestSuite->run()
#8 D:/projetos/estudo/loop-lab/vendor/phpunit/phpunit/src/TextUI/TestRunner.php(64): PHPUnit/Framework/TestSuite->run()
#9 D:/projetos/estudo/loop-lab/vendor/phpunit/phpunit/src/TextUI/Application.php(229): PHPUnit/TextUI/TestRunner->run(Object(PHPUnit/TextUI/Configuration/Configuration), Object(PHPUnit/Runner/ResultCache/DefaultResultCache), Object(PHPUnit/Framework/TestSuite))
#10 D:/projetos/estudo/loop-lab/vendor/phpunit/phpunit/phpunit(104): PHPUnit/TextUI/Application->run(Array)
#11 {main}
"} 
[2026-08-18 10:50:55] testing.ERROR: Banco indisponível {"exception":"[object] (RuntimeException(code: 0): Banco indisponível at D:/projetos/estudo/loop-lab/tests/Feature/LearningFlowTest.php:102)
[stacktrace]
#0 D:/projetos/estudo/loop-lab/vendor/phpunit/phpunit/src/Framework/TestCase.php(1318): Tests/Feature/LearningFlowTest->test_validation_result_survives_a_progress_storage_failure()
#1 D:/projetos/estudo/loop-lab/vendor/phpunit/phpunit/src/Framework/TestCase.php(1355): PHPUnit/Framework/TestCase->invokeTestMethod('test_validation...', Array)
#2 D:/projetos/estudo/loop-lab/vendor/phpunit/phpunit/src/Framework/TestCase.php(521): PHPUnit/Framework/TestCase->runTest()
#3 D:/projetos/estudo/loop-lab/vendor/phpunit/phpunit/src/Framework/TestRunner/TestRunner.php(99): PHPUnit/Framework/TestCase->runBare()
#4 D:/projetos/estudo/loop-lab/vendor/phpunit/phpunit/src/Framework/TestCase.php(361): PHPUnit/Framework/TestRunner->run(Object(Tests/Feature/LearningFlowTest))
#5 D:/projetos/estudo/loop-lab/vendor/phpunit/phpunit/src/Framework/TestSuite.php(374): PHPUnit/Framework/TestCase->run()
#6 D:/projetos/estudo/loop-lab/vendor/phpunit/phpunit/src/Framework/TestSuite.php(374): PHPUnit/Framework/TestSuite->run()
#7 D:/projetos/estudo/loop-lab/vendor/phpunit/phpunit/src/Framework/TestSuite.php(374): PHPUnit/Framework/TestSuite->run()
#8 D:/projetos/estudo/loop-lab/vendor/phpunit/phpunit/src/TextUI/TestRunner.php(64): PHPUnit/Framework/TestSuite->run()
#9 D:/projetos/estudo/loop-lab/vendor/phpunit/phpunit/src/TextUI/Application.php(229): PHPUnit/TextUI/TestRunner->run(Object(PHPUnit/TextUI/Configuration/Configuration), Object(PHPUnit/Runner/ResultCache/DefaultResultCache), Object(PHPUnit/Framework/TestSuite))
#10 D:/projetos/estudo/loop-lab/vendor/phpunit/phpunit/phpunit(104): PHPUnit/TextUI/Application->run(Array)
#11 {main}
"} 
[2026-08-18 11:42:57] testing.ERROR: Banco indisponível {"exception":"[object] (RuntimeException(code: 0): Banco indisponível at D:/projetos/estudo/loop-lab/tests/Feature/LearningFlowTest.php:110)
[stacktrace]
#0 D:/projetos/estudo/loop-lab/vendor/phpunit/phpunit/src/Framework/TestCase.php(1318): Tests/Feature/LearningFlowTest->test_validation_result_survives_a_progress_storage_failure()
#1 D:/projetos/estudo/loop-lab/vendor/phpunit/phpunit/src/Framework/TestCase.php(1355): PHPUnit/Framework/TestCase->invokeTestMethod('test_validation...', Array)
#2 D:/projetos/estudo/loop-lab/vendor/phpunit/phpunit/src/Framework/TestCase.php(521): PHPUnit/Framework/TestCase->runTest()
#3 D:/projetos/estudo/loop-lab/vendor/phpunit/phpunit/src/Framework/TestRunner/TestRunner.php(99): PHPUnit/Framework/TestCase->runBare()
#4 D:/projetos/estudo/loop-lab/vendor/phpunit/phpunit/src/Framework/TestCase.php(361): PHPUnit/Framework/TestRunner->run(Object(Tests/Feature/LearningFlowTest))
#5 D:/projetos/estudo/loop-lab/vendor/phpunit/phpunit/src/Framework/TestSuite.php(374): PHPUnit/Framework/TestCase->run()
#6 D:/projetos/estudo/loop-lab/vendor/phpunit/phpunit/src/Framework/TestSuite.php(374): PHPUnit/Framework/TestSuite->run()
#7 D:/projetos/estudo/loop-lab/vendor/phpunit/phpunit/src/Framework/TestSuite.php(374): PHPUnit/Framework/TestSuite->run()
#8 D:/projetos/estudo/loop-lab/vendor/phpunit/phpunit/src/TextUI/TestRunner.php(64): PHPUnit/Framework/TestSuite->run()
#9 D:/projetos/estudo/loop-lab/vendor/phpunit/phpunit/src/TextUI/Application.php(229): PHPUnit/TextUI/TestRunner->run(Object(PHPUnit/TextUI/Configuration/Configuration), Object(PHPUnit/Runner/ResultCache/DefaultResultCache), Object(PHPUnit/Framework/TestSuite))
#10 D:/projetos/estudo/loop-lab/vendor/phpunit/phpunit/phpunit(104): PHPUnit/TextUI/Application->run(Array)
#11 {main}
"} 
[2026-08-18 12:01:43] testing.ERROR: Banco indisponível {"exception":"[object] (RuntimeException(code: 0): Banco indisponível at D:/projetos/estudo/loop-lab/tests/Feature/LearningFlowTest.php:110)
[stacktrace]
#0 D:/projetos/estudo/loop-lab/vendor/phpunit/phpunit/src/Framework/TestCase.php(1318): Tests/Feature/LearningFlowTest->test_validation_result_survives_a_progress_storage_failure()
#1 D:/projetos/estudo/loop-lab/vendor/phpunit/phpunit/src/Framework/TestCase.php(1355): PHPUnit/Framework/TestCase->invokeTestMethod('test_validation...', Array)
#2 D:/projetos/estudo/loop-lab/vendor/phpunit/phpunit/src/Framework/TestCase.php(521): PHPUnit/Framework/TestCase->runTest()
#3 D:/projetos/estudo/loop-lab/vendor/phpunit/phpunit/src/Framework/TestRunner/TestRunner.php(99): PHPUnit/Framework/TestCase->runBare()
#4 D:/projetos/estudo/loop-lab/vendor/phpunit/phpunit/src/Framework/TestCase.php(361): PHPUnit/Framework/TestRunner->run(Object(Tests/Feature/LearningFlowTest))
#5 D:/projetos/estudo/loop-lab/vendor/phpunit/phpunit/src/Framework/TestSuite.php(374): PHPUnit/Framework/TestCase->run()
#6 D:/projetos/estudo/loop-lab/vendor/phpunit/phpunit/src/Framework/TestSuite.php(374): PHPUnit/Framework/TestSuite->run()
#7 D:/projetos/estudo/loop-lab/vendor/phpunit/phpunit/src/Framework/TestSuite.php(374): PHPUnit/Framework/TestSuite->run()
#8 D:/projetos/estudo/loop-lab/vendor/phpunit/phpunit/src/TextUI/TestRunner.php(64): PHPUnit/Framework/TestSuite->run()
#9 D:/projetos/estudo/loop-lab/vendor/phpunit/phpunit/src/TextUI/Application.php(229): PHPUnit/TextUI/TestRunner->run(Object(PHPUnit/TextUI/Configuration/Configuration), Object(PHPUnit/Runner/ResultCache/DefaultResultCache), Object(PHPUnit/Framework/TestSuite))
#10 D:/projetos/estudo/loop-lab/vendor/phpunit/phpunit/phpunit(104): PHPUnit/TextUI/Application->run(Array)
#11 {main}
"} 
